{
  "name": "fabric-network",
  "description": "Generated network configuration file",
  "version": "0.1",
  "client": {
    "organization": "bc2.henriport.com",
    "credentialStore": {
      "path": "/tmp/hfc-kvs",
      "cryptoStore": {
        "path": "/tmp/hfc-cvs"
      },
      "wallet": "wallet-name"
    }
  },
  "organizations": {
    "bc1.henriport.com": {
      "mspid": "bc1-henriport-com",
      "peers": [
        "p1.bc1.henriport.com"
      ],
      "users": {
        "Admin": {
          "cert": "/keyfiles/peerOrganizations/bc1.henriport.com/users/Admin@bc1.henriport.com/msp/signcerts/Admin@bc1.henriport.com-cert.pem",
          "private_key": "/keyfiles/peerOrganizations/bc1.henriport.com/users/Admin@bc1.henriport.com/msp/keystore/priv_sk"
        }
      }
    },
    "bc2.henriport.com": {
      "mspid": "bc2-henriport-com",
      "peers": [
        "p1.bc2.henriport.com"
      ],
      "users": {
        "Admin": {
          "cert": "/keyfiles/peerOrganizations/bc2.henriport.com/users/Admin@bc2.henriport.com/msp/signcerts/Admin@bc2.henriport.com-cert.pem",
          "private_key": "/keyfiles/peerOrganizations/bc2.henriport.com/users/Admin@bc2.henriport.com/msp/keystore/priv_sk"
        }
      }
    },
    "henriport.com": {
      "mspid": "henriport-com",
      "orderers": [
        "orderer1.henriport.com"
      ],
      "users": {
        "Admin": {
          "cert": "/keyfiles/ordererOrganizations/henriport.com/users/Admin@henriport.com/msp/signcerts/Admin@henriport.com-cert.pem",
          "private_key": "/keyfiles/ordererOrganizations/henriport.com/users/Admin@henriport.com/msp/keystore/priv_sk"
        }
      }
    }
  },
  "orderers": {
    "orderer1.henriport.com": {
      "url": "192.168.112.132:7004",
      "grpcOptions": {
        "grpc.ssl_target_name_override": "orderer1.henriport.com",
        "grpc-max-send-message-length": 15
      },
      "tlsCACerts": {
        "path": "/keyfiles/ordererOrganizations/henriport.com/orderers/orderer1.henriport.com/tls/ca.crt"
      }
    }
  },
  "peers": {
    "p1.bc1.henriport.com": {
      "url": "192.168.112.132:7002",
      "grpcOptions": {
        "grpc.ssl_target_name_override": "p1.bc1.henriport.com",
        "grpc-max-send-message-length": 15
      },
      "tlsCACerts": {
        "path": "/keyfiles/peerOrganizations/bc1.henriport.com/peers/p1.bc1.henriport.com/tls/ca.crt"
      }
    },
    "p1.bc2.henriport.com": {
      "url": "192.168.112.132:7003",
      "grpcOptions": {
        "grpc.ssl_target_name_override": "p1.bc2.henriport.com",
        "grpc-max-send-message-length": 15
      },
      "tlsCACerts": {
        "path": "/keyfiles/peerOrganizations/bc2.henriport.com/peers/p1.bc2.henriport.com/tls/ca.crt"
      }
    }
  },
  "certificateAuthorities": {
    "ca.bc1.henriport.com": {
      "url": "https://192.168.112.132:7000",
      "tlsCACerts": {
        "path": "/keyfiles/peerOrganizations/bc1.henriport.com/ca/ca.bc1.henriport.com-cert.pem"
      },
      "httpOptions": { "verify": "false" },
      "caName": "ca",
      "registrar": { "enrollId": "admin", "enrollSecret": "adminpw" }
    },
    "ca.bc2.henriport.com": {
      "url": "https://192.168.112.132:7001",
      "tlsCACerts": {
        "path": "/keyfiles/peerOrganizations/bc2.henriport.com/ca/ca.bc2.henriport.com-cert.pem"
      },
      "httpOptions": { "verify": "false" },
      "caName": "ca",
      "registrar": { "enrollId": "admin", "enrollSecret": "adminpw" }
    }
  }
}
