/*
 Navicat Premium Data Transfer

 Source Server         : local
 Source Server Type    : MySQL
 Source Server Version : 80023
 Source Host           : localhost:3306
 Source Schema         : he_contract

 Target Server Type    : MySQL
 Target Server Version : 80023
 File Encoding         : 65001

 Date: 09/05/2022 21:40:29
*/

SET NAMES utf8mb4;
SET FOREIGN_KEY_CHECKS = 0;

-- ----------------------------
-- Table structure for gen_table
-- ----------------------------
DROP TABLE IF EXISTS `gen_table`;
CREATE TABLE `gen_table`  (
  `table_id` bigint NOT NULL AUTO_INCREMENT COMMENT '编号',
  `table_name` varchar(200) CHARACTER SET utf8 COLLATE utf8_general_ci NULL DEFAULT '' COMMENT '表名称',
  `table_comment` varchar(500) CHARACTER SET utf8 COLLATE utf8_general_ci NULL DEFAULT '' COMMENT '表描述',
  `sub_table_name` varchar(64) CHARACTER SET utf8 COLLATE utf8_general_ci NULL DEFAULT NULL COMMENT '关联子表的表名',
  `sub_table_fk_name` varchar(64) CHARACTER SET utf8 COLLATE utf8_general_ci NULL DEFAULT NULL COMMENT '子表关联的外键名',
  `class_name` varchar(100) CHARACTER SET utf8 COLLATE utf8_general_ci NULL DEFAULT '' COMMENT '实体类名称',
  `tpl_category` varchar(200) CHARACTER SET utf8 COLLATE utf8_general_ci NULL DEFAULT 'crud' COMMENT '使用的模板（crud单表操作 tree树表操作）',
  `package_name` varchar(100) CHARACTER SET utf8 COLLATE utf8_general_ci NULL DEFAULT NULL COMMENT '生成包路径',
  `module_name` varchar(30) CHARACTER SET utf8 COLLATE utf8_general_ci NULL DEFAULT NULL COMMENT '生成模块名',
  `business_name` varchar(30) CHARACTER SET utf8 COLLATE utf8_general_ci NULL DEFAULT NULL COMMENT '生成业务名',
  `function_name` varchar(50) CHARACTER SET utf8 COLLATE utf8_general_ci NULL DEFAULT NULL COMMENT '生成功能名',
  `function_author` varchar(50) CHARACTER SET utf8 COLLATE utf8_general_ci NULL DEFAULT NULL COMMENT '生成功能作者',
  `gen_type` char(1) CHARACTER SET utf8 COLLATE utf8_general_ci NULL DEFAULT '0' COMMENT '生成代码方式（0zip压缩包 1自定义路径）',
  `gen_path` varchar(200) CHARACTER SET utf8 COLLATE utf8_general_ci NULL DEFAULT '/' COMMENT '生成路径（不填默认项目路径）',
  `options` varchar(1000) CHARACTER SET utf8 COLLATE utf8_general_ci NULL DEFAULT NULL COMMENT '其它生成选项',
  `create_by` varchar(64) CHARACTER SET utf8 COLLATE utf8_general_ci NULL DEFAULT '' COMMENT '创建者',
  `create_time` datetime NULL DEFAULT NULL COMMENT '创建时间',
  `update_by` varchar(64) CHARACTER SET utf8 COLLATE utf8_general_ci NULL DEFAULT '' COMMENT '更新者',
  `update_time` datetime NULL DEFAULT NULL COMMENT '更新时间',
  `remark` varchar(500) CHARACTER SET utf8 COLLATE utf8_general_ci NULL DEFAULT NULL COMMENT '备注',
  PRIMARY KEY (`table_id`) USING BTREE
) ENGINE = InnoDB AUTO_INCREMENT = 24 CHARACTER SET = utf8 COLLATE = utf8_general_ci COMMENT = '代码生成业务表' ROW_FORMAT = Dynamic;

-- ----------------------------
-- Records of gen_table
-- ----------------------------
INSERT INTO `gen_table` VALUES (20, 'he_contract', '电子合同表', NULL, NULL, 'HeContract', 'crud', 'com.ruoyi.system', 'system', 'contract', '电子合同管理', 'henriport', '0', '/', '{\"treeCode\":null,\"treeName\":null,\"treeParentCode\":null,\"parentMenuId\":\"1\"}', 'admin', '2021-10-18 15:07:11', 'admin', '2021-11-11 12:52:22', NULL);
INSERT INTO `gen_table` VALUES (21, 'he_contract_template', '电子合同模板表', NULL, NULL, 'HeContractTemplate', 'crud', 'com.ruoyi.system', 'system', 'contractTemplate', '电子合同模板管理', 'henriport', '0', '/', '{\"treeCode\":null,\"treeName\":null,\"treeParentCode\":null,\"parentMenuId\":1}', 'admin', '2021-10-18 15:07:11', 'admin', '2021-10-18 15:12:56', NULL);
INSERT INTO `gen_table` VALUES (22, 'he_contract_type', '电子合同类型表', NULL, NULL, 'HeContractType', 'crud', 'com.ruoyi.system', 'system', 'contractType', '电子合同类型', 'henriport', '0', '/', '{\"treeCode\":null,\"treeName\":null,\"treeParentCode\":null,\"parentMenuId\":1}', 'admin', '2021-10-18 15:07:11', 'admin', '2021-10-18 15:13:16', NULL);
INSERT INTO `gen_table` VALUES (23, 'he_seal', '印章表', NULL, NULL, 'HeSeal', 'crud', 'com.ruoyi.system', 'system', 'seal', '印章管理', 'henriport', '0', '/', '{\"treeCode\":null,\"treeName\":null,\"treeParentCode\":null,\"parentMenuId\":1}', 'admin', '2021-10-18 15:07:11', 'admin', '2021-10-18 15:14:05', NULL);
INSERT INTO `gen_table` VALUES (24, 'he_user_info', '', NULL, NULL, 'HeUserInfo', 'crud', 'com.ruoyi.system', 'system', 'userInfo', '', 'ruoyi', '0', '/', NULL, 'admin', '2021-11-11 12:51:22', 'admin', '2021-11-11 12:51:22', NULL);

-- ----------------------------
-- Table structure for gen_table_column
-- ----------------------------
DROP TABLE IF EXISTS `gen_table_column`;
CREATE TABLE `gen_table_column`  (
  `column_id` bigint NOT NULL AUTO_INCREMENT COMMENT '编号',
  `table_id` varchar(64) CHARACTER SET utf8 COLLATE utf8_general_ci NULL DEFAULT NULL COMMENT '归属表编号',
  `column_name` varchar(200) CHARACTER SET utf8 COLLATE utf8_general_ci NULL DEFAULT NULL COMMENT '列名称',
  `column_comment` varchar(500) CHARACTER SET utf8 COLLATE utf8_general_ci NULL DEFAULT NULL COMMENT '列描述',
  `column_type` varchar(100) CHARACTER SET utf8 COLLATE utf8_general_ci NULL DEFAULT NULL COMMENT '列类型',
  `java_type` varchar(500) CHARACTER SET utf8 COLLATE utf8_general_ci NULL DEFAULT NULL COMMENT 'JAVA类型',
  `java_field` varchar(200) CHARACTER SET utf8 COLLATE utf8_general_ci NULL DEFAULT NULL COMMENT 'JAVA字段名',
  `is_pk` char(1) CHARACTER SET utf8 COLLATE utf8_general_ci NULL DEFAULT NULL COMMENT '是否主键（1是）',
  `is_increment` char(1) CHARACTER SET utf8 COLLATE utf8_general_ci NULL DEFAULT NULL COMMENT '是否自增（1是）',
  `is_required` char(1) CHARACTER SET utf8 COLLATE utf8_general_ci NULL DEFAULT NULL COMMENT '是否必填（1是）',
  `is_insert` char(1) CHARACTER SET utf8 COLLATE utf8_general_ci NULL DEFAULT NULL COMMENT '是否为插入字段（1是）',
  `is_edit` char(1) CHARACTER SET utf8 COLLATE utf8_general_ci NULL DEFAULT NULL COMMENT '是否编辑字段（1是）',
  `is_list` char(1) CHARACTER SET utf8 COLLATE utf8_general_ci NULL DEFAULT NULL COMMENT '是否列表字段（1是）',
  `is_query` char(1) CHARACTER SET utf8 COLLATE utf8_general_ci NULL DEFAULT NULL COMMENT '是否查询字段（1是）',
  `query_type` varchar(200) CHARACTER SET utf8 COLLATE utf8_general_ci NULL DEFAULT 'EQ' COMMENT '查询方式（等于、不等于、大于、小于、范围）',
  `html_type` varchar(200) CHARACTER SET utf8 COLLATE utf8_general_ci NULL DEFAULT NULL COMMENT '显示类型（文本框、文本域、下拉框、复选框、单选框、日期控件）',
  `dict_type` varchar(200) CHARACTER SET utf8 COLLATE utf8_general_ci NULL DEFAULT '' COMMENT '字典类型',
  `sort` int NULL DEFAULT NULL COMMENT '排序',
  `create_by` varchar(64) CHARACTER SET utf8 COLLATE utf8_general_ci NULL DEFAULT '' COMMENT '创建者',
  `create_time` datetime NULL DEFAULT NULL COMMENT '创建时间',
  `update_by` varchar(64) CHARACTER SET utf8 COLLATE utf8_general_ci NULL DEFAULT '' COMMENT '更新者',
  `update_time` datetime NULL DEFAULT NULL COMMENT '更新时间',
  PRIMARY KEY (`column_id`) USING BTREE
) ENGINE = InnoDB AUTO_INCREMENT = 164 CHARACTER SET = utf8 COLLATE = utf8_general_ci COMMENT = '代码生成业务表字段' ROW_FORMAT = Dynamic;

-- ----------------------------
-- Records of gen_table_column
-- ----------------------------
INSERT INTO `gen_table_column` VALUES (129, '20', 'id', 'id', 'bigint', 'Long', 'id', '1', '1', '1', '1', '1', '1', '1', 'EQ', 'input', '', 1, 'admin', '2021-10-18 15:07:11', 'admin', '2021-11-11 12:52:22');
INSERT INTO `gen_table_column` VALUES (130, '20', 'title', '合同标题', 'varchar(32)', 'String', 'title', '0', '0', '1', '1', '1', '1', '1', 'EQ', 'input', '', 2, 'admin', '2021-10-18 15:07:11', 'admin', '2021-11-11 12:52:22');
INSERT INTO `gen_table_column` VALUES (131, '20', 'description', '合同描述', 'text', 'String', 'description', '0', '0', '1', '1', '1', '1', '1', 'EQ', 'textarea', '', 3, 'admin', '2021-10-18 15:07:11', 'admin', '2021-11-11 12:52:22');
INSERT INTO `gen_table_column` VALUES (132, '20', 'type', '合同类别', 'varchar(16)', 'String', 'type', '0', '0', '1', '1', '1', '1', '1', 'EQ', 'select', '', 4, 'admin', '2021-10-18 15:07:11', 'admin', '2021-11-11 12:52:22');
INSERT INTO `gen_table_column` VALUES (133, '20', 'belong', '归属于', 'bigint', 'Long', 'belong', '0', '0', '1', '1', '1', '1', '1', 'EQ', 'input', '', 5, 'admin', '2021-10-18 15:07:11', 'admin', '2021-11-11 12:52:22');
INSERT INTO `gen_table_column` VALUES (134, '20', 'oss_url', 'oss存储路径', 'text', 'String', 'ossUrl', '0', '0', '1', '1', '1', '1', '1', 'EQ', 'textarea', '', 6, 'admin', '2021-10-18 15:07:11', 'admin', '2021-11-11 12:52:22');
INSERT INTO `gen_table_column` VALUES (135, '20', 'ipfs_hash', 'ipfs链路径', 'text', 'String', 'ipfsHash', '0', '0', '1', '1', '1', '1', '1', 'EQ', 'textarea', '', 7, 'admin', '2021-10-18 15:07:11', 'admin', '2021-11-11 12:52:22');
INSERT INTO `gen_table_column` VALUES (136, '20', 'is_link', '是否入链', 'bit(1)', 'Integer', 'isLink', '0', '0', '1', '1', '1', '1', '1', 'EQ', 'input', '', 8, 'admin', '2021-10-18 15:07:11', 'admin', '2021-11-11 12:52:22');
INSERT INTO `gen_table_column` VALUES (137, '20', 'is_delete', '是否删除', 'bit(1)', 'Integer', 'isDelete', '0', '0', '1', '1', '1', '1', '1', 'EQ', 'input', '', 9, 'admin', '2021-10-18 15:07:11', 'admin', '2021-11-11 12:52:22');
INSERT INTO `gen_table_column` VALUES (138, '20', 'state', '审核状态（0:未申请,1:未审核,2:通过,3:未通过）', 'char(1)', 'String', 'state', '0', '0', '1', '1', '1', '1', '1', 'EQ', 'input', '', 10, 'admin', '2021-10-18 15:07:11', 'admin', '2021-11-11 12:52:22');
INSERT INTO `gen_table_column` VALUES (139, '20', 'create_time', '创建时间', 'timestamp', 'Date', 'createTime', '0', '0', NULL, NULL, NULL, NULL, NULL, 'EQ', 'datetime', '', 11, 'admin', '2021-10-18 15:07:11', 'admin', '2021-11-11 12:52:22');
INSERT INTO `gen_table_column` VALUES (140, '20', 'update_time', '更新时间', 'timestamp', 'Date', 'updateTime', '0', '0', NULL, NULL, NULL, NULL, NULL, 'EQ', 'datetime', '', 12, 'admin', '2021-10-18 15:07:11', 'admin', '2021-11-11 12:52:22');
INSERT INTO `gen_table_column` VALUES (141, '21', 'id', 'id', 'bigint', 'Long', 'id', '1', '1', '1', '1', '1', '1', '1', 'EQ', 'input', '', 1, 'admin', '2021-10-18 15:07:11', 'admin', '2021-10-18 15:12:56');
INSERT INTO `gen_table_column` VALUES (142, '21', 'title', '模板标题', 'varchar(32)', 'String', 'title', '0', '0', '1', '1', '1', '1', '1', 'EQ', 'input', '', 2, 'admin', '2021-10-18 15:07:11', 'admin', '2021-10-18 15:12:56');
INSERT INTO `gen_table_column` VALUES (143, '21', 'oss_url', 'oss存储路径', 'text', 'String', 'ossUrl', '0', '0', '1', '1', '1', '1', '1', 'EQ', 'textarea', '', 3, 'admin', '2021-10-18 15:07:11', 'admin', '2021-10-18 15:12:56');
INSERT INTO `gen_table_column` VALUES (144, '21', 'description', '模板描述', 'text', 'String', 'description', '0', '0', '1', '1', '1', '1', '1', 'EQ', 'textarea', '', 4, 'admin', '2021-10-18 15:07:11', 'admin', '2021-10-18 15:12:56');
INSERT INTO `gen_table_column` VALUES (145, '21', 'type', '模板类别', 'varchar(16)', 'String', 'type', '0', '0', '1', '1', '1', '1', '1', 'EQ', 'select', '', 5, 'admin', '2021-10-18 15:07:11', 'admin', '2021-10-18 15:12:56');
INSERT INTO `gen_table_column` VALUES (146, '21', 'is_delete', '是否删除', 'bit(1)', 'Integer', 'isDelete', '0', '0', '1', '1', '1', '1', '1', 'EQ', 'input', '', 6, 'admin', '2021-10-18 15:07:11', 'admin', '2021-10-18 15:12:56');
INSERT INTO `gen_table_column` VALUES (147, '21', 'create_time', '创建时间', 'timestamp', 'Date', 'createTime', '0', '0', NULL, NULL, NULL, NULL, NULL, 'EQ', 'datetime', '', 7, 'admin', '2021-10-18 15:07:11', 'admin', '2021-10-18 15:12:56');
INSERT INTO `gen_table_column` VALUES (148, '21', 'update_time', '更新时间', 'timestamp', 'Date', 'updateTime', '0', '0', NULL, NULL, NULL, NULL, NULL, 'EQ', 'datetime', '', 8, 'admin', '2021-10-18 15:07:11', 'admin', '2021-10-18 15:12:56');
INSERT INTO `gen_table_column` VALUES (149, '22', 'id', 'id', 'int', 'Long', 'id', '1', '1', '1', '1', '1', '1', '1', 'EQ', 'input', '', 1, 'admin', '2021-10-18 15:07:11', 'admin', '2021-10-18 15:13:16');
INSERT INTO `gen_table_column` VALUES (150, '22', 'type', '合同类型', 'varchar(16)', 'String', 'type', '0', '0', '1', '1', '1', '1', '1', 'EQ', 'select', '', 2, 'admin', '2021-10-18 15:07:11', 'admin', '2021-10-18 15:13:16');
INSERT INTO `gen_table_column` VALUES (151, '23', 'id', 'id', 'int', 'Long', 'id', '1', '1', '1', '1', '1', '1', '1', 'EQ', 'input', '', 1, 'admin', '2021-10-18 15:07:11', 'admin', '2021-10-18 15:14:05');
INSERT INTO `gen_table_column` VALUES (152, '23', 'title', '印章标题', 'varchar(32)', 'String', 'title', '0', '0', '1', '1', '1', '1', '1', 'EQ', 'input', '', 2, 'admin', '2021-10-18 15:07:11', 'admin', '2021-10-18 15:14:05');
INSERT INTO `gen_table_column` VALUES (153, '23', 'oss_url', 'oss存储路径', 'text', 'String', 'ossUrl', '0', '0', '1', '1', '1', '1', '1', 'EQ', 'textarea', '', 3, 'admin', '2021-10-18 15:07:11', 'admin', '2021-10-18 15:14:05');
INSERT INTO `gen_table_column` VALUES (154, '23', 'ipfs_hash', 'ipfs链路径', 'text', 'String', 'ipfsHash', '0', '0', '1', '1', '1', '1', '1', 'EQ', 'textarea', '', 4, 'admin', '2021-10-18 15:07:11', 'admin', '2021-10-18 15:14:05');
INSERT INTO `gen_table_column` VALUES (155, '23', 'belong', '归属于', 'bigint', 'Long', 'belong', '0', '0', '1', '1', '1', '1', '1', 'EQ', 'input', '', 5, 'admin', '2021-10-18 15:07:11', 'admin', '2021-10-18 15:14:05');
INSERT INTO `gen_table_column` VALUES (156, '23', 'is_link', '是否入链', 'bit(1)', 'Integer', 'isLink', '0', '0', '1', '1', '1', '1', '1', 'EQ', 'input', '', 6, 'admin', '2021-10-18 15:07:11', 'admin', '2021-10-18 15:14:05');
INSERT INTO `gen_table_column` VALUES (157, '23', 'is_delete', '是否删除', 'bit(1)', 'Integer', 'isDelete', '0', '0', '1', '1', '1', '1', '1', 'EQ', 'input', '', 7, 'admin', '2021-10-18 15:07:11', 'admin', '2021-10-18 15:14:05');
INSERT INTO `gen_table_column` VALUES (158, '23', 'state', '审核状态（0:未申请,1:未审核,2:通过,3:未通过）', 'char(1)', 'String', 'state', '0', '0', '1', '1', '1', '1', '1', 'EQ', 'input', '', 8, 'admin', '2021-10-18 15:07:11', 'admin', '2021-10-18 15:14:05');
INSERT INTO `gen_table_column` VALUES (159, '23', 'create_time', '创建时间', 'timestamp', 'Date', 'createTime', '0', '0', NULL, NULL, NULL, NULL, NULL, 'EQ', 'datetime', '', 9, 'admin', '2021-10-18 15:07:11', 'admin', '2021-10-18 15:14:05');
INSERT INTO `gen_table_column` VALUES (160, '23', 'update_time', '更新时间', 'timestamp', 'Date', 'updateTime', '0', '0', NULL, NULL, NULL, NULL, NULL, 'EQ', 'datetime', '', 10, 'admin', '2021-10-18 15:07:11', 'admin', '2021-10-18 15:14:05');
INSERT INTO `gen_table_column` VALUES (161, '24', 'id', '', 'bigint', 'Long', 'id', '1', '1', '1', NULL, '1', NULL, NULL, 'EQ', 'input', '', 1, 'admin', '2021-11-11 12:51:22', 'admin', '2021-11-11 12:51:22');
INSERT INTO `gen_table_column` VALUES (162, '24', 'real_name', '真实姓名', 'varchar(8)', 'String', 'realName', '0', '0', '1', '1', '1', '1', '1', 'LIKE', 'input', '', 2, 'admin', '2021-11-11 12:51:22', 'admin', '2021-11-11 12:51:22');
INSERT INTO `gen_table_column` VALUES (163, '24', 'belong', '详细信息属于哪个用户', 'bigint', 'Long', 'belong', '0', '0', '1', '1', '1', '1', '1', 'EQ', 'input', '', 3, 'admin', '2021-11-11 12:51:22', 'admin', '2021-11-11 12:51:22');
INSERT INTO `gen_table_column` VALUES (164, '24', 'id_card', '身份证号', 'char(18)', 'String', 'idCard', '0', '0', '1', '1', '1', '1', '1', 'EQ', 'input', '', 4, 'admin', '2021-11-11 12:51:22', 'admin', '2021-11-11 12:51:22');

-- ----------------------------
-- Table structure for he_contract
-- ----------------------------
DROP TABLE IF EXISTS `he_contract`;
CREATE TABLE `he_contract`  (
  `id` bigint NOT NULL AUTO_INCREMENT,
  `title` varchar(32) CHARACTER SET utf8 COLLATE utf8_general_ci NULL DEFAULT NULL COMMENT '合同标题',
  `description` text CHARACTER SET utf8 COLLATE utf8_general_ci NULL COMMENT '合同描述',
  `type` varchar(16) CHARACTER SET utf8 COLLATE utf8_general_ci NULL DEFAULT NULL COMMENT '合同类别',
  `belong` bigint NULL DEFAULT NULL COMMENT '归属于',
  `oss_url` text CHARACTER SET utf8 COLLATE utf8_general_ci NULL COMMENT 'oss存储路径',
  `ipfs_hash` text CHARACTER SET utf8 COLLATE utf8_general_ci NULL COMMENT 'ipfs链路径',
  `is_link` bit(1) NULL DEFAULT NULL COMMENT '是否入链',
  `is_delete` bit(1) NULL DEFAULT NULL COMMENT '是否删除',
  `state` char(1) CHARACTER SET utf8 COLLATE utf8_general_ci NULL DEFAULT NULL COMMENT '审核状态（0:未申请,1:未审核,2:通过,3:未通过）',
  `create_time` timestamp NULL DEFAULT NULL COMMENT '创建时间',
  `update_time` timestamp NULL DEFAULT NULL COMMENT '更新时间',
  PRIMARY KEY (`id`) USING BTREE,
  INDEX `type`(`type`) USING BTREE,
  INDEX `belong`(`belong`) USING BTREE,
  CONSTRAINT `he_contract_ibfk_1` FOREIGN KEY (`type`) REFERENCES `he_contract_type` (`type`) ON DELETE CASCADE ON UPDATE CASCADE,
  CONSTRAINT `he_contract_ibfk_2` FOREIGN KEY (`belong`) REFERENCES `sys_user` (`user_id`) ON DELETE CASCADE ON UPDATE CASCADE
) ENGINE = InnoDB AUTO_INCREMENT = 13 CHARACTER SET = utf8 COLLATE = utf8_general_ci COMMENT = '电子合同表' ROW_FORMAT = Dynamic;

-- ----------------------------
-- Records of he_contract
-- ----------------------------
INSERT INTO `he_contract` VALUES (4, '音乐著作权授权使用协议-知识产权', '音乐著作权授权使用协议-知识产权', '知识产权', 1, 'https://he-contract.oss-cn-guangzhou.aliyuncs.com/2021/11/18/5000ae7a73584df7bd686f3d41d8a106.pdf', 'QmPDWtLfpMu15oMC668K1rBGB9FgS2XeuTQsg1t58v7GGR', b'1', b'0', '2', '2021-10-24 18:54:48', '2021-11-21 16:00:51');
INSERT INTO `he_contract` VALUES (6, '保密协议', '保密协议', '知识产权', 1, 'https://he-contract.oss-cn-guangzhou.aliyuncs.com/2021/11/20/f2c3b121809d4940b4dc50f4378a7fb7.pdf', 'QmSnkULy53qegGgyUcBiJqixKFka6ndaRBPiR2hRzgCFMH', b'1', b'0', '2', '2021-11-03 17:13:51', '2021-11-20 20:00:05');
INSERT INTO `he_contract` VALUES (8, '保密协议 测试', '保密协议 测试', '租房', 1, 'https://he-contract.oss-cn-guangzhou.aliyuncs.com/2021/11/19/a487ed784af3495c8d6936d6dcd31b1d.pdf', 'Qmf944BZnXhXE8ZaFnwfxbEvhZ3MGQ5u63pb4tmp2g6AQp', b'1', b'0', '2', '2021-11-19 22:19:39', '2021-11-20 20:11:54');
INSERT INTO `he_contract` VALUES (9, '保密协议 测试 不审核', '保密协议 测试 不审核', '知识产权', 1, 'https://he-contract.oss-cn-guangzhou.aliyuncs.com/2021/11/28/ad2859ba1f4e4ab6814a859857aa358e.pdf', 'djqowjdoiq', b'0', b'0', '1', '2021-11-28 00:07:18', '2021-12-04 17:37:43');
INSERT INTO `he_contract` VALUES (10, '大学生单位实习劳动合同', '大学生单位实习劳动合同', '劳动人事', 1, 'https://he-contract.oss-cn-guangzhou.aliyuncs.com/2021/12/04/382c25e5b1ce4b569f46a54bd8b885c6.pdf', 'QmaiGwskYk3KEBNmeop7Fxma217ya196mwEZRA2T8hrkPf', b'1', b'0', '2', '2021-12-04 17:38:34', '2021-12-04 17:38:34');
INSERT INTO `he_contract` VALUES (11, '公司股份合作协议书范本', '公司股份合作协议书范本', '知识产权', 1, 'https://he-contract.oss-cn-guangzhou.aliyuncs.com/2021/12/04/831970a4691d4cab8e577f5586f9bffe.pdf', 'QmUNtdMPYv6E6WdoaGZmVzD7GJkGWcvKhSyX6E7s9SxmvZ', b'1', b'0', '2', '2021-12-04 17:39:01', '2021-12-04 17:39:01');
INSERT INTO `he_contract` VALUES (12, '技术开发', '技术开发', '知识产权', 1, 'https://he-contract.oss-cn-guangzhou.aliyuncs.com/2021/12/04/4d9f59ba0b8541148e97845fc208cf83.pdf', 'QmarNduT6dtqBSwiADmiYvDpETfnD1MqdCq5xisVEEBCwL', b'1', b'0', '2', '2021-12-04 17:59:19', '2021-12-04 17:59:19');
INSERT INTO `he_contract` VALUES (13, '技术服务2', '技术服务2', '知识产权', 1, 'https://he-contract.oss-cn-guangzhou.aliyuncs.com/2021/12/04/0b80b8aabefe4852a07c6b1e359d1d38.pdf', 'QmeaX4HiyddHVALQkBaZc8EKBsaXGiQsv2WYhEMwMia9F7', b'1', b'0', '2', '2021-12-04 18:06:58', '2021-12-04 18:06:58');

-- ----------------------------
-- Table structure for he_contract_template
-- ----------------------------
DROP TABLE IF EXISTS `he_contract_template`;
CREATE TABLE `he_contract_template`  (
  `id` bigint NOT NULL AUTO_INCREMENT,
  `title` varchar(32) CHARACTER SET utf8 COLLATE utf8_general_ci NOT NULL COMMENT '模板标题',
  `oss_url` text CHARACTER SET utf8 COLLATE utf8_general_ci NULL COMMENT 'oss存储路径',
  `description` text CHARACTER SET utf8 COLLATE utf8_general_ci NULL COMMENT '模板描述',
  `type` varchar(16) CHARACTER SET utf8 COLLATE utf8_general_ci NULL DEFAULT NULL COMMENT '模板类别',
  `is_delete` bit(1) NULL DEFAULT NULL COMMENT '是否删除',
  `create_time` timestamp NULL DEFAULT NULL COMMENT '创建时间',
  `update_time` timestamp NULL DEFAULT NULL COMMENT '更新时间',
  PRIMARY KEY (`id`) USING BTREE,
  INDEX `type`(`type`) USING BTREE,
  CONSTRAINT `he_contract_template_ibfk_1` FOREIGN KEY (`type`) REFERENCES `he_contract_type` (`type`) ON DELETE CASCADE ON UPDATE CASCADE
) ENGINE = InnoDB AUTO_INCREMENT = 7 CHARACTER SET = utf8 COLLATE = utf8_general_ci COMMENT = '电子合同模板表' ROW_FORMAT = Dynamic;

-- ----------------------------
-- Records of he_contract_template
-- ----------------------------
INSERT INTO `he_contract_template` VALUES (1, '劳动合同书', 'https://he-contract.oss-cn-guangzhou.aliyuncs.com/2021/12/04/1e40f850609a4d5e98fb5e052dbb1cd4.docx', '劳动合同书', '劳动人事', b'0', '2021-10-25 15:21:27', '2021-12-04 16:41:59');
INSERT INTO `he_contract_template` VALUES (2, '员工竞业限制和保密协议', 'https://he-contract.oss-cn-guangzhou.aliyuncs.com/2021/11/21/1d0ba309029f481bbf73fb61b9ff13d5.docx', '鉴于乙方在甲方任职期间，接触、知悉甲方的若干商业秘密；鉴于乙方即将同甲方终止或解除劳动关系（包括但不仅限于劳动合同到期、离退休、调动、辞职、辞退、自动离职、除名等，以下简称离职），为保护双方的合法权益，明确双方各自的权利义务，现就乙方离职以后有关保密及竞业限制等事项，双方签订如下协议，以共同信守：', '劳动人事', b'0', '2021-10-25 15:39:56', '2021-11-21 17:06:11');
INSERT INTO `he_contract_template` VALUES (3, '技术服务合同', 'https://he-contract.oss-cn-guangzhou.aliyuncs.com/2021/11/21/1e2c17aa284543358c03a1e99bdfa32d.doc', '乙方开发、生产相应的软件产品，并拥有该等软件产品的计算机软件著作权；\n	甲方希望获得乙方开发、生产的软件的使用许可，乙方同意授予甲方该等软件的使用许可。', '知识产权', b'0', '2021-10-30 16:04:43', '2021-12-04 16:37:55');
INSERT INTO `he_contract_template` VALUES (5, '大学生单位实习劳动合同', 'https://he-contract.oss-cn-guangzhou.aliyuncs.com/2021/12/04/a397280ad53b4bccafa4f429cd777d71.docx', '大学生单位实习劳动合同', '劳动人事', b'0', '2021-12-04 16:42:39', '2021-12-04 16:42:39');
INSERT INTO `he_contract_template` VALUES (6, '技术开发合同模板', 'https://he-contract.oss-cn-guangzhou.aliyuncs.com/2021/12/04/1fcd9d47a33f4a748ff6c30dd3709ec2.doc', '技术开发合同模板', '知识产权', b'0', '2021-12-04 17:39:40', '2021-12-04 17:39:40');
INSERT INTO `he_contract_template` VALUES (7, '技术服务', 'https://he-contract.oss-cn-guangzhou.aliyuncs.com/2021/12/04/4dcc9d7b332449c88fa5eab051beba58.doc', '技术服务', '知识产权', b'0', '2021-12-04 18:12:18', '2021-12-04 18:12:18');

-- ----------------------------
-- Table structure for he_contract_type
-- ----------------------------
DROP TABLE IF EXISTS `he_contract_type`;
CREATE TABLE `he_contract_type`  (
  `id` int NOT NULL AUTO_INCREMENT,
  `type` varchar(16) CHARACTER SET utf8 COLLATE utf8_general_ci NOT NULL COMMENT '合同类型',
  PRIMARY KEY (`id`) USING BTREE,
  INDEX `type`(`type`) USING BTREE
) ENGINE = InnoDB AUTO_INCREMENT = 10 CHARACTER SET = utf8 COLLATE = utf8_general_ci COMMENT = '电子合同类型表' ROW_FORMAT = Dynamic;

-- ----------------------------
-- Records of he_contract_type
-- ----------------------------
INSERT INTO `he_contract_type` VALUES (2, '借贷');
INSERT INTO `he_contract_type` VALUES (6, '劳动人事');
INSERT INTO `he_contract_type` VALUES (4, '白条');
INSERT INTO `he_contract_type` VALUES (7, '知识产权');
INSERT INTO `he_contract_type` VALUES (1, '租房');
INSERT INTO `he_contract_type` VALUES (9, '行政');

-- ----------------------------
-- Table structure for he_seal
-- ----------------------------
DROP TABLE IF EXISTS `he_seal`;
CREATE TABLE `he_seal`  (
  `id` int NOT NULL AUTO_INCREMENT,
  `title` varchar(32) CHARACTER SET utf8 COLLATE utf8_general_ci NULL DEFAULT NULL COMMENT '印章标题',
  `oss_url` text CHARACTER SET utf8 COLLATE utf8_general_ci NULL COMMENT 'oss存储路径',
  `ipfs_hash` text CHARACTER SET utf8 COLLATE utf8_general_ci NULL COMMENT 'ipfs链路径',
  `belong` bigint NULL DEFAULT NULL COMMENT '归属于',
  `is_link` bit(1) NULL DEFAULT NULL COMMENT '是否入链',
  `is_delete` bit(1) NULL DEFAULT NULL COMMENT '是否删除',
  `state` char(1) CHARACTER SET utf8 COLLATE utf8_general_ci NULL DEFAULT NULL COMMENT '审核状态（0:未申请,1:未审核,2:通过,3:未通过）',
  `create_time` timestamp NULL DEFAULT NULL COMMENT '创建时间',
  `update_time` timestamp NULL DEFAULT NULL COMMENT '更新时间',
  PRIMARY KEY (`id`) USING BTREE,
  INDEX `belong`(`belong`) USING BTREE,
  CONSTRAINT `he_seal_ibfk_1` FOREIGN KEY (`belong`) REFERENCES `sys_user` (`user_id`) ON DELETE CASCADE ON UPDATE CASCADE
) ENGINE = InnoDB AUTO_INCREMENT = 6 CHARACTER SET = utf8 COLLATE = utf8_general_ci COMMENT = '印章表' ROW_FORMAT = Dynamic;

-- ----------------------------
-- Records of he_seal
-- ----------------------------
INSERT INTO `he_seal` VALUES (1, 'hjq', 'https://he-contract.oss-cn-guangzhou.aliyuncs.com/2021/10/18/7debb313ead142f597c6c9be6dba09e3.png', 'juodqwhjdqo124', 1, b'0', b'0', '2', '2021-10-25 16:50:18', '2021-10-30 16:49:16');
INSERT INTO `he_seal` VALUES (2, '华软公章', 'https://he-contract.oss-cn-guangzhou.aliyuncs.com/2021/11/20/5507771a5495433799f3d87fc1518087.png', 'djnqowhf7912y4', 1, b'0', b'0', '2', '2021-10-25 17:44:01', '2021-11-21 16:07:04');
INSERT INTO `he_seal` VALUES (4, '计科二班公章', 'https://he-contract.oss-cn-guangzhou.aliyuncs.com/2021/11/21/c085a16f9d3a4d3396c487816f0e0cbd.png', 'qdwqd', 1, b'0', b'0', '2', '2021-11-21 16:06:36', '2021-11-21 16:06:56');
INSERT INTO `he_seal` VALUES (6, '张三', 'https://he-contract.oss-cn-guangzhou.aliyuncs.com/2021/12/04/24b3d628378a4af88350a7e6c54f0306.png', 'qdqwdqw', 1, b'0', b'0', '2', '2021-12-04 18:14:49', '2021-12-04 18:14:55');

-- ----------------------------
-- Table structure for he_user_info
-- ----------------------------
DROP TABLE IF EXISTS `he_user_info`;
CREATE TABLE `he_user_info`  (
  `id` bigint NOT NULL AUTO_INCREMENT,
  `real_name` varchar(8) CHARACTER SET utf8 COLLATE utf8_general_ci NOT NULL COMMENT '真实姓名',
  `belong` bigint NULL DEFAULT NULL COMMENT '详细信息属于哪个用户',
  `id_card` char(18) CHARACTER SET utf8 COLLATE utf8_general_ci NULL DEFAULT NULL COMMENT '身份证号',
  `create_time` timestamp NULL DEFAULT NULL COMMENT '创建时间',
  `update_time` timestamp NULL DEFAULT NULL COMMENT '更新时间',
  PRIMARY KEY (`id`) USING BTREE,
  INDEX `belong`(`belong`) USING BTREE,
  CONSTRAINT `he_user_info_ibfk_1` FOREIGN KEY (`belong`) REFERENCES `sys_user` (`user_id`) ON DELETE CASCADE ON UPDATE CASCADE
) ENGINE = InnoDB AUTO_INCREMENT = 1 CHARACTER SET = utf8 COLLATE = utf8_general_ci ROW_FORMAT = Dynamic;

-- ----------------------------
-- Records of he_user_info
-- ----------------------------

-- ----------------------------
-- Table structure for qrtz_blob_triggers
-- ----------------------------
DROP TABLE IF EXISTS `qrtz_blob_triggers`;
CREATE TABLE `qrtz_blob_triggers`  (
  `sched_name` varchar(120) CHARACTER SET utf8 COLLATE utf8_general_ci NOT NULL COMMENT '调度名称',
  `trigger_name` varchar(200) CHARACTER SET utf8 COLLATE utf8_general_ci NOT NULL COMMENT 'qrtz_triggers表trigger_name的外键',
  `trigger_group` varchar(200) CHARACTER SET utf8 COLLATE utf8_general_ci NOT NULL COMMENT 'qrtz_triggers表trigger_group的外键',
  `blob_data` blob NULL COMMENT '存放持久化Trigger对象',
  PRIMARY KEY (`sched_name`, `trigger_name`, `trigger_group`) USING BTREE,
  CONSTRAINT `qrtz_blob_triggers_ibfk_1` FOREIGN KEY (`sched_name`, `trigger_name`, `trigger_group`) REFERENCES `qrtz_triggers` (`sched_name`, `trigger_name`, `trigger_group`) ON DELETE RESTRICT ON UPDATE RESTRICT
) ENGINE = InnoDB CHARACTER SET = utf8 COLLATE = utf8_general_ci COMMENT = 'Blob类型的触发器表' ROW_FORMAT = Dynamic;

-- ----------------------------
-- Records of qrtz_blob_triggers
-- ----------------------------

-- ----------------------------
-- Table structure for qrtz_calendars
-- ----------------------------
DROP TABLE IF EXISTS `qrtz_calendars`;
CREATE TABLE `qrtz_calendars`  (
  `sched_name` varchar(120) CHARACTER SET utf8 COLLATE utf8_general_ci NOT NULL COMMENT '调度名称',
  `calendar_name` varchar(200) CHARACTER SET utf8 COLLATE utf8_general_ci NOT NULL COMMENT '日历名称',
  `calendar` blob NOT NULL COMMENT '存放持久化calendar对象',
  PRIMARY KEY (`sched_name`, `calendar_name`) USING BTREE
) ENGINE = InnoDB CHARACTER SET = utf8 COLLATE = utf8_general_ci COMMENT = '日历信息表' ROW_FORMAT = Dynamic;

-- ----------------------------
-- Records of qrtz_calendars
-- ----------------------------

-- ----------------------------
-- Table structure for qrtz_cron_triggers
-- ----------------------------
DROP TABLE IF EXISTS `qrtz_cron_triggers`;
CREATE TABLE `qrtz_cron_triggers`  (
  `sched_name` varchar(120) CHARACTER SET utf8 COLLATE utf8_general_ci NOT NULL COMMENT '调度名称',
  `trigger_name` varchar(200) CHARACTER SET utf8 COLLATE utf8_general_ci NOT NULL COMMENT 'qrtz_triggers表trigger_name的外键',
  `trigger_group` varchar(200) CHARACTER SET utf8 COLLATE utf8_general_ci NOT NULL COMMENT 'qrtz_triggers表trigger_group的外键',
  `cron_expression` varchar(200) CHARACTER SET utf8 COLLATE utf8_general_ci NOT NULL COMMENT 'cron表达式',
  `time_zone_id` varchar(80) CHARACTER SET utf8 COLLATE utf8_general_ci NULL DEFAULT NULL COMMENT '时区',
  PRIMARY KEY (`sched_name`, `trigger_name`, `trigger_group`) USING BTREE,
  CONSTRAINT `qrtz_cron_triggers_ibfk_1` FOREIGN KEY (`sched_name`, `trigger_name`, `trigger_group`) REFERENCES `qrtz_triggers` (`sched_name`, `trigger_name`, `trigger_group`) ON DELETE RESTRICT ON UPDATE RESTRICT
) ENGINE = InnoDB CHARACTER SET = utf8 COLLATE = utf8_general_ci COMMENT = 'Cron类型的触发器表' ROW_FORMAT = Dynamic;

-- ----------------------------
-- Records of qrtz_cron_triggers
-- ----------------------------
INSERT INTO `qrtz_cron_triggers` VALUES ('RuoyiScheduler', 'TASK_CLASS_NAME1', 'DEFAULT', '0/10 * * * * ?', 'Asia/Shanghai');
INSERT INTO `qrtz_cron_triggers` VALUES ('RuoyiScheduler', 'TASK_CLASS_NAME2', 'DEFAULT', '0/15 * * * * ?', 'Asia/Shanghai');
INSERT INTO `qrtz_cron_triggers` VALUES ('RuoyiScheduler', 'TASK_CLASS_NAME3', 'DEFAULT', '0/20 * * * * ?', 'Asia/Shanghai');

-- ----------------------------
-- Table structure for qrtz_fired_triggers
-- ----------------------------
DROP TABLE IF EXISTS `qrtz_fired_triggers`;
CREATE TABLE `qrtz_fired_triggers`  (
  `sched_name` varchar(120) CHARACTER SET utf8 COLLATE utf8_general_ci NOT NULL COMMENT '调度名称',
  `entry_id` varchar(95) CHARACTER SET utf8 COLLATE utf8_general_ci NOT NULL COMMENT '调度器实例id',
  `trigger_name` varchar(200) CHARACTER SET utf8 COLLATE utf8_general_ci NOT NULL COMMENT 'qrtz_triggers表trigger_name的外键',
  `trigger_group` varchar(200) CHARACTER SET utf8 COLLATE utf8_general_ci NOT NULL COMMENT 'qrtz_triggers表trigger_group的外键',
  `instance_name` varchar(200) CHARACTER SET utf8 COLLATE utf8_general_ci NOT NULL COMMENT '调度器实例名',
  `fired_time` bigint NOT NULL COMMENT '触发的时间',
  `sched_time` bigint NOT NULL COMMENT '定时器制定的时间',
  `priority` int NOT NULL COMMENT '优先级',
  `state` varchar(16) CHARACTER SET utf8 COLLATE utf8_general_ci NOT NULL COMMENT '状态',
  `job_name` varchar(200) CHARACTER SET utf8 COLLATE utf8_general_ci NULL DEFAULT NULL COMMENT '任务名称',
  `job_group` varchar(200) CHARACTER SET utf8 COLLATE utf8_general_ci NULL DEFAULT NULL COMMENT '任务组名',
  `is_nonconcurrent` varchar(1) CHARACTER SET utf8 COLLATE utf8_general_ci NULL DEFAULT NULL COMMENT '是否并发',
  `requests_recovery` varchar(1) CHARACTER SET utf8 COLLATE utf8_general_ci NULL DEFAULT NULL COMMENT '是否接受恢复执行',
  PRIMARY KEY (`sched_name`, `entry_id`) USING BTREE
) ENGINE = InnoDB CHARACTER SET = utf8 COLLATE = utf8_general_ci COMMENT = '已触发的触发器表' ROW_FORMAT = Dynamic;

-- ----------------------------
-- Records of qrtz_fired_triggers
-- ----------------------------

-- ----------------------------
-- Table structure for qrtz_job_details
-- ----------------------------
DROP TABLE IF EXISTS `qrtz_job_details`;
CREATE TABLE `qrtz_job_details`  (
  `sched_name` varchar(120) CHARACTER SET utf8 COLLATE utf8_general_ci NOT NULL COMMENT '调度名称',
  `job_name` varchar(200) CHARACTER SET utf8 COLLATE utf8_general_ci NOT NULL COMMENT '任务名称',
  `job_group` varchar(200) CHARACTER SET utf8 COLLATE utf8_general_ci NOT NULL COMMENT '任务组名',
  `description` varchar(250) CHARACTER SET utf8 COLLATE utf8_general_ci NULL DEFAULT NULL COMMENT '相关介绍',
  `job_class_name` varchar(250) CHARACTER SET utf8 COLLATE utf8_general_ci NOT NULL COMMENT '执行任务类名称',
  `is_durable` varchar(1) CHARACTER SET utf8 COLLATE utf8_general_ci NOT NULL COMMENT '是否持久化',
  `is_nonconcurrent` varchar(1) CHARACTER SET utf8 COLLATE utf8_general_ci NOT NULL COMMENT '是否并发',
  `is_update_data` varchar(1) CHARACTER SET utf8 COLLATE utf8_general_ci NOT NULL COMMENT '是否更新数据',
  `requests_recovery` varchar(1) CHARACTER SET utf8 COLLATE utf8_general_ci NOT NULL COMMENT '是否接受恢复执行',
  `job_data` blob NULL COMMENT '存放持久化job对象',
  PRIMARY KEY (`sched_name`, `job_name`, `job_group`) USING BTREE
) ENGINE = InnoDB CHARACTER SET = utf8 COLLATE = utf8_general_ci COMMENT = '任务详细信息表' ROW_FORMAT = Dynamic;

-- ----------------------------
-- Records of qrtz_job_details
-- ----------------------------
INSERT INTO `qrtz_job_details` VALUES ('RuoyiScheduler', 'TASK_CLASS_NAME1', 'DEFAULT', NULL, 'com.ruoyi.quartz.util.QuartzDisallowConcurrentExecution', '0', '1', '0', '0', 0xACED0005737200156F72672E71756172747A2E4A6F62446174614D61709FB083E8BFA9B0CB020000787200266F72672E71756172747A2E7574696C732E537472696E674B65794469727479466C61674D61708208E8C3FBC55D280200015A0013616C6C6F77735472616E7369656E74446174617872001D6F72672E71756172747A2E7574696C732E4469727479466C61674D617013E62EAD28760ACE0200025A000564697274794C00036D617074000F4C6A6176612F7574696C2F4D61703B787001737200116A6176612E7574696C2E486173684D61700507DAC1C31660D103000246000A6C6F6164466163746F724900097468726573686F6C6478703F4000000000000C7708000000100000000174000F5441534B5F50524F504552544945537372001E636F6D2E72756F79692E71756172747A2E646F6D61696E2E5379734A6F62000000000000000102000E4C000A636F6E63757272656E747400124C6A6176612F6C616E672F537472696E673B4C0008637265617465427971007E00094C000A63726561746554696D657400104C6A6176612F7574696C2F446174653B4C000E63726F6E45787072657373696F6E71007E00094C000C696E766F6B6554617267657471007E00094C00086A6F6247726F757071007E00094C00056A6F6249647400104C6A6176612F6C616E672F4C6F6E673B4C00076A6F624E616D6571007E00094C000D6D697366697265506F6C69637971007E00094C0006706172616D7371007E00034C000672656D61726B71007E00094C000673746174757371007E00094C0008757064617465427971007E00094C000A75706461746554696D6571007E000A78707400013174000561646D696E7372000E6A6176612E7574696C2E44617465686A81014B597419030000787077080000017C3137B9607874000E302F3130202A202A202A202A203F74001172795461736B2E72794E6F506172616D7374000744454641554C547372000E6A6176612E6C616E672E4C6F6E673B8BE490CC8F23DF0200014A000576616C7565787200106A6176612E6C616E672E4E756D62657286AC951D0B94E08B02000078700000000000000001740018E7B3BBE7BB9FE9BB98E8AEA4EFBC88E697A0E58F82EFBC89740001337371007E00053F40000000000000770800000010000000007874000074000131740000707800);
INSERT INTO `qrtz_job_details` VALUES ('RuoyiScheduler', 'TASK_CLASS_NAME2', 'DEFAULT', NULL, 'com.ruoyi.quartz.util.QuartzDisallowConcurrentExecution', '0', '1', '0', '0', 0xACED0005737200156F72672E71756172747A2E4A6F62446174614D61709FB083E8BFA9B0CB020000787200266F72672E71756172747A2E7574696C732E537472696E674B65794469727479466C61674D61708208E8C3FBC55D280200015A0013616C6C6F77735472616E7369656E74446174617872001D6F72672E71756172747A2E7574696C732E4469727479466C61674D617013E62EAD28760ACE0200025A000564697274794C00036D617074000F4C6A6176612F7574696C2F4D61703B787001737200116A6176612E7574696C2E486173684D61700507DAC1C31660D103000246000A6C6F6164466163746F724900097468726573686F6C6478703F4000000000000C7708000000100000000174000F5441534B5F50524F504552544945537372001E636F6D2E72756F79692E71756172747A2E646F6D61696E2E5379734A6F62000000000000000102000E4C000A636F6E63757272656E747400124C6A6176612F6C616E672F537472696E673B4C0008637265617465427971007E00094C000A63726561746554696D657400104C6A6176612F7574696C2F446174653B4C000E63726F6E45787072657373696F6E71007E00094C000C696E766F6B6554617267657471007E00094C00086A6F6247726F757071007E00094C00056A6F6249647400104C6A6176612F6C616E672F4C6F6E673B4C00076A6F624E616D6571007E00094C000D6D697366697265506F6C69637971007E00094C0006706172616D7371007E00034C000672656D61726B71007E00094C000673746174757371007E00094C0008757064617465427971007E00094C000A75706461746554696D6571007E000A78707400013174000561646D696E7372000E6A6176612E7574696C2E44617465686A81014B597419030000787077080000017C3137B9607874000E302F3135202A202A202A202A203F74001572795461736B2E7279506172616D7328277279272974000744454641554C547372000E6A6176612E6C616E672E4C6F6E673B8BE490CC8F23DF0200014A000576616C7565787200106A6176612E6C616E672E4E756D62657286AC951D0B94E08B02000078700000000000000002740018E7B3BBE7BB9FE9BB98E8AEA4EFBC88E69C89E58F82EFBC89740001337371007E00053F40000000000000770800000010000000007874000074000131740000707800);
INSERT INTO `qrtz_job_details` VALUES ('RuoyiScheduler', 'TASK_CLASS_NAME3', 'DEFAULT', NULL, 'com.ruoyi.quartz.util.QuartzDisallowConcurrentExecution', '0', '1', '0', '0', 0xACED0005737200156F72672E71756172747A2E4A6F62446174614D61709FB083E8BFA9B0CB020000787200266F72672E71756172747A2E7574696C732E537472696E674B65794469727479466C61674D61708208E8C3FBC55D280200015A0013616C6C6F77735472616E7369656E74446174617872001D6F72672E71756172747A2E7574696C732E4469727479466C61674D617013E62EAD28760ACE0200025A000564697274794C00036D617074000F4C6A6176612F7574696C2F4D61703B787001737200116A6176612E7574696C2E486173684D61700507DAC1C31660D103000246000A6C6F6164466163746F724900097468726573686F6C6478703F4000000000000C7708000000100000000174000F5441534B5F50524F504552544945537372001E636F6D2E72756F79692E71756172747A2E646F6D61696E2E5379734A6F62000000000000000102000E4C000A636F6E63757272656E747400124C6A6176612F6C616E672F537472696E673B4C0008637265617465427971007E00094C000A63726561746554696D657400104C6A6176612F7574696C2F446174653B4C000E63726F6E45787072657373696F6E71007E00094C000C696E766F6B6554617267657471007E00094C00086A6F6247726F757071007E00094C00056A6F6249647400104C6A6176612F6C616E672F4C6F6E673B4C00076A6F624E616D6571007E00094C000D6D697366697265506F6C69637971007E00094C0006706172616D7371007E00034C000672656D61726B71007E00094C000673746174757371007E00094C0008757064617465427971007E00094C000A75706461746554696D6571007E000A78707400013174000561646D696E7372000E6A6176612E7574696C2E44617465686A81014B597419030000787077080000017C3137B9607874000E302F3230202A202A202A202A203F74003872795461736B2E72794D756C7469706C65506172616D7328277279272C20747275652C20323030304C2C203331362E3530442C203130302974000744454641554C547372000E6A6176612E6C616E672E4C6F6E673B8BE490CC8F23DF0200014A000576616C7565787200106A6176612E6C616E672E4E756D62657286AC951D0B94E08B02000078700000000000000003740018E7B3BBE7BB9FE9BB98E8AEA4EFBC88E5A49AE58F82EFBC89740001337371007E00053F40000000000000770800000010000000007874000074000131740000707800);

-- ----------------------------
-- Table structure for qrtz_locks
-- ----------------------------
DROP TABLE IF EXISTS `qrtz_locks`;
CREATE TABLE `qrtz_locks`  (
  `sched_name` varchar(120) CHARACTER SET utf8 COLLATE utf8_general_ci NOT NULL COMMENT '调度名称',
  `lock_name` varchar(40) CHARACTER SET utf8 COLLATE utf8_general_ci NOT NULL COMMENT '悲观锁名称',
  PRIMARY KEY (`sched_name`, `lock_name`) USING BTREE
) ENGINE = InnoDB CHARACTER SET = utf8 COLLATE = utf8_general_ci COMMENT = '存储的悲观锁信息表' ROW_FORMAT = Dynamic;

-- ----------------------------
-- Records of qrtz_locks
-- ----------------------------
INSERT INTO `qrtz_locks` VALUES ('RuoyiScheduler', 'STATE_ACCESS');
INSERT INTO `qrtz_locks` VALUES ('RuoyiScheduler', 'TRIGGER_ACCESS');

-- ----------------------------
-- Table structure for qrtz_paused_trigger_grps
-- ----------------------------
DROP TABLE IF EXISTS `qrtz_paused_trigger_grps`;
CREATE TABLE `qrtz_paused_trigger_grps`  (
  `sched_name` varchar(120) CHARACTER SET utf8 COLLATE utf8_general_ci NOT NULL COMMENT '调度名称',
  `trigger_group` varchar(200) CHARACTER SET utf8 COLLATE utf8_general_ci NOT NULL COMMENT 'qrtz_triggers表trigger_group的外键',
  PRIMARY KEY (`sched_name`, `trigger_group`) USING BTREE
) ENGINE = InnoDB CHARACTER SET = utf8 COLLATE = utf8_general_ci COMMENT = '暂停的触发器表' ROW_FORMAT = Dynamic;

-- ----------------------------
-- Records of qrtz_paused_trigger_grps
-- ----------------------------

-- ----------------------------
-- Table structure for qrtz_scheduler_state
-- ----------------------------
DROP TABLE IF EXISTS `qrtz_scheduler_state`;
CREATE TABLE `qrtz_scheduler_state`  (
  `sched_name` varchar(120) CHARACTER SET utf8 COLLATE utf8_general_ci NOT NULL COMMENT '调度名称',
  `instance_name` varchar(200) CHARACTER SET utf8 COLLATE utf8_general_ci NOT NULL COMMENT '实例名称',
  `last_checkin_time` bigint NOT NULL COMMENT '上次检查时间',
  `checkin_interval` bigint NOT NULL COMMENT '检查间隔时间',
  PRIMARY KEY (`sched_name`, `instance_name`) USING BTREE
) ENGINE = InnoDB CHARACTER SET = utf8 COLLATE = utf8_general_ci COMMENT = '调度器状态表' ROW_FORMAT = Dynamic;

-- ----------------------------
-- Records of qrtz_scheduler_state
-- ----------------------------
INSERT INTO `qrtz_scheduler_state` VALUES ('RuoyiScheduler', 'LAPTOP-IA0JMLN51650378494098', 1650381288083, 15000);

-- ----------------------------
-- Table structure for qrtz_simple_triggers
-- ----------------------------
DROP TABLE IF EXISTS `qrtz_simple_triggers`;
CREATE TABLE `qrtz_simple_triggers`  (
  `sched_name` varchar(120) CHARACTER SET utf8 COLLATE utf8_general_ci NOT NULL COMMENT '调度名称',
  `trigger_name` varchar(200) CHARACTER SET utf8 COLLATE utf8_general_ci NOT NULL COMMENT 'qrtz_triggers表trigger_name的外键',
  `trigger_group` varchar(200) CHARACTER SET utf8 COLLATE utf8_general_ci NOT NULL COMMENT 'qrtz_triggers表trigger_group的外键',
  `repeat_count` bigint NOT NULL COMMENT '重复的次数统计',
  `repeat_interval` bigint NOT NULL COMMENT '重复的间隔时间',
  `times_triggered` bigint NOT NULL COMMENT '已经触发的次数',
  PRIMARY KEY (`sched_name`, `trigger_name`, `trigger_group`) USING BTREE,
  CONSTRAINT `qrtz_simple_triggers_ibfk_1` FOREIGN KEY (`sched_name`, `trigger_name`, `trigger_group`) REFERENCES `qrtz_triggers` (`sched_name`, `trigger_name`, `trigger_group`) ON DELETE RESTRICT ON UPDATE RESTRICT
) ENGINE = InnoDB CHARACTER SET = utf8 COLLATE = utf8_general_ci COMMENT = '简单触发器的信息表' ROW_FORMAT = Dynamic;

-- ----------------------------
-- Records of qrtz_simple_triggers
-- ----------------------------

-- ----------------------------
-- Table structure for qrtz_simprop_triggers
-- ----------------------------
DROP TABLE IF EXISTS `qrtz_simprop_triggers`;
CREATE TABLE `qrtz_simprop_triggers`  (
  `sched_name` varchar(120) CHARACTER SET utf8 COLLATE utf8_general_ci NOT NULL COMMENT '调度名称',
  `trigger_name` varchar(200) CHARACTER SET utf8 COLLATE utf8_general_ci NOT NULL COMMENT 'qrtz_triggers表trigger_name的外键',
  `trigger_group` varchar(200) CHARACTER SET utf8 COLLATE utf8_general_ci NOT NULL COMMENT 'qrtz_triggers表trigger_group的外键',
  `str_prop_1` varchar(512) CHARACTER SET utf8 COLLATE utf8_general_ci NULL DEFAULT NULL COMMENT 'String类型的trigger的第一个参数',
  `str_prop_2` varchar(512) CHARACTER SET utf8 COLLATE utf8_general_ci NULL DEFAULT NULL COMMENT 'String类型的trigger的第二个参数',
  `str_prop_3` varchar(512) CHARACTER SET utf8 COLLATE utf8_general_ci NULL DEFAULT NULL COMMENT 'String类型的trigger的第三个参数',
  `int_prop_1` int NULL DEFAULT NULL COMMENT 'int类型的trigger的第一个参数',
  `int_prop_2` int NULL DEFAULT NULL COMMENT 'int类型的trigger的第二个参数',
  `long_prop_1` bigint NULL DEFAULT NULL COMMENT 'long类型的trigger的第一个参数',
  `long_prop_2` bigint NULL DEFAULT NULL COMMENT 'long类型的trigger的第二个参数',
  `dec_prop_1` decimal(13, 4) NULL DEFAULT NULL COMMENT 'decimal类型的trigger的第一个参数',
  `dec_prop_2` decimal(13, 4) NULL DEFAULT NULL COMMENT 'decimal类型的trigger的第二个参数',
  `bool_prop_1` varchar(1) CHARACTER SET utf8 COLLATE utf8_general_ci NULL DEFAULT NULL COMMENT 'Boolean类型的trigger的第一个参数',
  `bool_prop_2` varchar(1) CHARACTER SET utf8 COLLATE utf8_general_ci NULL DEFAULT NULL COMMENT 'Boolean类型的trigger的第二个参数',
  PRIMARY KEY (`sched_name`, `trigger_name`, `trigger_group`) USING BTREE,
  CONSTRAINT `qrtz_simprop_triggers_ibfk_1` FOREIGN KEY (`sched_name`, `trigger_name`, `trigger_group`) REFERENCES `qrtz_triggers` (`sched_name`, `trigger_name`, `trigger_group`) ON DELETE RESTRICT ON UPDATE RESTRICT
) ENGINE = InnoDB CHARACTER SET = utf8 COLLATE = utf8_general_ci COMMENT = '同步机制的行锁表' ROW_FORMAT = Dynamic;

-- ----------------------------
-- Records of qrtz_simprop_triggers
-- ----------------------------

-- ----------------------------
-- Table structure for qrtz_triggers
-- ----------------------------
DROP TABLE IF EXISTS `qrtz_triggers`;
CREATE TABLE `qrtz_triggers`  (
  `sched_name` varchar(120) CHARACTER SET utf8 COLLATE utf8_general_ci NOT NULL COMMENT '调度名称',
  `trigger_name` varchar(200) CHARACTER SET utf8 COLLATE utf8_general_ci NOT NULL COMMENT '触发器的名字',
  `trigger_group` varchar(200) CHARACTER SET utf8 COLLATE utf8_general_ci NOT NULL COMMENT '触发器所属组的名字',
  `job_name` varchar(200) CHARACTER SET utf8 COLLATE utf8_general_ci NOT NULL COMMENT 'qrtz_job_details表job_name的外键',
  `job_group` varchar(200) CHARACTER SET utf8 COLLATE utf8_general_ci NOT NULL COMMENT 'qrtz_job_details表job_group的外键',
  `description` varchar(250) CHARACTER SET utf8 COLLATE utf8_general_ci NULL DEFAULT NULL COMMENT '相关介绍',
  `next_fire_time` bigint NULL DEFAULT NULL COMMENT '上一次触发时间（毫秒）',
  `prev_fire_time` bigint NULL DEFAULT NULL COMMENT '下一次触发时间（默认为-1表示不触发）',
  `priority` int NULL DEFAULT NULL COMMENT '优先级',
  `trigger_state` varchar(16) CHARACTER SET utf8 COLLATE utf8_general_ci NOT NULL COMMENT '触发器状态',
  `trigger_type` varchar(8) CHARACTER SET utf8 COLLATE utf8_general_ci NOT NULL COMMENT '触发器的类型',
  `start_time` bigint NOT NULL COMMENT '开始时间',
  `end_time` bigint NULL DEFAULT NULL COMMENT '结束时间',
  `calendar_name` varchar(200) CHARACTER SET utf8 COLLATE utf8_general_ci NULL DEFAULT NULL COMMENT '日程表名称',
  `misfire_instr` smallint NULL DEFAULT NULL COMMENT '补偿执行的策略',
  `job_data` blob NULL COMMENT '存放持久化job对象',
  PRIMARY KEY (`sched_name`, `trigger_name`, `trigger_group`) USING BTREE,
  INDEX `sched_name`(`sched_name`, `job_name`, `job_group`) USING BTREE,
  CONSTRAINT `qrtz_triggers_ibfk_1` FOREIGN KEY (`sched_name`, `job_name`, `job_group`) REFERENCES `qrtz_job_details` (`sched_name`, `job_name`, `job_group`) ON DELETE RESTRICT ON UPDATE RESTRICT
) ENGINE = InnoDB CHARACTER SET = utf8 COLLATE = utf8_general_ci COMMENT = '触发器详细信息表' ROW_FORMAT = Dynamic;

-- ----------------------------
-- Records of qrtz_triggers
-- ----------------------------
INSERT INTO `qrtz_triggers` VALUES ('RuoyiScheduler', 'TASK_CLASS_NAME1', 'DEFAULT', 'TASK_CLASS_NAME1', 'DEFAULT', NULL, 1650378500000, -1, 5, 'PAUSED', 'CRON', 1650378494000, 0, NULL, 2, '');
INSERT INTO `qrtz_triggers` VALUES ('RuoyiScheduler', 'TASK_CLASS_NAME2', 'DEFAULT', 'TASK_CLASS_NAME2', 'DEFAULT', NULL, 1650378495000, -1, 5, 'PAUSED', 'CRON', 1650378494000, 0, NULL, 2, '');
INSERT INTO `qrtz_triggers` VALUES ('RuoyiScheduler', 'TASK_CLASS_NAME3', 'DEFAULT', 'TASK_CLASS_NAME3', 'DEFAULT', NULL, 1650378500000, -1, 5, 'PAUSED', 'CRON', 1650378494000, 0, NULL, 2, '');

-- ----------------------------
-- Table structure for sys_config
-- ----------------------------
DROP TABLE IF EXISTS `sys_config`;
CREATE TABLE `sys_config`  (
  `config_id` int NOT NULL AUTO_INCREMENT COMMENT '参数主键',
  `config_name` varchar(100) CHARACTER SET utf8 COLLATE utf8_general_ci NULL DEFAULT '' COMMENT '参数名称',
  `config_key` varchar(100) CHARACTER SET utf8 COLLATE utf8_general_ci NULL DEFAULT '' COMMENT '参数键名',
  `config_value` varchar(500) CHARACTER SET utf8 COLLATE utf8_general_ci NULL DEFAULT '' COMMENT '参数键值',
  `config_type` char(1) CHARACTER SET utf8 COLLATE utf8_general_ci NULL DEFAULT 'N' COMMENT '系统内置（Y是 N否）',
  `create_by` varchar(64) CHARACTER SET utf8 COLLATE utf8_general_ci NULL DEFAULT '' COMMENT '创建者',
  `create_time` datetime NULL DEFAULT NULL COMMENT '创建时间',
  `update_by` varchar(64) CHARACTER SET utf8 COLLATE utf8_general_ci NULL DEFAULT '' COMMENT '更新者',
  `update_time` datetime NULL DEFAULT NULL COMMENT '更新时间',
  `remark` varchar(500) CHARACTER SET utf8 COLLATE utf8_general_ci NULL DEFAULT NULL COMMENT '备注',
  PRIMARY KEY (`config_id`) USING BTREE
) ENGINE = InnoDB AUTO_INCREMENT = 11 CHARACTER SET = utf8 COLLATE = utf8_general_ci COMMENT = '参数配置表' ROW_FORMAT = Dynamic;

-- ----------------------------
-- Records of sys_config
-- ----------------------------
INSERT INTO `sys_config` VALUES (1, '主框架页-默认皮肤样式名称', 'sys.index.skinName', 'skin-blue', 'Y', 'admin', '2021-09-29 19:01:48', '', NULL, '蓝色 skin-blue、绿色 skin-green、紫色 skin-purple、红色 skin-red、黄色 skin-yellow');
INSERT INTO `sys_config` VALUES (2, '用户管理-账号初始密码', 'sys.user.initPassword', '123456', 'Y', 'admin', '2021-09-29 19:01:48', '', NULL, '初始化密码 123456');
INSERT INTO `sys_config` VALUES (3, '主框架页-侧边栏主题', 'sys.index.sideTheme', 'theme-dark', 'Y', 'admin', '2021-09-29 19:01:48', '', NULL, '深色主题theme-dark，浅色主题theme-light');
INSERT INTO `sys_config` VALUES (4, '账号自助-验证码开关', 'sys.account.captchaOnOff', 'true', 'Y', 'admin', '2021-09-29 19:01:48', '', NULL, '是否开启验证码功能（true开启，false关闭）');
INSERT INTO `sys_config` VALUES (5, '账号自助-是否开启用户注册功能', 'sys.account.registerUser', 'true', 'Y', 'admin', '2021-09-29 19:01:48', 'admin', '2021-11-09 19:39:24', '是否开启注册用户功能（true开启，false关闭）');
INSERT INTO `sys_config` VALUES (11, 'OSS预览列表资源开关', 'sys.oss.previewListResource', 'true', 'Y', 'admin', '2021-10-01 19:33:54', 'admin', '2021-11-02 16:18:32', 'true:开启, false:关闭');

-- ----------------------------
-- Table structure for sys_dept
-- ----------------------------
DROP TABLE IF EXISTS `sys_dept`;
CREATE TABLE `sys_dept`  (
  `dept_id` bigint NOT NULL AUTO_INCREMENT COMMENT '部门id',
  `parent_id` bigint NULL DEFAULT 0 COMMENT '父部门id',
  `ancestors` varchar(50) CHARACTER SET utf8 COLLATE utf8_general_ci NULL DEFAULT '' COMMENT '祖级列表',
  `dept_name` varchar(30) CHARACTER SET utf8 COLLATE utf8_general_ci NULL DEFAULT '' COMMENT '部门名称',
  `order_num` int NULL DEFAULT 0 COMMENT '显示顺序',
  `leader` varchar(20) CHARACTER SET utf8 COLLATE utf8_general_ci NULL DEFAULT NULL COMMENT '负责人',
  `phone` varchar(11) CHARACTER SET utf8 COLLATE utf8_general_ci NULL DEFAULT NULL COMMENT '联系电话',
  `email` varchar(50) CHARACTER SET utf8 COLLATE utf8_general_ci NULL DEFAULT NULL COMMENT '邮箱',
  `status` char(1) CHARACTER SET utf8 COLLATE utf8_general_ci NULL DEFAULT '0' COMMENT '部门状态（0正常 1停用）',
  `del_flag` char(1) CHARACTER SET utf8 COLLATE utf8_general_ci NULL DEFAULT '0' COMMENT '删除标志（0代表存在 2代表删除）',
  `create_by` varchar(64) CHARACTER SET utf8 COLLATE utf8_general_ci NULL DEFAULT '' COMMENT '创建者',
  `create_time` datetime NULL DEFAULT NULL COMMENT '创建时间',
  `update_by` varchar(64) CHARACTER SET utf8 COLLATE utf8_general_ci NULL DEFAULT '' COMMENT '更新者',
  `update_time` datetime NULL DEFAULT NULL COMMENT '更新时间',
  PRIMARY KEY (`dept_id`) USING BTREE
) ENGINE = InnoDB AUTO_INCREMENT = 200 CHARACTER SET = utf8 COLLATE = utf8_general_ci COMMENT = '部门表' ROW_FORMAT = Dynamic;

-- ----------------------------
-- Records of sys_dept
-- ----------------------------
INSERT INTO `sys_dept` VALUES (100, 0, '0', '若依科技', 0, '若依', '15888888888', 'ry@qq.com', '0', '0', 'admin', '2021-09-29 19:01:48', '', NULL);
INSERT INTO `sys_dept` VALUES (101, 100, '0,100', '深圳总公司', 1, '若依', '15888888888', 'ry@qq.com', '0', '0', 'admin', '2021-09-29 19:01:48', '', NULL);
INSERT INTO `sys_dept` VALUES (102, 100, '0,100', '长沙分公司', 2, '若依', '15888888888', 'ry@qq.com', '0', '0', 'admin', '2021-09-29 19:01:48', '', NULL);
INSERT INTO `sys_dept` VALUES (103, 101, '0,100,101', '研发部门', 1, '若依', '15888888888', 'ry@qq.com', '0', '0', 'admin', '2021-09-29 19:01:48', '', NULL);
INSERT INTO `sys_dept` VALUES (104, 101, '0,100,101', '市场部门', 2, '若依', '15888888888', 'ry@qq.com', '0', '0', 'admin', '2021-09-29 19:01:48', '', NULL);
INSERT INTO `sys_dept` VALUES (105, 101, '0,100,101', '测试部门', 3, '若依', '15888888888', 'ry@qq.com', '0', '0', 'admin', '2021-09-29 19:01:48', '', NULL);
INSERT INTO `sys_dept` VALUES (106, 101, '0,100,101', '财务部门', 4, '若依', '15888888888', 'ry@qq.com', '0', '0', 'admin', '2021-09-29 19:01:48', '', NULL);
INSERT INTO `sys_dept` VALUES (107, 101, '0,100,101', '运维部门', 5, '若依', '15888888888', 'ry@qq.com', '0', '0', 'admin', '2021-09-29 19:01:48', '', NULL);
INSERT INTO `sys_dept` VALUES (108, 102, '0,100,102', '市场部门', 1, '若依', '15888888888', 'ry@qq.com', '0', '0', 'admin', '2021-09-29 19:01:48', '', NULL);
INSERT INTO `sys_dept` VALUES (109, 102, '0,100,102', '财务部门', 2, '若依', '15888888888', 'ry@qq.com', '0', '0', 'admin', '2021-09-29 19:01:48', '', NULL);
INSERT INTO `sys_dept` VALUES (200, 101, '0,100,101', '行政部门', 6, NULL, NULL, NULL, '0', '0', 'admin', '2022-02-26 15:13:54', 'admin', '2022-02-26 15:14:04');

-- ----------------------------
-- Table structure for sys_dict_data
-- ----------------------------
DROP TABLE IF EXISTS `sys_dict_data`;
CREATE TABLE `sys_dict_data`  (
  `dict_code` bigint NOT NULL AUTO_INCREMENT COMMENT '字典编码',
  `dict_sort` int NULL DEFAULT 0 COMMENT '字典排序',
  `dict_label` varchar(100) CHARACTER SET utf8 COLLATE utf8_general_ci NULL DEFAULT '' COMMENT '字典标签',
  `dict_value` varchar(100) CHARACTER SET utf8 COLLATE utf8_general_ci NULL DEFAULT '' COMMENT '字典键值',
  `dict_type` varchar(100) CHARACTER SET utf8 COLLATE utf8_general_ci NULL DEFAULT '' COMMENT '字典类型',
  `css_class` varchar(100) CHARACTER SET utf8 COLLATE utf8_general_ci NULL DEFAULT NULL COMMENT '样式属性（其他样式扩展）',
  `list_class` varchar(100) CHARACTER SET utf8 COLLATE utf8_general_ci NULL DEFAULT NULL COMMENT '表格回显样式',
  `is_default` char(1) CHARACTER SET utf8 COLLATE utf8_general_ci NULL DEFAULT 'N' COMMENT '是否默认（Y是 N否）',
  `status` char(1) CHARACTER SET utf8 COLLATE utf8_general_ci NULL DEFAULT '0' COMMENT '状态（0正常 1停用）',
  `create_by` varchar(64) CHARACTER SET utf8 COLLATE utf8_general_ci NULL DEFAULT '' COMMENT '创建者',
  `create_time` datetime NULL DEFAULT NULL COMMENT '创建时间',
  `update_by` varchar(64) CHARACTER SET utf8 COLLATE utf8_general_ci NULL DEFAULT '' COMMENT '更新者',
  `update_time` datetime NULL DEFAULT NULL COMMENT '更新时间',
  `remark` varchar(500) CHARACTER SET utf8 COLLATE utf8_general_ci NULL DEFAULT NULL COMMENT '备注',
  PRIMARY KEY (`dict_code`) USING BTREE
) ENGINE = InnoDB AUTO_INCREMENT = 107 CHARACTER SET = utf8 COLLATE = utf8_general_ci COMMENT = '字典数据表' ROW_FORMAT = Dynamic;

-- ----------------------------
-- Records of sys_dict_data
-- ----------------------------
INSERT INTO `sys_dict_data` VALUES (1, 1, '男', '0', 'sys_user_sex', '', '', 'Y', '0', 'admin', '2021-09-29 19:01:48', '', NULL, '性别男');
INSERT INTO `sys_dict_data` VALUES (2, 2, '女', '1', 'sys_user_sex', '', '', 'N', '0', 'admin', '2021-09-29 19:01:48', '', NULL, '性别女');
INSERT INTO `sys_dict_data` VALUES (3, 3, '未知', '2', 'sys_user_sex', '', '', 'N', '0', 'admin', '2021-09-29 19:01:48', '', NULL, '性别未知');
INSERT INTO `sys_dict_data` VALUES (4, 1, '显示', '0', 'sys_show_hide', '', 'primary', 'Y', '0', 'admin', '2021-09-29 19:01:48', '', NULL, '显示菜单');
INSERT INTO `sys_dict_data` VALUES (5, 2, '隐藏', '1', 'sys_show_hide', '', 'danger', 'N', '0', 'admin', '2021-09-29 19:01:48', '', NULL, '隐藏菜单');
INSERT INTO `sys_dict_data` VALUES (6, 1, '正常', '0', 'sys_normal_disable', '', 'primary', 'Y', '0', 'admin', '2021-09-29 19:01:48', '', NULL, '正常状态');
INSERT INTO `sys_dict_data` VALUES (7, 2, '停用', '1', 'sys_normal_disable', '', 'danger', 'N', '0', 'admin', '2021-09-29 19:01:48', '', NULL, '停用状态');
INSERT INTO `sys_dict_data` VALUES (8, 1, '正常', '0', 'sys_job_status', '', 'primary', 'Y', '0', 'admin', '2021-09-29 19:01:48', '', NULL, '正常状态');
INSERT INTO `sys_dict_data` VALUES (9, 2, '暂停', '1', 'sys_job_status', '', 'danger', 'N', '0', 'admin', '2021-09-29 19:01:48', '', NULL, '停用状态');
INSERT INTO `sys_dict_data` VALUES (10, 1, '默认', 'DEFAULT', 'sys_job_group', '', '', 'Y', '0', 'admin', '2021-09-29 19:01:48', '', NULL, '默认分组');
INSERT INTO `sys_dict_data` VALUES (11, 2, '系统', 'SYSTEM', 'sys_job_group', '', '', 'N', '0', 'admin', '2021-09-29 19:01:48', '', NULL, '系统分组');
INSERT INTO `sys_dict_data` VALUES (12, 1, '是', 'Y', 'sys_yes_no', '', 'primary', 'Y', '0', 'admin', '2021-09-29 19:01:48', '', NULL, '系统默认是');
INSERT INTO `sys_dict_data` VALUES (13, 2, '否', 'N', 'sys_yes_no', '', 'danger', 'N', '0', 'admin', '2021-09-29 19:01:48', '', NULL, '系统默认否');
INSERT INTO `sys_dict_data` VALUES (14, 1, '通知', '1', 'sys_notice_type', '', 'warning', 'Y', '0', 'admin', '2021-09-29 19:01:48', '', NULL, '通知');
INSERT INTO `sys_dict_data` VALUES (15, 2, '公告', '2', 'sys_notice_type', '', 'success', 'N', '0', 'admin', '2021-09-29 19:01:48', '', NULL, '公告');
INSERT INTO `sys_dict_data` VALUES (16, 1, '正常', '0', 'sys_notice_status', '', 'primary', 'Y', '0', 'admin', '2021-09-29 19:01:48', '', NULL, '正常状态');
INSERT INTO `sys_dict_data` VALUES (17, 2, '关闭', '1', 'sys_notice_status', '', 'danger', 'N', '0', 'admin', '2021-09-29 19:01:48', '', NULL, '关闭状态');
INSERT INTO `sys_dict_data` VALUES (18, 1, '新增', '1', 'sys_oper_type', '', 'info', 'N', '0', 'admin', '2021-09-29 19:01:48', '', NULL, '新增操作');
INSERT INTO `sys_dict_data` VALUES (19, 2, '修改', '2', 'sys_oper_type', '', 'info', 'N', '0', 'admin', '2021-09-29 19:01:48', '', NULL, '修改操作');
INSERT INTO `sys_dict_data` VALUES (20, 3, '删除', '3', 'sys_oper_type', '', 'danger', 'N', '0', 'admin', '2021-09-29 19:01:48', '', NULL, '删除操作');
INSERT INTO `sys_dict_data` VALUES (21, 4, '授权', '4', 'sys_oper_type', '', 'primary', 'N', '0', 'admin', '2021-09-29 19:01:48', '', NULL, '授权操作');
INSERT INTO `sys_dict_data` VALUES (22, 5, '导出', '5', 'sys_oper_type', '', 'warning', 'N', '0', 'admin', '2021-09-29 19:01:48', '', NULL, '导出操作');
INSERT INTO `sys_dict_data` VALUES (23, 6, '导入', '6', 'sys_oper_type', '', 'warning', 'N', '0', 'admin', '2021-09-29 19:01:48', '', NULL, '导入操作');
INSERT INTO `sys_dict_data` VALUES (24, 7, '强退', '7', 'sys_oper_type', '', 'danger', 'N', '0', 'admin', '2021-09-29 19:01:48', '', NULL, '强退操作');
INSERT INTO `sys_dict_data` VALUES (25, 8, '生成代码', '8', 'sys_oper_type', '', 'warning', 'N', '0', 'admin', '2021-09-29 19:01:48', '', NULL, '生成操作');
INSERT INTO `sys_dict_data` VALUES (26, 9, '清空数据', '9', 'sys_oper_type', '', 'danger', 'N', '0', 'admin', '2021-09-29 19:01:48', '', NULL, '清空操作');
INSERT INTO `sys_dict_data` VALUES (27, 1, '成功', '0', 'sys_common_status', '', 'primary', 'N', '0', 'admin', '2021-09-29 19:01:48', '', NULL, '正常状态');
INSERT INTO `sys_dict_data` VALUES (28, 2, '失败', '1', 'sys_common_status', '', 'danger', 'N', '0', 'admin', '2021-09-29 19:01:48', '', NULL, '停用状态');
INSERT INTO `sys_dict_data` VALUES (102, 1, '未申请', '0', 'he_review_status', NULL, 'primary', 'N', '0', 'admin', '2021-10-23 15:55:07', 'admin', '2021-10-23 15:55:07', NULL);
INSERT INTO `sys_dict_data` VALUES (103, 2, '未审核', '1', 'he_review_status', NULL, 'info', 'N', '0', 'admin', '2021-10-23 15:55:33', 'admin', '2021-10-23 15:55:33', NULL);
INSERT INTO `sys_dict_data` VALUES (104, 3, '已通过', '2', 'he_review_status', NULL, 'success', 'N', '0', 'admin', '2021-10-23 15:55:53', 'admin', '2021-10-23 15:55:53', NULL);
INSERT INTO `sys_dict_data` VALUES (105, 4, '未通过', '3', 'he_review_status', NULL, 'danger', 'N', '0', 'admin', '2021-10-23 15:56:13', 'admin', '2021-10-23 15:56:13', NULL);
INSERT INTO `sys_dict_data` VALUES (106, 1, '是', '1', 'he_yes_no', NULL, 'success', 'N', '0', 'admin', '2021-10-23 16:11:17', 'admin', '2021-10-23 16:14:24', NULL);
INSERT INTO `sys_dict_data` VALUES (107, 2, '否', '0', 'he_yes_no', NULL, 'danger', 'N', '0', 'admin', '2021-10-23 16:14:14', 'admin', '2021-10-23 16:14:14', NULL);

-- ----------------------------
-- Table structure for sys_dict_type
-- ----------------------------
DROP TABLE IF EXISTS `sys_dict_type`;
CREATE TABLE `sys_dict_type`  (
  `dict_id` bigint NOT NULL AUTO_INCREMENT COMMENT '字典主键',
  `dict_name` varchar(100) CHARACTER SET utf8 COLLATE utf8_general_ci NULL DEFAULT '' COMMENT '字典名称',
  `dict_type` varchar(100) CHARACTER SET utf8 COLLATE utf8_general_ci NULL DEFAULT '' COMMENT '字典类型',
  `status` char(1) CHARACTER SET utf8 COLLATE utf8_general_ci NULL DEFAULT '0' COMMENT '状态（0正常 1停用）',
  `create_by` varchar(64) CHARACTER SET utf8 COLLATE utf8_general_ci NULL DEFAULT '' COMMENT '创建者',
  `create_time` datetime NULL DEFAULT NULL COMMENT '创建时间',
  `update_by` varchar(64) CHARACTER SET utf8 COLLATE utf8_general_ci NULL DEFAULT '' COMMENT '更新者',
  `update_time` datetime NULL DEFAULT NULL COMMENT '更新时间',
  `remark` varchar(500) CHARACTER SET utf8 COLLATE utf8_general_ci NULL DEFAULT NULL COMMENT '备注',
  PRIMARY KEY (`dict_id`) USING BTREE,
  UNIQUE INDEX `dict_type`(`dict_type`) USING BTREE
) ENGINE = InnoDB AUTO_INCREMENT = 101 CHARACTER SET = utf8 COLLATE = utf8_general_ci COMMENT = '字典类型表' ROW_FORMAT = Dynamic;

-- ----------------------------
-- Records of sys_dict_type
-- ----------------------------
INSERT INTO `sys_dict_type` VALUES (1, '用户性别', 'sys_user_sex', '0', 'admin', '2021-09-29 19:01:48', '', NULL, '用户性别列表');
INSERT INTO `sys_dict_type` VALUES (2, '菜单状态', 'sys_show_hide', '0', 'admin', '2021-09-29 19:01:48', '', NULL, '菜单状态列表');
INSERT INTO `sys_dict_type` VALUES (3, '系统开关', 'sys_normal_disable', '0', 'admin', '2021-09-29 19:01:48', '', NULL, '系统开关列表');
INSERT INTO `sys_dict_type` VALUES (4, '任务状态', 'sys_job_status', '0', 'admin', '2021-09-29 19:01:48', '', NULL, '任务状态列表');
INSERT INTO `sys_dict_type` VALUES (5, '任务分组', 'sys_job_group', '0', 'admin', '2021-09-29 19:01:48', '', NULL, '任务分组列表');
INSERT INTO `sys_dict_type` VALUES (6, '系统是否', 'sys_yes_no', '0', 'admin', '2021-09-29 19:01:48', '', NULL, '系统是否列表');
INSERT INTO `sys_dict_type` VALUES (7, '通知类型', 'sys_notice_type', '0', 'admin', '2021-09-29 19:01:48', '', NULL, '通知类型列表');
INSERT INTO `sys_dict_type` VALUES (8, '通知状态', 'sys_notice_status', '0', 'admin', '2021-09-29 19:01:48', '', NULL, '通知状态列表');
INSERT INTO `sys_dict_type` VALUES (9, '操作类型', 'sys_oper_type', '0', 'admin', '2021-09-29 19:01:48', '', NULL, '操作类型列表');
INSERT INTO `sys_dict_type` VALUES (10, '系统状态', 'sys_common_status', '0', 'admin', '2021-09-29 19:01:48', '', NULL, '登录状态列表');
INSERT INTO `sys_dict_type` VALUES (100, '审核状态', 'he_review_status', '0', 'admin', '2021-10-23 15:54:18', 'admin', '2021-10-23 15:54:18', '审核状态列表');
INSERT INTO `sys_dict_type` VALUES (101, '合同是否', 'he_yes_no', '0', 'admin', '2021-10-23 16:10:15', 'admin', '2021-10-23 16:10:15', NULL);

-- ----------------------------
-- Table structure for sys_job
-- ----------------------------
DROP TABLE IF EXISTS `sys_job`;
CREATE TABLE `sys_job`  (
  `job_id` bigint NOT NULL AUTO_INCREMENT COMMENT '任务ID',
  `job_name` varchar(64) CHARACTER SET utf8 COLLATE utf8_general_ci NOT NULL DEFAULT '' COMMENT '任务名称',
  `job_group` varchar(64) CHARACTER SET utf8 COLLATE utf8_general_ci NOT NULL DEFAULT 'DEFAULT' COMMENT '任务组名',
  `invoke_target` varchar(500) CHARACTER SET utf8 COLLATE utf8_general_ci NOT NULL COMMENT '调用目标字符串',
  `cron_expression` varchar(255) CHARACTER SET utf8 COLLATE utf8_general_ci NULL DEFAULT '' COMMENT 'cron执行表达式',
  `misfire_policy` varchar(20) CHARACTER SET utf8 COLLATE utf8_general_ci NULL DEFAULT '3' COMMENT '计划执行错误策略（1立即执行 2执行一次 3放弃执行）',
  `concurrent` char(1) CHARACTER SET utf8 COLLATE utf8_general_ci NULL DEFAULT '1' COMMENT '是否并发执行（0允许 1禁止）',
  `status` char(1) CHARACTER SET utf8 COLLATE utf8_general_ci NULL DEFAULT '0' COMMENT '状态（0正常 1暂停）',
  `create_by` varchar(64) CHARACTER SET utf8 COLLATE utf8_general_ci NULL DEFAULT '' COMMENT '创建者',
  `create_time` datetime NULL DEFAULT NULL COMMENT '创建时间',
  `update_by` varchar(64) CHARACTER SET utf8 COLLATE utf8_general_ci NULL DEFAULT '' COMMENT '更新者',
  `update_time` datetime NULL DEFAULT NULL COMMENT '更新时间',
  `remark` varchar(500) CHARACTER SET utf8 COLLATE utf8_general_ci NULL DEFAULT '' COMMENT '备注信息',
  PRIMARY KEY (`job_id`, `job_name`, `job_group`) USING BTREE
) ENGINE = InnoDB AUTO_INCREMENT = 3 CHARACTER SET = utf8 COLLATE = utf8_general_ci COMMENT = '定时任务调度表' ROW_FORMAT = Dynamic;

-- ----------------------------
-- Records of sys_job
-- ----------------------------
INSERT INTO `sys_job` VALUES (1, '系统默认（无参）', 'DEFAULT', 'ryTask.ryNoParams', '0/10 * * * * ?', '3', '1', '1', 'admin', '2021-09-29 19:01:48', '', NULL, '');
INSERT INTO `sys_job` VALUES (2, '系统默认（有参）', 'DEFAULT', 'ryTask.ryParams(\'ry\')', '0/15 * * * * ?', '3', '1', '1', 'admin', '2021-09-29 19:01:48', '', NULL, '');
INSERT INTO `sys_job` VALUES (3, '系统默认（多参）', 'DEFAULT', 'ryTask.ryMultipleParams(\'ry\', true, 2000L, 316.50D, 100)', '0/20 * * * * ?', '3', '1', '1', 'admin', '2021-09-29 19:01:48', '', NULL, '');

-- ----------------------------
-- Table structure for sys_job_log
-- ----------------------------
DROP TABLE IF EXISTS `sys_job_log`;
CREATE TABLE `sys_job_log`  (
  `job_log_id` bigint NOT NULL AUTO_INCREMENT COMMENT '任务日志ID',
  `job_name` varchar(64) CHARACTER SET utf8 COLLATE utf8_general_ci NOT NULL COMMENT '任务名称',
  `job_group` varchar(64) CHARACTER SET utf8 COLLATE utf8_general_ci NOT NULL COMMENT '任务组名',
  `invoke_target` varchar(500) CHARACTER SET utf8 COLLATE utf8_general_ci NOT NULL COMMENT '调用目标字符串',
  `job_message` varchar(500) CHARACTER SET utf8 COLLATE utf8_general_ci NULL DEFAULT NULL COMMENT '日志信息',
  `status` char(1) CHARACTER SET utf8 COLLATE utf8_general_ci NULL DEFAULT '0' COMMENT '执行状态（0正常 1失败）',
  `exception_info` varchar(2000) CHARACTER SET utf8 COLLATE utf8_general_ci NULL DEFAULT '' COMMENT '异常信息',
  `create_time` datetime NULL DEFAULT NULL COMMENT '创建时间',
  PRIMARY KEY (`job_log_id`) USING BTREE
) ENGINE = InnoDB CHARACTER SET = utf8 COLLATE = utf8_general_ci COMMENT = '定时任务调度日志表' ROW_FORMAT = Dynamic;

-- ----------------------------
-- Records of sys_job_log
-- ----------------------------

-- ----------------------------
-- Table structure for sys_logininfor
-- ----------------------------
DROP TABLE IF EXISTS `sys_logininfor`;
CREATE TABLE `sys_logininfor`  (
  `info_id` bigint NOT NULL AUTO_INCREMENT COMMENT '访问ID',
  `user_name` varchar(50) CHARACTER SET utf8 COLLATE utf8_general_ci NULL DEFAULT '' COMMENT '用户账号',
  `ipaddr` varchar(128) CHARACTER SET utf8 COLLATE utf8_general_ci NULL DEFAULT '' COMMENT '登录IP地址',
  `login_location` varchar(255) CHARACTER SET utf8 COLLATE utf8_general_ci NULL DEFAULT '' COMMENT '登录地点',
  `browser` varchar(50) CHARACTER SET utf8 COLLATE utf8_general_ci NULL DEFAULT '' COMMENT '浏览器类型',
  `os` varchar(50) CHARACTER SET utf8 COLLATE utf8_general_ci NULL DEFAULT '' COMMENT '操作系统',
  `status` char(1) CHARACTER SET utf8 COLLATE utf8_general_ci NULL DEFAULT '0' COMMENT '登录状态（0成功 1失败）',
  `msg` varchar(255) CHARACTER SET utf8 COLLATE utf8_general_ci NULL DEFAULT '' COMMENT '提示消息',
  `login_time` datetime NULL DEFAULT NULL COMMENT '访问时间',
  PRIMARY KEY (`info_id`) USING BTREE
) ENGINE = InnoDB AUTO_INCREMENT = 335 CHARACTER SET = utf8 COLLATE = utf8_general_ci COMMENT = '系统访问记录' ROW_FORMAT = Dynamic;

-- ----------------------------
-- Records of sys_logininfor
-- ----------------------------
INSERT INTO `sys_logininfor` VALUES (100, 'admin', '127.0.0.1', '内网IP', 'MSEdge', 'Windows 10 or Windows Server 2016', '1', '验证码已失效', '2021-10-01 19:51:21');
INSERT INTO `sys_logininfor` VALUES (101, 'admin', '127.0.0.1', '内网IP', 'MSEdge', 'Windows 10 or Windows Server 2016', '0', '登录成功', '2021-10-01 19:51:26');
INSERT INTO `sys_logininfor` VALUES (102, 'admin', '127.0.0.1', '内网IP', 'MSEdge', 'Windows 10 or Windows Server 2016', '0', '登录成功', '2021-10-03 19:09:17');
INSERT INTO `sys_logininfor` VALUES (103, 'admin', '127.0.0.1', '内网IP', 'MSEdge', 'Windows 10 or Windows Server 2016', '0', '登录成功', '2021-10-03 19:59:51');
INSERT INTO `sys_logininfor` VALUES (104, 'admin', '127.0.0.1', '内网IP', 'MSEdge', 'Windows 10 or Windows Server 2016', '0', '登录成功', '2021-10-03 20:40:18');
INSERT INTO `sys_logininfor` VALUES (105, 'admin', '127.0.0.1', '内网IP', 'MSEdge', 'Windows 10 or Windows Server 2016', '0', '登录成功', '2021-10-04 12:15:41');
INSERT INTO `sys_logininfor` VALUES (106, 'admin', '127.0.0.1', '内网IP', 'MSEdge', 'Windows 10 or Windows Server 2016', '1', '验证码错误', '2021-10-04 14:00:26');
INSERT INTO `sys_logininfor` VALUES (107, 'admin', '127.0.0.1', '内网IP', 'MSEdge', 'Windows 10 or Windows Server 2016', '0', '登录成功', '2021-10-04 14:00:35');
INSERT INTO `sys_logininfor` VALUES (108, 'admin', '127.0.0.1', '内网IP', 'MSEdge', 'Windows 10 or Windows Server 2016', '1', '验证码错误', '2021-10-04 15:14:42');
INSERT INTO `sys_logininfor` VALUES (109, 'admin', '127.0.0.1', '内网IP', 'MSEdge', 'Windows 10 or Windows Server 2016', '0', '登录成功', '2021-10-04 15:14:46');
INSERT INTO `sys_logininfor` VALUES (110, 'admin', '127.0.0.1', '内网IP', 'MSEdge', 'Windows 10 or Windows Server 2016', '0', '登录成功', '2021-10-04 15:56:17');
INSERT INTO `sys_logininfor` VALUES (111, 'admin', '127.0.0.1', '内网IP', 'MSEdge', 'Windows 10 or Windows Server 2016', '0', '登录成功', '2021-10-05 14:30:37');
INSERT INTO `sys_logininfor` VALUES (112, 'admin', '127.0.0.1', '内网IP', 'MSEdge', 'Windows 10 or Windows Server 2016', '0', '登录成功', '2021-10-05 16:06:09');
INSERT INTO `sys_logininfor` VALUES (113, 'admin', '127.0.0.1', '内网IP', 'Chrome', 'Windows 10 or Windows Server 2016', '0', '登录成功', '2021-10-05 16:14:07');
INSERT INTO `sys_logininfor` VALUES (114, 'admin', '127.0.0.1', '内网IP', 'Chrome', 'Windows 10 or Windows Server 2016', '0', '登录成功', '2021-10-05 17:16:18');
INSERT INTO `sys_logininfor` VALUES (115, 'admin', '127.0.0.1', '内网IP', 'MSEdge', 'Windows 10 or Windows Server 2016', '0', '登录成功', '2021-10-06 14:43:51');
INSERT INTO `sys_logininfor` VALUES (116, 'admin', '127.0.0.1', '内网IP', 'MSEdge', 'Windows 10 or Windows Server 2016', '0', '登录成功', '2021-10-11 15:05:29');
INSERT INTO `sys_logininfor` VALUES (117, 'admin', '127.0.0.1', '内网IP', 'MSEdge', 'Windows 10 or Windows Server 2016', '0', '登录成功', '2021-10-12 14:54:55');
INSERT INTO `sys_logininfor` VALUES (118, 'admin', '127.0.0.1', '内网IP', 'Chrome', 'Windows 10 or Windows Server 2016', '0', '登录成功', '2021-10-12 16:46:56');
INSERT INTO `sys_logininfor` VALUES (119, 'admin', '127.0.0.1', '内网IP', 'MSEdge', 'Windows 10 or Windows Server 2016', '0', '登录成功', '2021-10-18 14:27:16');
INSERT INTO `sys_logininfor` VALUES (120, 'admin', '127.0.0.1', '内网IP', 'Chrome', 'Windows 10 or Windows Server 2016', '0', '登录成功', '2021-10-18 14:28:39');
INSERT INTO `sys_logininfor` VALUES (121, 'admin', '127.0.0.1', '内网IP', 'Chrome', 'Windows 10 or Windows Server 2016', '0', '登录成功', '2021-10-18 15:02:30');
INSERT INTO `sys_logininfor` VALUES (122, 'admin', '127.0.0.1', '内网IP', 'MSEdge', 'Windows 10 or Windows Server 2016', '0', '登录成功', '2021-10-18 15:22:36');
INSERT INTO `sys_logininfor` VALUES (123, 'admin', '127.0.0.1', '内网IP', 'MSEdge', 'Windows 10 or Windows Server 2016', '0', '登录成功', '2021-10-21 09:10:40');
INSERT INTO `sys_logininfor` VALUES (124, 'admin', '127.0.0.1', '内网IP', 'MSEdge', 'Windows 10 or Windows Server 2016', '0', '登录成功', '2021-10-21 09:42:39');
INSERT INTO `sys_logininfor` VALUES (125, 'admin', '127.0.0.1', '内网IP', 'Chrome', 'Windows 10 or Windows Server 2016', '0', '登录成功', '2021-10-23 13:28:56');
INSERT INTO `sys_logininfor` VALUES (126, 'admin', '127.0.0.1', '内网IP', 'Chrome', 'Windows 10 or Windows Server 2016', '0', '登录成功', '2021-10-23 14:04:28');
INSERT INTO `sys_logininfor` VALUES (127, 'admin', '127.0.0.1', '内网IP', 'Chrome', 'Windows 10 or Windows Server 2016', '0', '登录成功', '2021-10-23 16:55:58');
INSERT INTO `sys_logininfor` VALUES (128, 'admin', '127.0.0.1', '内网IP', 'MSEdge', 'Windows 10 or Windows Server 2016', '0', '登录成功', '2021-10-24 15:05:31');
INSERT INTO `sys_logininfor` VALUES (129, 'admin', '127.0.0.1', '内网IP', 'MSEdge', 'Windows 10 or Windows Server 2016', '0', '登录成功', '2021-10-24 15:43:08');
INSERT INTO `sys_logininfor` VALUES (130, 'admin', '127.0.0.1', '内网IP', 'Chrome', 'Windows 10 or Windows Server 2016', '0', '登录成功', '2021-10-24 15:53:10');
INSERT INTO `sys_logininfor` VALUES (131, 'admin', '127.0.0.1', '内网IP', 'Chrome', 'Windows 10 or Windows Server 2016', '0', '登录成功', '2021-10-24 17:22:58');
INSERT INTO `sys_logininfor` VALUES (132, 'admin', '127.0.0.1', '内网IP', 'Chrome', 'Windows 10 or Windows Server 2016', '0', '登录成功', '2021-10-24 17:59:55');
INSERT INTO `sys_logininfor` VALUES (133, 'admin', '127.0.0.1', '内网IP', 'Chrome', 'Windows 10 or Windows Server 2016', '0', '登录成功', '2021-10-24 18:54:24');
INSERT INTO `sys_logininfor` VALUES (134, 'admin', '127.0.0.1', '内网IP', 'MSEdge', 'Windows 10 or Windows Server 2016', '0', '登录成功', '2021-10-25 15:06:01');
INSERT INTO `sys_logininfor` VALUES (135, 'admin', '127.0.0.1', '内网IP', 'Chrome', 'Windows 10 or Windows Server 2016', '0', '登录成功', '2021-10-25 15:36:54');
INSERT INTO `sys_logininfor` VALUES (136, 'admin', '127.0.0.1', '内网IP', 'Chrome', 'Windows 10 or Windows Server 2016', '0', '登录成功', '2021-10-25 17:43:14');
INSERT INTO `sys_logininfor` VALUES (137, 'admin', '127.0.0.1', '内网IP', 'MSEdge', 'Windows 10 or Windows Server 2016', '1', '验证码已失效', '2021-10-26 14:07:12');
INSERT INTO `sys_logininfor` VALUES (138, 'admin', '127.0.0.1', '内网IP', 'MSEdge', 'Windows 10 or Windows Server 2016', '0', '登录成功', '2021-10-26 14:07:21');
INSERT INTO `sys_logininfor` VALUES (139, 'admin', '127.0.0.1', '内网IP', 'Chrome', 'Windows 10 or Windows Server 2016', '0', '登录成功', '2021-10-26 14:12:08');
INSERT INTO `sys_logininfor` VALUES (140, 'admin', '127.0.0.1', '内网IP', 'Chrome', 'Windows 10 or Windows Server 2016', '0', '登录成功', '2021-10-26 15:52:39');
INSERT INTO `sys_logininfor` VALUES (141, 'admin', '127.0.0.1', '内网IP', 'Chrome', 'Windows 10 or Windows Server 2016', '0', '登录成功', '2021-10-26 16:38:32');
INSERT INTO `sys_logininfor` VALUES (142, 'admin', '127.0.0.1', '内网IP', 'MSEdge', 'Windows 10 or Windows Server 2016', '1', '验证码已失效', '2021-10-30 15:42:17');
INSERT INTO `sys_logininfor` VALUES (143, 'admin', '127.0.0.1', '内网IP', 'MSEdge', 'Windows 10 or Windows Server 2016', '0', '登录成功', '2021-10-30 15:42:24');
INSERT INTO `sys_logininfor` VALUES (144, 'admin', '127.0.0.1', '内网IP', 'MSEdge', 'Windows 10 or Windows Server 2016', '0', '登录成功', '2021-10-30 16:45:35');
INSERT INTO `sys_logininfor` VALUES (145, 'admin', '127.0.0.1', '内网IP', 'Chrome', 'Windows 10 or Windows Server 2016', '0', '登录成功', '2021-11-02 14:38:27');
INSERT INTO `sys_logininfor` VALUES (146, 'admin', '127.0.0.1', '内网IP', 'Chrome', 'Windows 10 or Windows Server 2016', '0', '登录成功', '2021-11-02 17:34:41');
INSERT INTO `sys_logininfor` VALUES (147, 'admin', '127.0.0.1', '内网IP', 'Chrome', 'Windows 10 or Windows Server 2016', '0', '登录成功', '2021-11-03 14:43:33');
INSERT INTO `sys_logininfor` VALUES (148, 'admin', '127.0.0.1', '内网IP', 'Chrome', 'Windows 10 or Windows Server 2016', '0', '登录成功', '2021-11-03 16:07:49');
INSERT INTO `sys_logininfor` VALUES (149, 'admin', '127.0.0.1', '内网IP', 'Chrome', 'Windows 10 or Windows Server 2016', '0', '登录成功', '2021-11-03 17:13:21');
INSERT INTO `sys_logininfor` VALUES (150, '', '0:0:0:0:0:0:0:1', '内网IP', 'MicroMessenger', 'iPhone', '1', '验证码已失效', '2021-11-08 21:42:20');
INSERT INTO `sys_logininfor` VALUES (151, 'admin', '0:0:0:0:0:0:0:1', '内网IP', 'MicroMessenger', 'iPhone', '0', '登录成功', '2021-11-08 22:15:11');
INSERT INTO `sys_logininfor` VALUES (152, 'admin', '0:0:0:0:0:0:0:1', '内网IP', 'MicroMessenger', 'iPhone', '0', '登录成功', '2021-11-09 14:40:19');
INSERT INTO `sys_logininfor` VALUES (153, 'admin', '0:0:0:0:0:0:0:1', '内网IP', 'MicroMessenger', 'iPhone', '0', '登录成功', '2021-11-09 15:12:13');
INSERT INTO `sys_logininfor` VALUES (154, 'admin', '0:0:0:0:0:0:0:1', '内网IP', 'MicroMessenger', 'iPhone', '0', '登录成功', '2021-11-09 15:12:35');
INSERT INTO `sys_logininfor` VALUES (155, 'admin', '0:0:0:0:0:0:0:1', '内网IP', 'MicroMessenger', 'iPhone', '0', '登录成功', '2021-11-09 15:13:31');
INSERT INTO `sys_logininfor` VALUES (156, 'admin', '0:0:0:0:0:0:0:1', '内网IP', 'MicroMessenger', 'iPhone', '0', '登录成功', '2021-11-09 15:46:18');
INSERT INTO `sys_logininfor` VALUES (157, 'admin', '0:0:0:0:0:0:0:1', '内网IP', 'MicroMessenger', 'iPhone', '0', '登录成功', '2021-11-09 15:50:35');
INSERT INTO `sys_logininfor` VALUES (158, 'admin', '0:0:0:0:0:0:0:1', '内网IP', 'MicroMessenger', 'iPhone', '0', '登录成功', '2021-11-09 15:55:05');
INSERT INTO `sys_logininfor` VALUES (159, 'admin', '0:0:0:0:0:0:0:1', '内网IP', 'MicroMessenger', 'iPhone', '0', '登录成功', '2021-11-09 15:55:35');
INSERT INTO `sys_logininfor` VALUES (160, 'admin', '0:0:0:0:0:0:0:1', '内网IP', 'MicroMessenger', 'iPhone', '0', '登录成功', '2021-11-09 15:59:35');
INSERT INTO `sys_logininfor` VALUES (161, 'admin', '0:0:0:0:0:0:0:1', '内网IP', 'MicroMessenger', 'iPhone', '0', '登录成功', '2021-11-09 16:43:27');
INSERT INTO `sys_logininfor` VALUES (162, 'admin', '0:0:0:0:0:0:0:1', '内网IP', 'MicroMessenger', 'iPhone', '0', '登录成功', '2021-11-09 16:44:39');
INSERT INTO `sys_logininfor` VALUES (163, 'admin', '0:0:0:0:0:0:0:1', '内网IP', 'MicroMessenger', 'iPhone', '0', '登录成功', '2021-11-09 16:45:19');
INSERT INTO `sys_logininfor` VALUES (164, 'admin', '0:0:0:0:0:0:0:1', '内网IP', 'MicroMessenger', 'iPhone', '0', '登录成功', '2021-11-09 16:46:35');
INSERT INTO `sys_logininfor` VALUES (165, 'admin', '0:0:0:0:0:0:0:1', '内网IP', 'MicroMessenger', 'iPhone', '0', '登录成功', '2021-11-09 16:47:37');
INSERT INTO `sys_logininfor` VALUES (166, 'admin', '0:0:0:0:0:0:0:1', '内网IP', 'MicroMessenger', 'iPhone', '0', '登录成功', '2021-11-09 16:47:38');
INSERT INTO `sys_logininfor` VALUES (167, 'admin', '127.0.0.1', '内网IP', 'MSEdge', 'Windows 10 or Windows Server 2016', '1', '验证码错误', '2021-11-09 19:38:46');
INSERT INTO `sys_logininfor` VALUES (168, 'admin', '127.0.0.1', '内网IP', 'MSEdge', 'Windows 10 or Windows Server 2016', '0', '登录成功', '2021-11-09 19:38:54');
INSERT INTO `sys_logininfor` VALUES (169, 'admin', '127.0.0.1', '内网IP', 'MSEdge', 'Windows 10 or Windows Server 2016', '0', '登录成功', '2021-11-09 22:09:11');
INSERT INTO `sys_logininfor` VALUES (170, 'admin', '127.0.0.1', '内网IP', 'MSEdge', 'Windows 10 or Windows Server 2016', '0', '退出成功', '2021-11-09 22:10:05');
INSERT INTO `sys_logininfor` VALUES (171, 'admin', '127.0.0.1', '内网IP', 'MSEdge', 'Windows 10 or Windows Server 2016', '0', '登录成功', '2021-11-09 22:10:13');
INSERT INTO `sys_logininfor` VALUES (172, 'qwerr', '0:0:0:0:0:0:0:1', '内网IP', 'MicroMessenger', 'iPhone', '0', '注册成功', '2021-11-10 16:18:03');
INSERT INTO `sys_logininfor` VALUES (173, 'admin', '0:0:0:0:0:0:0:1', '内网IP', 'MicroMessenger', 'iPhone', '0', '登录成功', '2021-11-10 16:34:58');
INSERT INTO `sys_logininfor` VALUES (174, 'admin', '0:0:0:0:0:0:0:1', '内网IP', 'MicroMessenger', 'iPhone', '0', '登录成功', '2021-11-10 16:57:14');
INSERT INTO `sys_logininfor` VALUES (175, 'qqqwer', '0:0:0:0:0:0:0:1', '内网IP', 'MicroMessenger', 'iPhone', '0', '注册成功', '2021-11-10 16:57:39');
INSERT INTO `sys_logininfor` VALUES (176, 'qqqwer', '0:0:0:0:0:0:0:1', '内网IP', 'MicroMessenger', 'iPhone', '0', '登录成功', '2021-11-10 16:57:39');
INSERT INTO `sys_logininfor` VALUES (177, 'qqqwer', '0:0:0:0:0:0:0:1', '内网IP', 'MicroMessenger', 'iPhone', '1', '用户不存在/密码错误', '2021-11-10 16:58:01');
INSERT INTO `sys_logininfor` VALUES (178, 'qqqwer', '0:0:0:0:0:0:0:1', '内网IP', 'MicroMessenger', 'iPhone', '0', '登录成功', '2021-11-10 20:05:41');
INSERT INTO `sys_logininfor` VALUES (179, 'qqqwer', '0:0:0:0:0:0:0:1', '内网IP', 'MicroMessenger', 'iPhone', '1', '用户不存在/密码错误', '2021-11-10 20:06:52');
INSERT INTO `sys_logininfor` VALUES (180, 'qqqwer', '0:0:0:0:0:0:0:1', '内网IP', 'MicroMessenger', 'iPhone', '0', '登录成功', '2021-11-10 20:08:47');
INSERT INTO `sys_logininfor` VALUES (181, 'qqqwer', '0:0:0:0:0:0:0:1', '内网IP', 'MicroMessenger', 'iPhone', '0', '登录成功', '2021-11-10 20:10:34');
INSERT INTO `sys_logininfor` VALUES (182, 'qqqwer', '0:0:0:0:0:0:0:1', '内网IP', 'MicroMessenger', 'iPhone', '0', '登录成功', '2021-11-10 20:13:59');
INSERT INTO `sys_logininfor` VALUES (183, 'qqqwer', '0:0:0:0:0:0:0:1', '内网IP', 'MicroMessenger', 'iPhone', '1', '用户不存在/密码错误', '2021-11-10 20:14:57');
INSERT INTO `sys_logininfor` VALUES (184, 'qqqwer', '0:0:0:0:0:0:0:1', '内网IP', 'MicroMessenger', 'iPhone', '1', '用户不存在/密码错误', '2021-11-10 20:15:00');
INSERT INTO `sys_logininfor` VALUES (185, 'qqqwer', '0:0:0:0:0:0:0:1', '内网IP', 'MicroMessenger', 'iPhone', '0', '登录成功', '2021-11-10 20:16:50');
INSERT INTO `sys_logininfor` VALUES (186, 'qqqwer', '0:0:0:0:0:0:0:1', '内网IP', 'MicroMessenger', 'iPhone', '0', '登录成功', '2021-11-10 20:17:12');
INSERT INTO `sys_logininfor` VALUES (187, 'qqqwer', '0:0:0:0:0:0:0:1', '内网IP', 'MicroMessenger', 'iPhone', '0', '登录成功', '2021-11-10 20:17:27');
INSERT INTO `sys_logininfor` VALUES (188, 'qqqwer', '0:0:0:0:0:0:0:1', '内网IP', 'MicroMessenger', 'iPhone', '0', '登录成功', '2021-11-10 20:17:42');
INSERT INTO `sys_logininfor` VALUES (189, 'qqqwer', '0:0:0:0:0:0:0:1', '内网IP', 'MicroMessenger', 'iPhone', '0', '登录成功', '2021-11-10 20:18:06');
INSERT INTO `sys_logininfor` VALUES (190, 'qqqwer', '0:0:0:0:0:0:0:1', '内网IP', 'MicroMessenger', 'iPhone', '0', '登录成功', '2021-11-10 20:23:21');
INSERT INTO `sys_logininfor` VALUES (191, 'qqqwer', '0:0:0:0:0:0:0:1', '内网IP', 'MicroMessenger', 'iPhone', '0', '登录成功', '2021-11-10 20:25:15');
INSERT INTO `sys_logininfor` VALUES (192, 'qqqwer', '0:0:0:0:0:0:0:1', '内网IP', 'MicroMessenger', 'iPhone', '0', '登录成功', '2021-11-10 20:27:08');
INSERT INTO `sys_logininfor` VALUES (193, 'qqqwer', '0:0:0:0:0:0:0:1', '内网IP', 'MicroMessenger', 'iPhone', '0', '登录成功', '2021-11-10 20:28:44');
INSERT INTO `sys_logininfor` VALUES (194, 'qqqwer', '0:0:0:0:0:0:0:1', '内网IP', 'MicroMessenger', 'iPhone', '0', '登录成功', '2021-11-10 20:28:52');
INSERT INTO `sys_logininfor` VALUES (195, 'qqqwer', '0:0:0:0:0:0:0:1', '内网IP', 'MicroMessenger', 'iPhone', '0', '登录成功', '2021-11-10 20:29:30');
INSERT INTO `sys_logininfor` VALUES (196, 'qqqwer', '0:0:0:0:0:0:0:1', '内网IP', 'MicroMessenger', 'iPhone', '0', '登录成功', '2021-11-10 20:30:54');
INSERT INTO `sys_logininfor` VALUES (197, 'qqqwer', '0:0:0:0:0:0:0:1', '内网IP', 'MicroMessenger', 'iPhone', '0', '登录成功', '2021-11-10 20:31:25');
INSERT INTO `sys_logininfor` VALUES (198, 'qqqwer', '0:0:0:0:0:0:0:1', '内网IP', 'MicroMessenger', 'iPhone', '0', '登录成功', '2021-11-10 20:31:38');
INSERT INTO `sys_logininfor` VALUES (199, 'qqqwer', '0:0:0:0:0:0:0:1', '内网IP', 'MicroMessenger', 'iPhone', '0', '登录成功', '2021-11-10 21:02:07');
INSERT INTO `sys_logininfor` VALUES (200, 'admin', '127.0.0.1', '内网IP', 'MSEdge', 'Windows 10 or Windows Server 2016', '0', '登录成功', '2021-11-11 12:37:22');
INSERT INTO `sys_logininfor` VALUES (201, 'admin', '0:0:0:0:0:0:0:1', '内网IP', 'MicroMessenger', 'iPhone', '0', '登录成功', '2021-11-11 14:56:36');
INSERT INTO `sys_logininfor` VALUES (202, 'admin', '0:0:0:0:0:0:0:1', '内网IP', 'MicroMessenger', 'iPhone', '0', '登录成功', '2021-11-11 15:40:03');
INSERT INTO `sys_logininfor` VALUES (203, 'admin', '0:0:0:0:0:0:0:1', '内网IP', 'MicroMessenger', 'iPhone', '0', '登录成功', '2021-11-11 15:44:14');
INSERT INTO `sys_logininfor` VALUES (204, 'admin', '0:0:0:0:0:0:0:1', '内网IP', 'MicroMessenger', 'iPhone', '0', '登录成功', '2021-11-11 15:54:45');
INSERT INTO `sys_logininfor` VALUES (205, 'admin', '0:0:0:0:0:0:0:1', '内网IP', 'MicroMessenger', 'iPhone', '0', '登录成功', '2021-11-11 17:05:42');
INSERT INTO `sys_logininfor` VALUES (206, 'admin', '0:0:0:0:0:0:0:1', '内网IP', 'MicroMessenger', 'iPhone', '0', '登录成功', '2021-11-11 17:57:45');
INSERT INTO `sys_logininfor` VALUES (207, 'admin', '0:0:0:0:0:0:0:1', '内网IP', 'MicroMessenger', 'iPhone', '0', '登录成功', '2021-11-11 17:58:38');
INSERT INTO `sys_logininfor` VALUES (208, 'admin', '0:0:0:0:0:0:0:1', '内网IP', 'MicroMessenger', 'iPhone', '0', '登录成功', '2021-11-11 18:00:33');
INSERT INTO `sys_logininfor` VALUES (209, 'admin', '0:0:0:0:0:0:0:1', '内网IP', 'MicroMessenger', 'iPhone', '0', '登录成功', '2021-11-11 18:02:47');
INSERT INTO `sys_logininfor` VALUES (210, 'admin', '0:0:0:0:0:0:0:1', '内网IP', 'MicroMessenger', 'iPhone', '0', '登录成功', '2021-11-11 18:08:08');
INSERT INTO `sys_logininfor` VALUES (211, 'admin', '0:0:0:0:0:0:0:1', '内网IP', 'MicroMessenger', 'iPhone', '0', '登录成功', '2021-11-11 18:13:06');
INSERT INTO `sys_logininfor` VALUES (212, 'admin', '0:0:0:0:0:0:0:1', '内网IP', 'MicroMessenger', 'iPhone', '0', '登录成功', '2021-11-11 18:19:38');
INSERT INTO `sys_logininfor` VALUES (213, 'admin', '0:0:0:0:0:0:0:1', '内网IP', 'MicroMessenger', 'iPhone', '0', '登录成功', '2021-11-11 18:22:27');
INSERT INTO `sys_logininfor` VALUES (214, 'admin', '0:0:0:0:0:0:0:1', '内网IP', 'MicroMessenger', 'iPhone', '0', '登录成功', '2021-11-16 20:07:44');
INSERT INTO `sys_logininfor` VALUES (215, 'admin', '0:0:0:0:0:0:0:1', '内网IP', 'MicroMessenger', 'iPhone', '0', '登录成功', '2021-11-16 20:24:51');
INSERT INTO `sys_logininfor` VALUES (216, 'admin', '0:0:0:0:0:0:0:1', '内网IP', 'MicroMessenger', 'iPhone', '0', '登录成功', '2021-11-16 21:51:57');
INSERT INTO `sys_logininfor` VALUES (217, 'admin', '0:0:0:0:0:0:0:1', '内网IP', 'MicroMessenger', 'iPhone', '0', '登录成功', '2021-11-16 22:04:17');
INSERT INTO `sys_logininfor` VALUES (218, 'admin', '0:0:0:0:0:0:0:1', '内网IP', 'MicroMessenger', 'iPhone', '0', '登录成功', '2021-11-17 14:36:04');
INSERT INTO `sys_logininfor` VALUES (219, 'admin', '0:0:0:0:0:0:0:1', '内网IP', 'MicroMessenger', 'iPhone', '0', '登录成功', '2021-11-17 14:52:21');
INSERT INTO `sys_logininfor` VALUES (220, 'admin', '0:0:0:0:0:0:0:1', '内网IP', 'MicroMessenger', 'iPhone', '0', '登录成功', '2021-11-17 14:55:35');
INSERT INTO `sys_logininfor` VALUES (221, 'admin', '127.0.0.1', '内网IP', 'Chrome', 'Windows 10 or Windows Server 2016', '0', '登录成功', '2021-11-17 16:13:06');
INSERT INTO `sys_logininfor` VALUES (222, 'admin', '127.0.0.1', '内网IP', 'Chrome', 'Windows 10 or Windows Server 2016', '0', '登录成功', '2021-11-17 17:11:17');
INSERT INTO `sys_logininfor` VALUES (223, 'admin', '127.0.0.1', '内网IP', 'Chrome', 'Windows 10 or Windows Server 2016', '0', '登录成功', '2021-11-17 20:39:51');
INSERT INTO `sys_logininfor` VALUES (224, 'admin', '127.0.0.1', '内网IP', 'Chrome', 'Windows 10 or Windows Server 2016', '0', '登录成功', '2021-11-17 21:12:08');
INSERT INTO `sys_logininfor` VALUES (225, 'admin', '127.0.0.1', '内网IP', 'MSEdge', 'Windows 10 or Windows Server 2016', '0', '登录成功', '2021-11-18 14:23:21');
INSERT INTO `sys_logininfor` VALUES (226, 'admin', '127.0.0.1', '内网IP', 'MSEdge', 'Windows 10 or Windows Server 2016', '0', '登录成功', '2021-11-18 20:39:45');
INSERT INTO `sys_logininfor` VALUES (227, 'admin', '127.0.0.1', '内网IP', 'Chrome', 'Windows 10 or Windows Server 2016', '0', '登录成功', '2021-11-18 20:44:11');
INSERT INTO `sys_logininfor` VALUES (228, 'admin', '127.0.0.1', '内网IP', 'Chrome', 'Windows 10 or Windows Server 2016', '0', '登录成功', '2021-11-18 21:51:10');
INSERT INTO `sys_logininfor` VALUES (229, 'admin', '127.0.0.1', '内网IP', 'Chrome', 'Windows 10 or Windows Server 2016', '0', '登录成功', '2021-11-19 20:54:41');
INSERT INTO `sys_logininfor` VALUES (230, 'admin', '127.0.0.1', '内网IP', 'Chrome', 'Windows 10 or Windows Server 2016', '1', '验证码错误', '2021-11-19 21:44:22');
INSERT INTO `sys_logininfor` VALUES (231, 'admin', '127.0.0.1', '内网IP', 'Chrome', 'Windows 10 or Windows Server 2016', '0', '登录成功', '2021-11-19 21:44:28');
INSERT INTO `sys_logininfor` VALUES (232, 'admin', '127.0.0.1', '内网IP', 'MSEdge', 'Windows 10 or Windows Server 2016', '0', '登录成功', '2021-11-20 14:26:59');
INSERT INTO `sys_logininfor` VALUES (233, 'admin', '127.0.0.1', '内网IP', 'Chrome', 'Windows 10 or Windows Server 2016', '0', '登录成功', '2021-11-20 14:27:47');
INSERT INTO `sys_logininfor` VALUES (234, 'admin', '127.0.0.1', '内网IP', 'Chrome', 'Windows 10 or Windows Server 2016', '1', '验证码已失效', '2021-11-20 19:19:14');
INSERT INTO `sys_logininfor` VALUES (235, 'admin', '127.0.0.1', '内网IP', 'Chrome', 'Windows 10 or Windows Server 2016', '1', '验证码错误', '2021-11-20 19:20:48');
INSERT INTO `sys_logininfor` VALUES (236, 'admin', '127.0.0.1', '内网IP', 'Chrome', 'Windows 10 or Windows Server 2016', '0', '登录成功', '2021-11-20 19:20:53');
INSERT INTO `sys_logininfor` VALUES (237, 'admin', '127.0.0.1', '内网IP', 'Chrome', 'Windows 10 or Windows Server 2016', '0', '退出成功', '2021-11-20 20:44:39');
INSERT INTO `sys_logininfor` VALUES (238, 'admin', '127.0.0.1', '内网IP', 'Chrome', 'Windows 10 or Windows Server 2016', '0', '登录成功', '2021-11-20 20:45:48');
INSERT INTO `sys_logininfor` VALUES (239, 'admin', '127.0.0.1', '内网IP', 'Chrome', 'Windows 10 or Windows Server 2016', '0', '登录成功', '2021-11-20 21:35:29');
INSERT INTO `sys_logininfor` VALUES (240, 'admin', '127.0.0.1', '内网IP', 'MSEdge', 'Windows 10 or Windows Server 2016', '0', '登录成功', '2021-11-21 15:30:51');
INSERT INTO `sys_logininfor` VALUES (241, 'admin', '127.0.0.1', '内网IP', 'Chrome', 'Windows 10 or Windows Server 2016', '0', '登录成功', '2021-11-21 15:51:13');
INSERT INTO `sys_logininfor` VALUES (242, 'admin', '127.0.0.1', '内网IP', 'Chrome', 'Windows 10 or Windows Server 2016', '0', '登录成功', '2021-11-21 16:38:59');
INSERT INTO `sys_logininfor` VALUES (243, 'admin', '127.0.0.1', '内网IP', 'MSEdge', 'Windows 10 or Windows Server 2016', '0', '登录成功', '2021-11-21 16:47:51');
INSERT INTO `sys_logininfor` VALUES (244, 'admin', '0:0:0:0:0:0:0:1', '内网IP', 'MicroMessenger', 'iPhone', '0', '登录成功', '2021-11-22 15:34:12');
INSERT INTO `sys_logininfor` VALUES (245, 'admin', '0:0:0:0:0:0:0:1', '内网IP', 'MicroMessenger', 'iPhone', '0', '登录成功', '2021-11-22 15:51:11');
INSERT INTO `sys_logininfor` VALUES (246, 'admin', '0:0:0:0:0:0:0:1', '内网IP', 'MicroMessenger', 'iPhone', '0', '登录成功', '2021-11-22 15:54:02');
INSERT INTO `sys_logininfor` VALUES (247, 'admin', '0:0:0:0:0:0:0:1', '内网IP', 'MicroMessenger', 'iPhone', '0', '登录成功', '2021-11-22 16:01:44');
INSERT INTO `sys_logininfor` VALUES (248, 'admin', '0:0:0:0:0:0:0:1', '内网IP', 'MicroMessenger', 'iPhone', '0', '登录成功', '2021-11-22 16:05:43');
INSERT INTO `sys_logininfor` VALUES (249, 'admin', '127.0.0.1', '内网IP', 'MSEdge', 'Windows 10 or Windows Server 2016', '0', '登录成功', '2021-11-22 19:42:45');
INSERT INTO `sys_logininfor` VALUES (250, 'admin', '127.0.0.1', '内网IP', 'MSEdge', 'Windows 10 or Windows Server 2016', '0', '登录成功', '2021-11-23 18:44:22');
INSERT INTO `sys_logininfor` VALUES (251, 'admin', '127.0.0.1', '内网IP', 'MSEdge', 'Windows 10 or Windows Server 2016', '0', '登录成功', '2021-11-23 20:14:23');
INSERT INTO `sys_logininfor` VALUES (252, 'admin', '127.0.0.1', '内网IP', 'MSEdge', 'Windows 10 or Windows Server 2016', '0', '登录成功', '2021-11-23 20:28:20');
INSERT INTO `sys_logininfor` VALUES (253, 'admin', '127.0.0.1', '内网IP', 'MSEdge', 'Windows 10 or Windows Server 2016', '1', '验证码错误', '2021-11-23 21:06:06');
INSERT INTO `sys_logininfor` VALUES (254, 'admin', '127.0.0.1', '内网IP', 'MSEdge', 'Windows 10 or Windows Server 2016', '0', '登录成功', '2021-11-23 21:06:12');
INSERT INTO `sys_logininfor` VALUES (255, 'admin', '127.0.0.1', '内网IP', 'MSEdge', 'Windows 10 or Windows Server 2016', '0', '登录成功', '2021-11-24 15:11:44');
INSERT INTO `sys_logininfor` VALUES (256, 'admin', '0:0:0:0:0:0:0:1', '内网IP', 'MicroMessenger', 'iPhone', '0', '登录成功', '2021-11-25 20:02:43');
INSERT INTO `sys_logininfor` VALUES (257, 'admin', '0:0:0:0:0:0:0:1', '内网IP', 'MicroMessenger', 'iPhone', '0', '登录成功', '2021-11-27 17:21:38');
INSERT INTO `sys_logininfor` VALUES (258, 'admin', '0:0:0:0:0:0:0:1', '内网IP', 'MicroMessenger', 'iPhone', '0', '登录成功', '2021-11-27 21:14:07');
INSERT INTO `sys_logininfor` VALUES (259, 'admin', '0:0:0:0:0:0:0:1', '内网IP', 'MicroMessenger', 'iPhone', '0', '登录成功', '2021-11-27 22:44:30');
INSERT INTO `sys_logininfor` VALUES (260, 'admin', '127.0.0.1', '内网IP', 'MSEdge', 'Windows 10 or Windows Server 2016', '1', '验证码已失效', '2021-11-30 16:10:26');
INSERT INTO `sys_logininfor` VALUES (261, 'admin', '127.0.0.1', '内网IP', 'MSEdge', 'Windows 10 or Windows Server 2016', '0', '登录成功', '2021-11-30 16:10:30');
INSERT INTO `sys_logininfor` VALUES (262, 'admin', '127.0.0.1', '内网IP', 'Chrome', 'Windows 10 or Windows Server 2016', '0', '登录成功', '2021-11-30 17:22:11');
INSERT INTO `sys_logininfor` VALUES (263, 'admin', '127.0.0.1', '内网IP', 'Chrome', 'Windows 10 or Windows Server 2016', '0', '登录成功', '2021-11-30 18:51:30');
INSERT INTO `sys_logininfor` VALUES (264, 'admin', '127.0.0.1', '内网IP', 'MSEdge', 'Windows 10 or Windows Server 2016', '0', '登录成功', '2021-12-04 16:10:12');
INSERT INTO `sys_logininfor` VALUES (265, 'admin', '127.0.0.1', '内网IP', 'Chrome', 'Windows 10 or Windows Server 2016', '0', '登录成功', '2021-12-04 16:47:02');
INSERT INTO `sys_logininfor` VALUES (266, 'admin', '0:0:0:0:0:0:0:1', '内网IP', 'MicroMessenger', 'iPhone', '0', '登录成功', '2021-12-04 16:57:53');
INSERT INTO `sys_logininfor` VALUES (267, 'admin', '0:0:0:0:0:0:0:1', '内网IP', 'MicroMessenger', 'iPhone', '0', '登录成功', '2021-12-04 17:21:28');
INSERT INTO `sys_logininfor` VALUES (268, 'admin', '0:0:0:0:0:0:0:1', '内网IP', 'MicroMessenger', 'iPhone', '0', '登录成功', '2021-12-04 17:30:25');
INSERT INTO `sys_logininfor` VALUES (269, 'admin', '0:0:0:0:0:0:0:1', '内网IP', 'MicroMessenger', 'iPhone', '0', '登录成功', '2021-12-04 17:32:13');
INSERT INTO `sys_logininfor` VALUES (270, 'admin', '127.0.0.1', '内网IP', 'MSEdge', 'Windows 10 or Windows Server 2016', '0', '登录成功', '2021-12-04 17:36:41');
INSERT INTO `sys_logininfor` VALUES (271, 'admin', '0:0:0:0:0:0:0:1', '内网IP', 'MicroMessenger', 'iPhone', '0', '登录成功', '2021-12-04 17:54:36');
INSERT INTO `sys_logininfor` VALUES (272, 'admin', '127.0.0.1', '内网IP', 'MSEdge', 'Windows 10 or Windows Server 2016', '0', '登录成功', '2021-12-04 18:01:31');
INSERT INTO `sys_logininfor` VALUES (273, 'admin', '0:0:0:0:0:0:0:1', '内网IP', 'MicroMessenger', 'iPhone', '0', '登录成功', '2021-12-04 18:05:18');
INSERT INTO `sys_logininfor` VALUES (274, 'admin', '127.0.0.1', '内网IP', 'MSEdge', 'Windows 10 or Windows Server 2016', '0', '登录成功', '2021-12-04 18:08:35');
INSERT INTO `sys_logininfor` VALUES (275, 'admin', '0:0:0:0:0:0:0:1', '内网IP', 'MicroMessenger', 'iPhone', '0', '登录成功', '2021-12-04 19:49:40');
INSERT INTO `sys_logininfor` VALUES (276, 'admin', '127.0.0.1', '内网IP', 'MSEdge', 'Windows 10 or Windows Server 2016', '0', '登录成功', '2021-12-09 10:42:04');
INSERT INTO `sys_logininfor` VALUES (277, 'admin', '127.0.0.1', '内网IP', 'MSEdge', 'Windows 10 or Windows Server 2016', '0', '登录成功', '2022-02-26 13:40:33');
INSERT INTO `sys_logininfor` VALUES (278, 'admin', '127.0.0.1', '内网IP', 'MSEdge', 'Windows 10 or Windows Server 2016', '0', '退出成功', '2022-02-26 13:43:13');
INSERT INTO `sys_logininfor` VALUES (279, 'ry', '127.0.0.1', '内网IP', 'MSEdge', 'Windows 10 or Windows Server 2016', '0', '登录成功', '2022-02-26 13:43:20');
INSERT INTO `sys_logininfor` VALUES (280, 'ry', '127.0.0.1', '内网IP', 'MSEdge', 'Windows 10 or Windows Server 2016', '0', '退出成功', '2022-02-26 13:43:50');
INSERT INTO `sys_logininfor` VALUES (281, 'admin', '127.0.0.1', '内网IP', 'MSEdge', 'Windows 10 or Windows Server 2016', '0', '登录成功', '2022-02-26 13:43:56');
INSERT INTO `sys_logininfor` VALUES (282, 'admin', '127.0.0.1', '内网IP', 'MSEdge', 'Windows 10 or Windows Server 2016', '0', '登录成功', '2022-02-26 15:12:47');
INSERT INTO `sys_logininfor` VALUES (283, 'admin', '127.0.0.1', '内网IP', 'MSEdge', 'Windows 10 or Windows Server 2016', '0', '退出成功', '2022-02-26 15:45:01');
INSERT INTO `sys_logininfor` VALUES (284, 'ry', '127.0.0.1', '内网IP', 'MSEdge', 'Windows 10 or Windows Server 2016', '0', '登录成功', '2022-02-26 15:45:08');
INSERT INTO `sys_logininfor` VALUES (285, 'ry', '127.0.0.1', '内网IP', 'MSEdge', 'Windows 10 or Windows Server 2016', '0', '退出成功', '2022-02-26 15:45:46');
INSERT INTO `sys_logininfor` VALUES (286, 'admin', '127.0.0.1', '内网IP', 'MSEdge', 'Windows 10 or Windows Server 2016', '0', '登录成功', '2022-02-26 15:45:50');
INSERT INTO `sys_logininfor` VALUES (287, 'admin', '127.0.0.1', '内网IP', 'MSEdge', 'Windows 10 or Windows Server 2016', '0', '退出成功', '2022-02-26 15:55:12');
INSERT INTO `sys_logininfor` VALUES (288, 'ry', '127.0.0.1', '内网IP', 'MSEdge', 'Windows 10 or Windows Server 2016', '0', '登录成功', '2022-02-26 15:55:21');
INSERT INTO `sys_logininfor` VALUES (289, 'ry', '127.0.0.1', '内网IP', 'Chrome', 'Windows 10 or Windows Server 2016', '0', '登录成功', '2022-02-26 15:56:55');
INSERT INTO `sys_logininfor` VALUES (290, 'ry', '127.0.0.1', '内网IP', 'Chrome', 'Windows 10 or Windows Server 2016', '0', '退出成功', '2022-02-26 16:10:05');
INSERT INTO `sys_logininfor` VALUES (291, 'admin', '127.0.0.1', '内网IP', 'Chrome', 'Windows 10 or Windows Server 2016', '0', '登录成功', '2022-02-26 16:10:12');
INSERT INTO `sys_logininfor` VALUES (292, 'admin', '127.0.0.1', '内网IP', 'Chrome', 'Windows 10 or Windows Server 2016', '0', '退出成功', '2022-02-26 16:14:27');
INSERT INTO `sys_logininfor` VALUES (293, 'ry', '127.0.0.1', '内网IP', 'Chrome', 'Windows 10 or Windows Server 2016', '0', '登录成功', '2022-02-26 16:14:36');
INSERT INTO `sys_logininfor` VALUES (294, 'ry', '127.0.0.1', '内网IP', 'Chrome', 'Windows 10 or Windows Server 2016', '0', '退出成功', '2022-02-26 16:14:59');
INSERT INTO `sys_logininfor` VALUES (295, 'admin', '127.0.0.1', '内网IP', 'Chrome', 'Windows 10 or Windows Server 2016', '0', '登录成功', '2022-02-26 16:15:05');
INSERT INTO `sys_logininfor` VALUES (296, 'admin', '127.0.0.1', '内网IP', 'Chrome', 'Windows 10 or Windows Server 2016', '0', '退出成功', '2022-02-26 16:18:59');
INSERT INTO `sys_logininfor` VALUES (297, 'ry', '127.0.0.1', '内网IP', 'Chrome', 'Windows 10 or Windows Server 2016', '0', '登录成功', '2022-02-26 16:19:34');
INSERT INTO `sys_logininfor` VALUES (298, 'ry', '127.0.0.1', '内网IP', 'Chrome', 'Windows 10 or Windows Server 2016', '0', '退出成功', '2022-02-26 16:23:52');
INSERT INTO `sys_logininfor` VALUES (299, 'admin', '127.0.0.1', '内网IP', 'Chrome', 'Windows 10 or Windows Server 2016', '0', '登录成功', '2022-02-26 16:23:57');
INSERT INTO `sys_logininfor` VALUES (300, 'admin', '127.0.0.1', '内网IP', 'Chrome', 'Windows 10 or Windows Server 2016', '0', '退出成功', '2022-02-26 16:38:02');
INSERT INTO `sys_logininfor` VALUES (301, 'ry', '127.0.0.1', '内网IP', 'Chrome', 'Windows 10 or Windows Server 2016', '0', '登录成功', '2022-02-26 16:38:10');
INSERT INTO `sys_logininfor` VALUES (302, 'ry', '127.0.0.1', '内网IP', 'Chrome', 'Windows 10 or Windows Server 2016', '0', '退出成功', '2022-02-26 17:06:27');
INSERT INTO `sys_logininfor` VALUES (303, 'admin', '127.0.0.1', '内网IP', 'Chrome', 'Windows 10 or Windows Server 2016', '0', '登录成功', '2022-02-26 17:06:31');
INSERT INTO `sys_logininfor` VALUES (304, 'admin', '127.0.0.1', '内网IP', 'Chrome', 'Windows 10 or Windows Server 2016', '0', '退出成功', '2022-02-26 17:09:39');
INSERT INTO `sys_logininfor` VALUES (305, 'ry', '127.0.0.1', '内网IP', 'Chrome', 'Windows 10 or Windows Server 2016', '0', '登录成功', '2022-02-26 17:09:48');
INSERT INTO `sys_logininfor` VALUES (306, 'ry', '127.0.0.1', '内网IP', 'Chrome', 'Windows 10 or Windows Server 2016', '0', '退出成功', '2022-02-26 17:10:58');
INSERT INTO `sys_logininfor` VALUES (307, 'admin', '127.0.0.1', '内网IP', 'Chrome', 'Windows 10 or Windows Server 2016', '0', '登录成功', '2022-02-26 17:11:04');
INSERT INTO `sys_logininfor` VALUES (308, 'admin', '127.0.0.1', '内网IP', 'Chrome', 'Windows 10 or Windows Server 2016', '0', '退出成功', '2022-02-26 17:12:52');
INSERT INTO `sys_logininfor` VALUES (309, 'ry', '127.0.0.1', '内网IP', 'Chrome', 'Windows 10 or Windows Server 2016', '0', '登录成功', '2022-02-26 17:13:03');
INSERT INTO `sys_logininfor` VALUES (310, 'admin', '127.0.0.1', '内网IP', 'MSEdge', 'Windows 10 or Windows Server 2016', '0', '登录成功', '2022-03-05 16:24:28');
INSERT INTO `sys_logininfor` VALUES (311, 'admin', '0:0:0:0:0:0:0:1', '内网IP', 'MicroMessenger', 'iPhone', '1', '用户不存在/密码错误', '2022-03-05 17:25:10');
INSERT INTO `sys_logininfor` VALUES (312, 'admin', '0:0:0:0:0:0:0:1', '内网IP', 'MicroMessenger', 'iPhone', '1', '用户不存在/密码错误', '2022-03-05 17:25:21');
INSERT INTO `sys_logininfor` VALUES (313, 'admin', '0:0:0:0:0:0:0:1', '内网IP', 'MicroMessenger', 'iPhone', '1', '用户不存在/密码错误', '2022-03-05 17:26:02');
INSERT INTO `sys_logininfor` VALUES (314, 'admin', '0:0:0:0:0:0:0:1', '内网IP', 'MicroMessenger', 'iPhone', '1', '用户不存在/密码错误', '2022-03-05 17:26:09');
INSERT INTO `sys_logininfor` VALUES (315, 'admin', '0:0:0:0:0:0:0:1', '内网IP', 'MicroMessenger', 'iPhone', '0', '登录成功', '2022-03-05 17:28:05');
INSERT INTO `sys_logininfor` VALUES (316, 'admin', '127.0.0.1', '内网IP', 'MSEdge', 'Windows 10 or Windows Server 2016', '0', '登录成功', '2022-04-19 22:29:57');
INSERT INTO `sys_logininfor` VALUES (317, 'admin', '127.0.0.1', '内网IP', 'MSEdge', 'Windows 10 or Windows Server 2016', '0', '退出成功', '2022-04-19 22:31:46');
INSERT INTO `sys_logininfor` VALUES (318, 'ry', '127.0.0.1', '内网IP', 'MSEdge', 'Windows 10 or Windows Server 2016', '0', '登录成功', '2022-04-19 22:31:59');
INSERT INTO `sys_logininfor` VALUES (319, 'ry', '127.0.0.1', '内网IP', 'MSEdge', 'Windows 10 or Windows Server 2016', '0', '退出成功', '2022-04-19 22:32:44');
INSERT INTO `sys_logininfor` VALUES (320, 'admin', '127.0.0.1', '内网IP', 'MSEdge', 'Windows 10 or Windows Server 2016', '0', '登录成功', '2022-04-19 22:32:50');
INSERT INTO `sys_logininfor` VALUES (321, 'admin', '0:0:0:0:0:0:0:1', '内网IP', 'MicroMessenger', 'iPhone', '1', '用户不存在/密码错误', '2022-04-19 22:35:43');
INSERT INTO `sys_logininfor` VALUES (322, 'admin', '0:0:0:0:0:0:0:1', '内网IP', 'MicroMessenger', 'iPhone', '1', '用户不存在/密码错误', '2022-04-19 22:35:50');
INSERT INTO `sys_logininfor` VALUES (323, 'admin', '0:0:0:0:0:0:0:1', '内网IP', 'MicroMessenger', 'iPhone', '0', '登录成功', '2022-04-19 22:35:54');
INSERT INTO `sys_logininfor` VALUES (324, 'admin', '127.0.0.1', '内网IP', 'MSEdge', 'Windows 10 or Windows Server 2016', '0', '退出成功', '2022-04-19 22:46:30');
INSERT INTO `sys_logininfor` VALUES (325, 'ry', '127.0.0.1', '内网IP', 'MSEdge', 'Windows 10 or Windows Server 2016', '0', '登录成功', '2022-04-19 22:46:44');
INSERT INTO `sys_logininfor` VALUES (326, 'ry', '127.0.0.1', '内网IP', 'MSEdge', 'Windows 10 or Windows Server 2016', '0', '退出成功', '2022-04-19 22:53:28');
INSERT INTO `sys_logininfor` VALUES (327, 'admin', '127.0.0.1', '内网IP', 'MSEdge', 'Windows 10 or Windows Server 2016', '1', '验证码错误', '2022-04-19 22:53:35');
INSERT INTO `sys_logininfor` VALUES (328, 'admin', '127.0.0.1', '内网IP', 'MSEdge', 'Windows 10 or Windows Server 2016', '0', '登录成功', '2022-04-19 22:53:46');
INSERT INTO `sys_logininfor` VALUES (329, 'admin', '127.0.0.1', '内网IP', 'MSEdge', 'Windows 10 or Windows Server 2016', '0', '退出成功', '2022-04-19 23:01:05');
INSERT INTO `sys_logininfor` VALUES (330, 'ry', '127.0.0.1', '内网IP', 'MSEdge', 'Windows 10 or Windows Server 2016', '0', '登录成功', '2022-04-19 23:01:15');
INSERT INTO `sys_logininfor` VALUES (331, 'ry', '127.0.0.1', '内网IP', 'MSEdge', 'Windows 10 or Windows Server 2016', '0', '退出成功', '2022-04-19 23:04:17');
INSERT INTO `sys_logininfor` VALUES (332, 'admin', '127.0.0.1', '内网IP', 'MSEdge', 'Windows 10 or Windows Server 2016', '0', '登录成功', '2022-04-19 23:04:26');
INSERT INTO `sys_logininfor` VALUES (333, 'admin', '127.0.0.1', '内网IP', 'MSEdge', 'Windows 10 or Windows Server 2016', '0', '退出成功', '2022-04-19 23:08:34');
INSERT INTO `sys_logininfor` VALUES (334, 'ry', '127.0.0.1', '内网IP', 'MSEdge', 'Windows 10 or Windows Server 2016', '0', '登录成功', '2022-04-19 23:08:43');
INSERT INTO `sys_logininfor` VALUES (335, 'ry', '127.0.0.1', '内网IP', 'MSEdge', 'Windows 10 or Windows Server 2016', '0', '退出成功', '2022-04-19 23:09:23');

-- ----------------------------
-- Table structure for sys_menu
-- ----------------------------
DROP TABLE IF EXISTS `sys_menu`;
CREATE TABLE `sys_menu`  (
  `menu_id` bigint NOT NULL AUTO_INCREMENT COMMENT '菜单ID',
  `menu_name` varchar(50) CHARACTER SET utf8 COLLATE utf8_general_ci NOT NULL COMMENT '菜单名称',
  `parent_id` bigint NULL DEFAULT 0 COMMENT '父菜单ID',
  `order_num` int NULL DEFAULT 0 COMMENT '显示顺序',
  `path` varchar(200) CHARACTER SET utf8 COLLATE utf8_general_ci NULL DEFAULT '' COMMENT '路由地址',
  `component` varchar(255) CHARACTER SET utf8 COLLATE utf8_general_ci NULL DEFAULT NULL COMMENT '组件路径',
  `query` varchar(255) CHARACTER SET utf8 COLLATE utf8_general_ci NULL DEFAULT NULL COMMENT '路由参数',
  `is_frame` int NULL DEFAULT 1 COMMENT '是否为外链（0是 1否）',
  `is_cache` int NULL DEFAULT 0 COMMENT '是否缓存（0缓存 1不缓存）',
  `menu_type` char(1) CHARACTER SET utf8 COLLATE utf8_general_ci NULL DEFAULT '' COMMENT '菜单类型（M目录 C菜单 F按钮）',
  `visible` char(1) CHARACTER SET utf8 COLLATE utf8_general_ci NULL DEFAULT '0' COMMENT '菜单状态（0显示 1隐藏）',
  `status` char(1) CHARACTER SET utf8 COLLATE utf8_general_ci NULL DEFAULT '0' COMMENT '菜单状态（0正常 1停用）',
  `perms` varchar(100) CHARACTER SET utf8 COLLATE utf8_general_ci NULL DEFAULT NULL COMMENT '权限标识',
  `icon` varchar(100) CHARACTER SET utf8 COLLATE utf8_general_ci NULL DEFAULT '#' COMMENT '菜单图标',
  `create_by` varchar(64) CHARACTER SET utf8 COLLATE utf8_general_ci NULL DEFAULT '' COMMENT '创建者',
  `create_time` datetime NULL DEFAULT NULL COMMENT '创建时间',
  `update_by` varchar(64) CHARACTER SET utf8 COLLATE utf8_general_ci NULL DEFAULT '' COMMENT '更新者',
  `update_time` datetime NULL DEFAULT NULL COMMENT '更新时间',
  `remark` varchar(500) CHARACTER SET utf8 COLLATE utf8_general_ci NULL DEFAULT '' COMMENT '备注',
  PRIMARY KEY (`menu_id`) USING BTREE
) ENGINE = InnoDB AUTO_INCREMENT = 2155 CHARACTER SET = utf8 COLLATE = utf8_general_ci COMMENT = '菜单权限表' ROW_FORMAT = Dynamic;

-- ----------------------------
-- Records of sys_menu
-- ----------------------------
INSERT INTO `sys_menu` VALUES (1, '系统管理', 0, 1, 'system', NULL, '', 1, 0, 'M', '0', '0', '', 'system', 'admin', '2021-09-29 19:01:48', '', NULL, '系统管理目录');
INSERT INTO `sys_menu` VALUES (2, '系统监控', 0, 2, 'monitor', NULL, '', 1, 0, 'M', '0', '0', '', 'monitor', 'admin', '2021-09-29 19:01:48', '', NULL, '系统监控目录');
INSERT INTO `sys_menu` VALUES (3, '系统工具', 0, 3, 'tool', NULL, '', 1, 0, 'M', '0', '0', '', 'tool', 'admin', '2021-09-29 19:01:48', '', NULL, '系统工具目录');
INSERT INTO `sys_menu` VALUES (4, '若依官网', 0, 4, 'http://ruoyi.vip', NULL, '', 0, 0, 'M', '0', '0', '', 'guide', 'admin', '2021-09-29 19:01:48', '', NULL, '若依官网地址');
INSERT INTO `sys_menu` VALUES (100, '用户管理', 1, 1, 'user', 'system/user/index', '', 1, 0, 'C', '0', '0', 'system:user:list', 'user', 'admin', '2021-09-29 19:01:48', '', NULL, '用户管理菜单');
INSERT INTO `sys_menu` VALUES (101, '角色管理', 1, 2, 'role', 'system/role/index', '', 1, 0, 'C', '0', '0', 'system:role:list', 'peoples', 'admin', '2021-09-29 19:01:48', '', NULL, '角色管理菜单');
INSERT INTO `sys_menu` VALUES (102, '菜单管理', 1, 3, 'menu', 'system/menu/index', '', 1, 0, 'C', '0', '0', 'system:menu:list', 'tree-table', 'admin', '2021-09-29 19:01:48', '', NULL, '菜单管理菜单');
INSERT INTO `sys_menu` VALUES (103, '部门管理', 1, 4, 'dept', 'system/dept/index', '', 1, 0, 'C', '0', '0', 'system:dept:list', 'tree', 'admin', '2021-09-29 19:01:48', '', NULL, '部门管理菜单');
INSERT INTO `sys_menu` VALUES (104, '岗位管理', 1, 5, 'post', 'system/post/index', '', 1, 0, 'C', '0', '0', 'system:post:list', 'post', 'admin', '2021-09-29 19:01:48', '', NULL, '岗位管理菜单');
INSERT INTO `sys_menu` VALUES (105, '字典管理', 1, 6, 'dict', 'system/dict/index', '', 1, 0, 'C', '0', '0', 'system:dict:list', 'dict', 'admin', '2021-09-29 19:01:48', '', NULL, '字典管理菜单');
INSERT INTO `sys_menu` VALUES (106, '参数设置', 1, 7, 'config', 'system/config/index', '', 1, 0, 'C', '0', '0', 'system:config:list', 'edit', 'admin', '2021-09-29 19:01:48', '', NULL, '参数设置菜单');
INSERT INTO `sys_menu` VALUES (107, '通知公告', 1, 8, 'notice', 'system/notice/index', '', 1, 0, 'C', '0', '0', 'system:notice:list', 'message', 'admin', '2021-09-29 19:01:48', '', NULL, '通知公告菜单');
INSERT INTO `sys_menu` VALUES (108, '日志管理', 1, 9, 'log', '', '', 1, 0, 'M', '0', '0', '', 'log', 'admin', '2021-09-29 19:01:48', '', NULL, '日志管理菜单');
INSERT INTO `sys_menu` VALUES (109, '在线用户', 2, 1, 'online', 'monitor/online/index', '', 1, 0, 'C', '0', '0', 'monitor:online:list', 'online', 'admin', '2021-09-29 19:01:48', '', NULL, '在线用户菜单');
INSERT INTO `sys_menu` VALUES (110, '定时任务', 2, 2, 'job', 'monitor/job/index', '', 1, 0, 'C', '0', '0', 'monitor:job:list', 'job', 'admin', '2021-09-29 19:01:48', '', NULL, '定时任务菜单');
INSERT INTO `sys_menu` VALUES (111, '数据监控', 2, 3, 'druid', 'monitor/druid/index', '', 1, 0, 'C', '0', '0', 'monitor:druid:list', 'druid', 'admin', '2021-09-29 19:01:48', '', NULL, '数据监控菜单');
INSERT INTO `sys_menu` VALUES (112, '服务监控', 2, 4, 'server', 'monitor/server/index', '', 1, 0, 'C', '0', '0', 'monitor:server:list', 'server', 'admin', '2021-09-29 19:01:48', '', NULL, '服务监控菜单');
INSERT INTO `sys_menu` VALUES (113, '缓存监控', 2, 5, 'cache', 'monitor/cache/index', '', 1, 0, 'C', '0', '0', 'monitor:cache:list', 'redis', 'admin', '2021-09-29 19:01:48', '', NULL, '缓存监控菜单');
INSERT INTO `sys_menu` VALUES (114, '表单构建', 3, 1, 'build', 'tool/build/index', '', 1, 0, 'C', '0', '0', 'tool:build:list', 'build', 'admin', '2021-09-29 19:01:48', '', NULL, '表单构建菜单');
INSERT INTO `sys_menu` VALUES (115, '代码生成', 3, 2, 'gen', 'tool/gen/index', '', 1, 0, 'C', '0', '0', 'tool:gen:list', 'code', 'admin', '2021-09-29 19:01:48', '', NULL, '代码生成菜单');
INSERT INTO `sys_menu` VALUES (116, '系统接口', 3, 3, 'swagger', 'tool/swagger/index', '', 1, 0, 'C', '0', '0', 'tool:swagger:list', 'swagger', 'admin', '2021-09-29 19:01:48', '', NULL, '系统接口菜单');
INSERT INTO `sys_menu` VALUES (118, '文件管理', 1, 10, 'oss', 'system/oss/index', '', 1, 0, 'C', '0', '0', 'system:oss:list', 'upload', 'admin', '2021-10-01 19:33:54', '', NULL, '文件管理菜单');
INSERT INTO `sys_menu` VALUES (500, '操作日志', 108, 1, 'operlog', 'monitor/operlog/index', '', 1, 0, 'C', '0', '0', 'monitor:operlog:list', 'form', 'admin', '2021-09-29 19:01:48', '', NULL, '操作日志菜单');
INSERT INTO `sys_menu` VALUES (501, '登录日志', 108, 2, 'logininfor', 'monitor/logininfor/index', '', 1, 0, 'C', '0', '0', 'monitor:logininfor:list', 'logininfor', 'admin', '2021-09-29 19:01:48', '', NULL, '登录日志菜单');
INSERT INTO `sys_menu` VALUES (1001, '用户查询', 100, 1, '', '', '', 1, 0, 'F', '0', '0', 'system:user:query', '#', 'admin', '2021-09-29 19:01:48', '', NULL, '');
INSERT INTO `sys_menu` VALUES (1002, '用户新增', 100, 2, '', '', '', 1, 0, 'F', '0', '0', 'system:user:add', '#', 'admin', '2021-09-29 19:01:48', '', NULL, '');
INSERT INTO `sys_menu` VALUES (1003, '用户修改', 100, 3, '', '', '', 1, 0, 'F', '0', '0', 'system:user:edit', '#', 'admin', '2021-09-29 19:01:48', '', NULL, '');
INSERT INTO `sys_menu` VALUES (1004, '用户删除', 100, 4, '', '', '', 1, 0, 'F', '0', '0', 'system:user:remove', '#', 'admin', '2021-09-29 19:01:48', '', NULL, '');
INSERT INTO `sys_menu` VALUES (1005, '用户导出', 100, 5, '', '', '', 1, 0, 'F', '0', '0', 'system:user:export', '#', 'admin', '2021-09-29 19:01:48', '', NULL, '');
INSERT INTO `sys_menu` VALUES (1006, '用户导入', 100, 6, '', '', '', 1, 0, 'F', '0', '0', 'system:user:import', '#', 'admin', '2021-09-29 19:01:48', '', NULL, '');
INSERT INTO `sys_menu` VALUES (1007, '重置密码', 100, 7, '', '', '', 1, 0, 'F', '0', '0', 'system:user:resetPwd', '#', 'admin', '2021-09-29 19:01:48', '', NULL, '');
INSERT INTO `sys_menu` VALUES (1008, '角色查询', 101, 1, '', '', '', 1, 0, 'F', '0', '0', 'system:role:query', '#', 'admin', '2021-09-29 19:01:48', '', NULL, '');
INSERT INTO `sys_menu` VALUES (1009, '角色新增', 101, 2, '', '', '', 1, 0, 'F', '0', '0', 'system:role:add', '#', 'admin', '2021-09-29 19:01:48', '', NULL, '');
INSERT INTO `sys_menu` VALUES (1010, '角色修改', 101, 3, '', '', '', 1, 0, 'F', '0', '0', 'system:role:edit', '#', 'admin', '2021-09-29 19:01:48', '', NULL, '');
INSERT INTO `sys_menu` VALUES (1011, '角色删除', 101, 4, '', '', '', 1, 0, 'F', '0', '0', 'system:role:remove', '#', 'admin', '2021-09-29 19:01:48', '', NULL, '');
INSERT INTO `sys_menu` VALUES (1012, '角色导出', 101, 5, '', '', '', 1, 0, 'F', '0', '0', 'system:role:export', '#', 'admin', '2021-09-29 19:01:48', '', NULL, '');
INSERT INTO `sys_menu` VALUES (1013, '菜单查询', 102, 1, '', '', '', 1, 0, 'F', '0', '0', 'system:menu:query', '#', 'admin', '2021-09-29 19:01:48', '', NULL, '');
INSERT INTO `sys_menu` VALUES (1014, '菜单新增', 102, 2, '', '', '', 1, 0, 'F', '0', '0', 'system:menu:add', '#', 'admin', '2021-09-29 19:01:48', '', NULL, '');
INSERT INTO `sys_menu` VALUES (1015, '菜单修改', 102, 3, '', '', '', 1, 0, 'F', '0', '0', 'system:menu:edit', '#', 'admin', '2021-09-29 19:01:48', '', NULL, '');
INSERT INTO `sys_menu` VALUES (1016, '菜单删除', 102, 4, '', '', '', 1, 0, 'F', '0', '0', 'system:menu:remove', '#', 'admin', '2021-09-29 19:01:48', '', NULL, '');
INSERT INTO `sys_menu` VALUES (1017, '部门查询', 103, 1, '', '', '', 1, 0, 'F', '0', '0', 'system:dept:query', '#', 'admin', '2021-09-29 19:01:48', '', NULL, '');
INSERT INTO `sys_menu` VALUES (1018, '部门新增', 103, 2, '', '', '', 1, 0, 'F', '0', '0', 'system:dept:add', '#', 'admin', '2021-09-29 19:01:48', '', NULL, '');
INSERT INTO `sys_menu` VALUES (1019, '部门修改', 103, 3, '', '', '', 1, 0, 'F', '0', '0', 'system:dept:edit', '#', 'admin', '2021-09-29 19:01:48', '', NULL, '');
INSERT INTO `sys_menu` VALUES (1020, '部门删除', 103, 4, '', '', '', 1, 0, 'F', '0', '0', 'system:dept:remove', '#', 'admin', '2021-09-29 19:01:48', '', NULL, '');
INSERT INTO `sys_menu` VALUES (1021, '岗位查询', 104, 1, '', '', '', 1, 0, 'F', '0', '0', 'system:post:query', '#', 'admin', '2021-09-29 19:01:48', '', NULL, '');
INSERT INTO `sys_menu` VALUES (1022, '岗位新增', 104, 2, '', '', '', 1, 0, 'F', '0', '0', 'system:post:add', '#', 'admin', '2021-09-29 19:01:48', '', NULL, '');
INSERT INTO `sys_menu` VALUES (1023, '岗位修改', 104, 3, '', '', '', 1, 0, 'F', '0', '0', 'system:post:edit', '#', 'admin', '2021-09-29 19:01:48', '', NULL, '');
INSERT INTO `sys_menu` VALUES (1024, '岗位删除', 104, 4, '', '', '', 1, 0, 'F', '0', '0', 'system:post:remove', '#', 'admin', '2021-09-29 19:01:48', '', NULL, '');
INSERT INTO `sys_menu` VALUES (1025, '岗位导出', 104, 5, '', '', '', 1, 0, 'F', '0', '0', 'system:post:export', '#', 'admin', '2021-09-29 19:01:48', '', NULL, '');
INSERT INTO `sys_menu` VALUES (1026, '字典查询', 105, 1, '#', '', '', 1, 0, 'F', '0', '0', 'system:dict:query', '#', 'admin', '2021-09-29 19:01:48', '', NULL, '');
INSERT INTO `sys_menu` VALUES (1027, '字典新增', 105, 2, '#', '', '', 1, 0, 'F', '0', '0', 'system:dict:add', '#', 'admin', '2021-09-29 19:01:48', '', NULL, '');
INSERT INTO `sys_menu` VALUES (1028, '字典修改', 105, 3, '#', '', '', 1, 0, 'F', '0', '0', 'system:dict:edit', '#', 'admin', '2021-09-29 19:01:48', '', NULL, '');
INSERT INTO `sys_menu` VALUES (1029, '字典删除', 105, 4, '#', '', '', 1, 0, 'F', '0', '0', 'system:dict:remove', '#', 'admin', '2021-09-29 19:01:48', '', NULL, '');
INSERT INTO `sys_menu` VALUES (1030, '字典导出', 105, 5, '#', '', '', 1, 0, 'F', '0', '0', 'system:dict:export', '#', 'admin', '2021-09-29 19:01:48', '', NULL, '');
INSERT INTO `sys_menu` VALUES (1031, '参数查询', 106, 1, '#', '', '', 1, 0, 'F', '0', '0', 'system:config:query', '#', 'admin', '2021-09-29 19:01:48', '', NULL, '');
INSERT INTO `sys_menu` VALUES (1032, '参数新增', 106, 2, '#', '', '', 1, 0, 'F', '0', '0', 'system:config:add', '#', 'admin', '2021-09-29 19:01:48', '', NULL, '');
INSERT INTO `sys_menu` VALUES (1033, '参数修改', 106, 3, '#', '', '', 1, 0, 'F', '0', '0', 'system:config:edit', '#', 'admin', '2021-09-29 19:01:48', '', NULL, '');
INSERT INTO `sys_menu` VALUES (1034, '参数删除', 106, 4, '#', '', '', 1, 0, 'F', '0', '0', 'system:config:remove', '#', 'admin', '2021-09-29 19:01:48', '', NULL, '');
INSERT INTO `sys_menu` VALUES (1035, '参数导出', 106, 5, '#', '', '', 1, 0, 'F', '0', '0', 'system:config:export', '#', 'admin', '2021-09-29 19:01:48', '', NULL, '');
INSERT INTO `sys_menu` VALUES (1036, '公告查询', 107, 1, '#', '', '', 1, 0, 'F', '0', '0', 'system:notice:query', '#', 'admin', '2021-09-29 19:01:48', '', NULL, '');
INSERT INTO `sys_menu` VALUES (1037, '公告新增', 107, 2, '#', '', '', 1, 0, 'F', '0', '0', 'system:notice:add', '#', 'admin', '2021-09-29 19:01:48', '', NULL, '');
INSERT INTO `sys_menu` VALUES (1038, '公告修改', 107, 3, '#', '', '', 1, 0, 'F', '0', '0', 'system:notice:edit', '#', 'admin', '2021-09-29 19:01:48', '', NULL, '');
INSERT INTO `sys_menu` VALUES (1039, '公告删除', 107, 4, '#', '', '', 1, 0, 'F', '0', '0', 'system:notice:remove', '#', 'admin', '2021-09-29 19:01:48', '', NULL, '');
INSERT INTO `sys_menu` VALUES (1040, '操作查询', 500, 1, '#', '', '', 1, 0, 'F', '0', '0', 'monitor:operlog:query', '#', 'admin', '2021-09-29 19:01:48', '', NULL, '');
INSERT INTO `sys_menu` VALUES (1041, '操作删除', 500, 2, '#', '', '', 1, 0, 'F', '0', '0', 'monitor:operlog:remove', '#', 'admin', '2021-09-29 19:01:48', '', NULL, '');
INSERT INTO `sys_menu` VALUES (1042, '日志导出', 500, 4, '#', '', '', 1, 0, 'F', '0', '0', 'monitor:operlog:export', '#', 'admin', '2021-09-29 19:01:48', '', NULL, '');
INSERT INTO `sys_menu` VALUES (1043, '登录查询', 501, 1, '#', '', '', 1, 0, 'F', '0', '0', 'monitor:logininfor:query', '#', 'admin', '2021-09-29 19:01:48', '', NULL, '');
INSERT INTO `sys_menu` VALUES (1044, '登录删除', 501, 2, '#', '', '', 1, 0, 'F', '0', '0', 'monitor:logininfor:remove', '#', 'admin', '2021-09-29 19:01:48', '', NULL, '');
INSERT INTO `sys_menu` VALUES (1045, '日志导出', 501, 3, '#', '', '', 1, 0, 'F', '0', '0', 'monitor:logininfor:export', '#', 'admin', '2021-09-29 19:01:48', '', NULL, '');
INSERT INTO `sys_menu` VALUES (1046, '在线查询', 109, 1, '#', '', '', 1, 0, 'F', '0', '0', 'monitor:online:query', '#', 'admin', '2021-09-29 19:01:48', '', NULL, '');
INSERT INTO `sys_menu` VALUES (1047, '批量强退', 109, 2, '#', '', '', 1, 0, 'F', '0', '0', 'monitor:online:batchLogout', '#', 'admin', '2021-09-29 19:01:48', '', NULL, '');
INSERT INTO `sys_menu` VALUES (1048, '单条强退', 109, 3, '#', '', '', 1, 0, 'F', '0', '0', 'monitor:online:forceLogout', '#', 'admin', '2021-09-29 19:01:48', '', NULL, '');
INSERT INTO `sys_menu` VALUES (1049, '任务查询', 110, 1, '#', '', '', 1, 0, 'F', '0', '0', 'monitor:job:query', '#', 'admin', '2021-09-29 19:01:48', '', NULL, '');
INSERT INTO `sys_menu` VALUES (1050, '任务新增', 110, 2, '#', '', '', 1, 0, 'F', '0', '0', 'monitor:job:add', '#', 'admin', '2021-09-29 19:01:48', '', NULL, '');
INSERT INTO `sys_menu` VALUES (1051, '任务修改', 110, 3, '#', '', '', 1, 0, 'F', '0', '0', 'monitor:job:edit', '#', 'admin', '2021-09-29 19:01:48', '', NULL, '');
INSERT INTO `sys_menu` VALUES (1052, '任务删除', 110, 4, '#', '', '', 1, 0, 'F', '0', '0', 'monitor:job:remove', '#', 'admin', '2021-09-29 19:01:48', '', NULL, '');
INSERT INTO `sys_menu` VALUES (1053, '状态修改', 110, 5, '#', '', '', 1, 0, 'F', '0', '0', 'monitor:job:changeStatus', '#', 'admin', '2021-09-29 19:01:48', '', NULL, '');
INSERT INTO `sys_menu` VALUES (1054, '任务导出', 110, 7, '#', '', '', 1, 0, 'F', '0', '0', 'monitor:job:export', '#', 'admin', '2021-09-29 19:01:48', '', NULL, '');
INSERT INTO `sys_menu` VALUES (1055, '生成查询', 115, 1, '#', '', '', 1, 0, 'F', '0', '0', 'tool:gen:query', '#', 'admin', '2021-09-29 19:01:48', '', NULL, '');
INSERT INTO `sys_menu` VALUES (1056, '生成修改', 115, 2, '#', '', '', 1, 0, 'F', '0', '0', 'tool:gen:edit', '#', 'admin', '2021-09-29 19:01:48', '', NULL, '');
INSERT INTO `sys_menu` VALUES (1057, '生成删除', 115, 3, '#', '', '', 1, 0, 'F', '0', '0', 'tool:gen:remove', '#', 'admin', '2021-09-29 19:01:48', '', NULL, '');
INSERT INTO `sys_menu` VALUES (1058, '导入代码', 115, 2, '#', '', '', 1, 0, 'F', '0', '0', 'tool:gen:import', '#', 'admin', '2021-09-29 19:01:48', '', NULL, '');
INSERT INTO `sys_menu` VALUES (1059, '预览代码', 115, 4, '#', '', '', 1, 0, 'F', '0', '0', 'tool:gen:preview', '#', 'admin', '2021-09-29 19:01:48', '', NULL, '');
INSERT INTO `sys_menu` VALUES (1060, '生成代码', 115, 5, '#', '', '', 1, 0, 'F', '0', '0', 'tool:gen:code', '#', 'admin', '2021-09-29 19:01:48', '', NULL, '');
INSERT INTO `sys_menu` VALUES (1600, '文件查询', 118, 1, '#', '', '', 1, 0, 'F', '0', '0', 'system:oss:query', '#', 'admin', '2021-10-01 19:33:54', '', NULL, '');
INSERT INTO `sys_menu` VALUES (1601, '文件上传', 118, 2, '#', '', '', 1, 0, 'F', '0', '0', 'system:oss:upload', '#', 'admin', '2021-10-01 19:33:54', '', NULL, '');
INSERT INTO `sys_menu` VALUES (1602, '文件下载', 118, 3, '#', '', '', 1, 0, 'F', '0', '0', 'system:oss:download', '#', 'admin', '2021-10-01 19:33:54', '', NULL, '');
INSERT INTO `sys_menu` VALUES (1603, '文件删除', 118, 4, '#', '', '', 1, 0, 'F', '0', '0', 'system:oss:remove', '#', 'admin', '2021-10-01 19:33:54', '', NULL, '');
INSERT INTO `sys_menu` VALUES (1604, '配置添加', 118, 5, '#', '', '', 1, 0, 'F', '0', '0', 'system:oss:add', '#', 'admin', '2021-10-01 19:33:54', '', NULL, '');
INSERT INTO `sys_menu` VALUES (1605, '配置编辑', 118, 6, '#', '', '', 1, 0, 'F', '0', '0', 'system:oss:edit', '#', 'admin', '2021-10-01 19:33:54', '', NULL, '');
INSERT INTO `sys_menu` VALUES (2132, '电子合同管理', 1, 1, 'contract', 'system/contract/index', NULL, 1, 0, 'C', '0', '0', 'system:contract:list', 'build', 'admin', '2021-10-18 15:16:21', 'admin', '2021-10-26 15:05:27', '电子合同管理菜单');
INSERT INTO `sys_menu` VALUES (2133, '电子合同管理查询', 2132, 1, '#', '', NULL, 1, 0, 'F', '0', '0', 'system:contract:query', '#', 'admin', '2021-10-18 15:16:21', '', NULL, '');
INSERT INTO `sys_menu` VALUES (2134, '电子合同管理新增', 2132, 2, '#', '', NULL, 1, 0, 'F', '0', '0', 'system:contract:add', '#', 'admin', '2021-10-18 15:16:21', '', NULL, '');
INSERT INTO `sys_menu` VALUES (2135, '电子合同管理修改', 2132, 3, '#', '', NULL, 1, 0, 'F', '0', '0', 'system:contract:edit', '#', 'admin', '2021-10-18 15:16:21', '', NULL, '');
INSERT INTO `sys_menu` VALUES (2136, '电子合同管理删除', 2132, 4, '#', '', NULL, 1, 0, 'F', '0', '0', 'system:contract:remove', '#', 'admin', '2021-10-18 15:16:21', '', NULL, '');
INSERT INTO `sys_menu` VALUES (2137, '电子合同管理导出', 2132, 5, '#', '', NULL, 1, 0, 'F', '0', '0', 'system:contract:export', '#', 'admin', '2021-10-18 15:16:21', '', NULL, '');
INSERT INTO `sys_menu` VALUES (2138, '电子合同模板管理', 1, 1, 'contractTemplate', 'system/contractTemplate/index', NULL, 1, 0, 'C', '0', '0', 'system:contractTemplate:list', 'clipboard', 'admin', '2021-10-18 15:16:26', 'admin', '2021-10-26 15:05:34', '电子合同模板管理菜单');
INSERT INTO `sys_menu` VALUES (2139, '电子合同模板管理查询', 2138, 1, '#', '', NULL, 1, 0, 'F', '0', '0', 'system:contractTemplate:query', '#', 'admin', '2021-10-18 15:16:26', '', NULL, '');
INSERT INTO `sys_menu` VALUES (2140, '电子合同模板管理新增', 2138, 2, '#', '', NULL, 1, 0, 'F', '0', '0', 'system:contractTemplate:add', '#', 'admin', '2021-10-18 15:16:26', '', NULL, '');
INSERT INTO `sys_menu` VALUES (2141, '电子合同模板管理修改', 2138, 3, '#', '', NULL, 1, 0, 'F', '0', '0', 'system:contractTemplate:edit', '#', 'admin', '2021-10-18 15:16:26', '', NULL, '');
INSERT INTO `sys_menu` VALUES (2142, '电子合同模板管理删除', 2138, 4, '#', '', NULL, 1, 0, 'F', '0', '0', 'system:contractTemplate:remove', '#', 'admin', '2021-10-18 15:16:26', '', NULL, '');
INSERT INTO `sys_menu` VALUES (2143, '电子合同模板管理导出', 2138, 5, '#', '', NULL, 1, 0, 'F', '0', '0', 'system:contractTemplate:export', '#', 'admin', '2021-10-18 15:16:26', '', NULL, '');
INSERT INTO `sys_menu` VALUES (2144, '电子合同类型管理', 1, 1, 'contractType', 'system/contractType/index', NULL, 1, 0, 'C', '0', '0', 'system:contractType:list', 'edit', 'admin', '2021-10-18 15:16:31', 'admin', '2021-10-26 15:05:47', '电子合同类型菜单');
INSERT INTO `sys_menu` VALUES (2145, '电子合同类型查询', 2144, 1, '#', '', NULL, 1, 0, 'F', '0', '0', 'system:contractType:query', '#', 'admin', '2021-10-18 15:16:31', '', NULL, '');
INSERT INTO `sys_menu` VALUES (2146, '电子合同类型新增', 2144, 2, '#', '', NULL, 1, 0, 'F', '0', '0', 'system:contractType:add', '#', 'admin', '2021-10-18 15:16:31', '', NULL, '');
INSERT INTO `sys_menu` VALUES (2147, '电子合同类型修改', 2144, 3, '#', '', NULL, 1, 0, 'F', '0', '0', 'system:contractType:edit', '#', 'admin', '2021-10-18 15:16:31', '', NULL, '');
INSERT INTO `sys_menu` VALUES (2148, '电子合同类型删除', 2144, 4, '#', '', NULL, 1, 0, 'F', '0', '0', 'system:contractType:remove', '#', 'admin', '2021-10-18 15:16:31', '', NULL, '');
INSERT INTO `sys_menu` VALUES (2149, '电子合同类型导出', 2144, 5, '#', '', NULL, 1, 0, 'F', '0', '0', 'system:contractType:export', '#', 'admin', '2021-10-18 15:16:31', '', NULL, '');
INSERT INTO `sys_menu` VALUES (2150, '印章管理', 1, 1, 'seal', 'system/seal/index', NULL, 1, 0, 'C', '0', '0', 'system:seal:list', 'people', 'admin', '2021-10-18 15:16:36', 'admin', '2021-10-26 15:06:00', '印章管理菜单');
INSERT INTO `sys_menu` VALUES (2151, '印章管理查询', 2150, 1, '#', '', NULL, 1, 0, 'F', '0', '0', 'system:seal:query', '#', 'admin', '2021-10-18 15:16:36', '', NULL, '');
INSERT INTO `sys_menu` VALUES (2152, '印章管理新增', 2150, 2, '#', '', NULL, 1, 0, 'F', '0', '0', 'system:seal:add', '#', 'admin', '2021-10-18 15:16:36', '', NULL, '');
INSERT INTO `sys_menu` VALUES (2153, '印章管理修改', 2150, 3, '#', '', NULL, 1, 0, 'F', '0', '0', 'system:seal:edit', '#', 'admin', '2021-10-18 15:16:36', '', NULL, '');
INSERT INTO `sys_menu` VALUES (2154, '印章管理删除', 2150, 4, '#', '', NULL, 1, 0, 'F', '0', '0', 'system:seal:remove', '#', 'admin', '2021-10-18 15:16:36', '', NULL, '');
INSERT INTO `sys_menu` VALUES (2155, '印章管理导出', 2150, 5, '#', '', NULL, 1, 0, 'F', '0', '0', 'system:seal:export', '#', 'admin', '2021-10-18 15:16:36', '', NULL, '');

-- ----------------------------
-- Table structure for sys_notice
-- ----------------------------
DROP TABLE IF EXISTS `sys_notice`;
CREATE TABLE `sys_notice`  (
  `notice_id` int NOT NULL AUTO_INCREMENT COMMENT '公告ID',
  `notice_title` varchar(50) CHARACTER SET utf8 COLLATE utf8_general_ci NOT NULL COMMENT '公告标题',
  `notice_type` char(1) CHARACTER SET utf8 COLLATE utf8_general_ci NOT NULL COMMENT '公告类型（1通知 2公告）',
  `notice_content` longblob NULL COMMENT '公告内容',
  `status` char(1) CHARACTER SET utf8 COLLATE utf8_general_ci NULL DEFAULT '0' COMMENT '公告状态（0正常 1关闭）',
  `create_by` varchar(64) CHARACTER SET utf8 COLLATE utf8_general_ci NULL DEFAULT '' COMMENT '创建者',
  `create_time` datetime NULL DEFAULT NULL COMMENT '创建时间',
  `update_by` varchar(64) CHARACTER SET utf8 COLLATE utf8_general_ci NULL DEFAULT '' COMMENT '更新者',
  `update_time` datetime NULL DEFAULT NULL COMMENT '更新时间',
  `remark` varchar(255) CHARACTER SET utf8 COLLATE utf8_general_ci NULL DEFAULT NULL COMMENT '备注',
  PRIMARY KEY (`notice_id`) USING BTREE
) ENGINE = InnoDB AUTO_INCREMENT = 2 CHARACTER SET = utf8 COLLATE = utf8_general_ci COMMENT = '通知公告表' ROW_FORMAT = Dynamic;

-- ----------------------------
-- Records of sys_notice
-- ----------------------------
INSERT INTO `sys_notice` VALUES (1, '温馨提醒：2018-07-01 若依新版本发布啦', '2', 0xE696B0E78988E69CACE58685E5AEB9, '0', 'admin', '2021-09-29 19:01:48', '', NULL, '管理员');
INSERT INTO `sys_notice` VALUES (2, '维护通知：2018-07-01 若依系统凌晨维护', '1', 0xE7BBB4E68AA4E58685E5AEB9, '0', 'admin', '2021-09-29 19:01:48', '', NULL, '管理员');

-- ----------------------------
-- Table structure for sys_oper_log
-- ----------------------------
DROP TABLE IF EXISTS `sys_oper_log`;
CREATE TABLE `sys_oper_log`  (
  `oper_id` bigint NOT NULL AUTO_INCREMENT COMMENT '日志主键',
  `title` varchar(50) CHARACTER SET utf8 COLLATE utf8_general_ci NULL DEFAULT '' COMMENT '模块标题',
  `business_type` int NULL DEFAULT 0 COMMENT '业务类型（0其它 1新增 2修改 3删除）',
  `method` varchar(100) CHARACTER SET utf8 COLLATE utf8_general_ci NULL DEFAULT '' COMMENT '方法名称',
  `request_method` varchar(10) CHARACTER SET utf8 COLLATE utf8_general_ci NULL DEFAULT '' COMMENT '请求方式',
  `operator_type` int NULL DEFAULT 0 COMMENT '操作类别（0其它 1后台用户 2手机端用户）',
  `oper_name` varchar(50) CHARACTER SET utf8 COLLATE utf8_general_ci NULL DEFAULT '' COMMENT '操作人员',
  `dept_name` varchar(50) CHARACTER SET utf8 COLLATE utf8_general_ci NULL DEFAULT '' COMMENT '部门名称',
  `oper_url` varchar(255) CHARACTER SET utf8 COLLATE utf8_general_ci NULL DEFAULT '' COMMENT '请求URL',
  `oper_ip` varchar(128) CHARACTER SET utf8 COLLATE utf8_general_ci NULL DEFAULT '' COMMENT '主机地址',
  `oper_location` varchar(255) CHARACTER SET utf8 COLLATE utf8_general_ci NULL DEFAULT '' COMMENT '操作地点',
  `oper_param` varchar(2000) CHARACTER SET utf8 COLLATE utf8_general_ci NULL DEFAULT '' COMMENT '请求参数',
  `json_result` varchar(2000) CHARACTER SET utf8 COLLATE utf8_general_ci NULL DEFAULT '' COMMENT '返回参数',
  `status` int NULL DEFAULT 0 COMMENT '操作状态（0正常 1异常）',
  `error_msg` varchar(2000) CHARACTER SET utf8 COLLATE utf8_general_ci NULL DEFAULT '' COMMENT '错误消息',
  `oper_time` datetime NULL DEFAULT NULL COMMENT '操作时间',
  PRIMARY KEY (`oper_id`) USING BTREE
) ENGINE = InnoDB AUTO_INCREMENT = 396 CHARACTER SET = utf8 COLLATE = utf8_general_ci COMMENT = '操作日志记录' ROW_FORMAT = Dynamic;

-- ----------------------------
-- Records of sys_oper_log
-- ----------------------------
INSERT INTO `sys_oper_log` VALUES (100, 'OSS对象存储', 1, 'com.ruoyi.web.controller.system.SysOssController.upload()', 'POST', 1, 'admin', '', '/system/oss/upload', '127.0.0.1', '内网IP', '', '', 1, 'Minio存储配置错误! 请检查系统配置:[创建Bucket失败, 请核对Minio配置信息:[Failed to connect to localhost/0:0:0:0:0:0:0:1:9000]]', '2021-10-01 19:59:13');
INSERT INTO `sys_oper_log` VALUES (101, '代码生成', 6, 'com.ruoyi.generator.controller.GenController.importTableSave()', 'POST', 1, 'admin', '', '/tool/gen/importTable', '127.0.0.1', '内网IP', '\"he_seal,he_contract_type,he_contract_template,he_contract,he_contract_user\"', '{\"code\":200,\"msg\":\"操作成功\",\"data\":null}', 0, '', '2021-10-03 19:16:11');
INSERT INTO `sys_oper_log` VALUES (102, '代码生成', 3, 'com.ruoyi.generator.controller.GenController.remove()', 'DELETE', 1, 'admin', '', '/tool/gen/1,2,3,4,5', '127.0.0.1', '内网IP', '{tableIds=1,2,3,4,5}', '{\"code\":200,\"msg\":\"操作成功\",\"data\":null}', 0, '', '2021-10-03 19:19:34');
INSERT INTO `sys_oper_log` VALUES (103, '代码生成', 6, 'com.ruoyi.generator.controller.GenController.importTableSave()', 'POST', 1, 'admin', '', '/tool/gen/importTable', '127.0.0.1', '内网IP', '\"he_seal,he_contract_user,he_contract_type,he_contract_template,he_contract\"', '{\"code\":200,\"msg\":\"操作成功\",\"data\":null}', 0, '', '2021-10-04 12:36:28');
INSERT INTO `sys_oper_log` VALUES (104, '代码生成', 8, 'com.ruoyi.generator.controller.GenController.batchGenCode()', 'GET', 1, 'admin', '', '/tool/gen/batchGenCode', '127.0.0.1', '内网IP', '{}', '', 0, '', '2021-10-04 12:36:32');
INSERT INTO `sys_oper_log` VALUES (105, '代码生成', 2, 'com.ruoyi.generator.controller.GenController.editSave()', 'PUT', 1, 'admin', '', '/tool/gen', '127.0.0.1', '内网IP', '{\"tableId\":6,\"tableName\":\"he_contract\",\"tableComment\":\"电子合同表\",\"subTableName\":null,\"subTableFkName\":null,\"className\":\"HeContract\",\"tplCategory\":\"crud\",\"packageName\":\"com.ruoyi.system\",\"moduleName\":\"system\",\"businessName\":\"contract\",\"functionName\":\"电子合同\",\"functionAuthor\":\"henriport\",\"genType\":\"0\",\"genPath\":\"/\",\"pkColumn\":null,\"subTable\":null,\"columns\":[{\"columnId\":33,\"tableId\":6,\"columnName\":\"id\",\"columnComment\":\"\",\"columnType\":\"bigint\",\"javaType\":\"Long\",\"javaField\":\"id\",\"isPk\":\"1\",\"isIncrement\":\"1\",\"isRequired\":\"1\",\"isInsert\":null,\"isEdit\":\"1\",\"isList\":null,\"isQuery\":null,\"queryType\":\"EQ\",\"htmlType\":\"input\",\"dictType\":\"\",\"sort\":1,\"createBy\":\"admin\",\"createTime\":\"2021-10-04 12:36:28\",\"updateBy\":\"admin\",\"updateTime\":\"2021-10-04 14:05:19\",\"params\":{},\"required\":true,\"list\":false,\"pk\":true,\"superColumn\":false,\"capJavaField\":\"id\",\"increment\":true,\"usableColumn\":false,\"query\":false,\"edit\":true,\"insert\":false},{\"columnId\":34,\"tableId\":6,\"columnName\":\"title\",\"columnComment\":\"合同标题\",\"columnType\":\"varchar(32)\",\"javaType\":\"String\",\"javaField\":\"title\",\"isPk\":\"0\",\"isIncrement\":\"0\",\"isRequired\":\"1\",\"isInsert\":\"1\",\"isEdit\":\"1\",\"isList\":\"1\",\"isQuery\":\"1\",\"queryType\":\"EQ\",\"htmlType\":\"input\",\"dictType\":\"\",\"sort\":2,\"createBy\":\"admin\",\"createTime\":\"2021-10-04 12:36:28\",\"updateBy\":\"admin\",\"updateTime\":\"2021-10-04 14:05:19\",\"params\":{},\"required\":true,\"list\":true,\"pk\":false,\"superColumn\":false,\"capJavaField\":\"title\",\"increment\":false,\"usableColumn\":false,\"query\":true,\"edit\":true,\"insert\":true},{\"columnId\":35,\"tableId\":6,\"columnName\":\"description\",\"columnComment\":\"合同描述\",\"columnType\":\"text\",\"javaType\":\"String\",\"javaField\":\"description\",\"isPk\":\"0\",\"isIncrement\":\"0\",\"isRequired\":\"1\",\"isInsert\":\"1\",\"isEdit\":\"1\",\"isList\":\"1\",\"isQuery\":\"1\",\"queryType\":\"EQ\",\"htmlType\":\"textarea\",\"dictType\":\"\",\"sort\":3,\"createBy\":\"admin\",\"createTime\":\"2021-10-04 12:36:28\",\"updateBy\":\"admin\",\"updateTime\":\"2021-10-04 14:05:19\",\"params\":{},\"required\":true,\"list\":true,\"pk\":false,\"superColumn\":false,\"capJavaField\":\"desc', '{\"code\":200,\"msg\":\"操作成功\",\"data\":null}', 0, '', '2021-10-04 14:05:20');
INSERT INTO `sys_oper_log` VALUES (106, '代码生成', 3, 'com.ruoyi.generator.controller.GenController.remove()', 'DELETE', 1, 'admin', '', '/tool/gen/6,7,8,9,10', '127.0.0.1', '内网IP', '{tableIds=6,7,8,9,10}', '{\"code\":200,\"msg\":\"操作成功\",\"data\":null}', 0, '', '2021-10-04 14:21:36');
INSERT INTO `sys_oper_log` VALUES (107, '代码生成', 6, 'com.ruoyi.generator.controller.GenController.importTableSave()', 'POST', 1, 'admin', '', '/tool/gen/importTable', '127.0.0.1', '内网IP', '\"he_contract_template,he_contract,he_contract_type,he_seal,he_contract_user\"', '{\"code\":200,\"msg\":\"操作成功\",\"data\":null}', 0, '', '2021-10-04 14:33:06');
INSERT INTO `sys_oper_log` VALUES (108, '代码生成', 2, 'com.ruoyi.generator.controller.GenController.editSave()', 'PUT', 1, 'admin', '', '/tool/gen', '127.0.0.1', '内网IP', '{\"tableId\":11,\"tableName\":\"he_contract\",\"tableComment\":\"电子合同表\",\"subTableName\":null,\"subTableFkName\":null,\"className\":\"HeContract\",\"tplCategory\":\"crud\",\"packageName\":\"com.ruoyi.system\",\"moduleName\":\"system\",\"businessName\":\"contract\",\"functionName\":\"电子合同\",\"functionAuthor\":\"henriport\",\"genType\":\"0\",\"genPath\":\"/\",\"pkColumn\":null,\"subTable\":null,\"columns\":[{\"columnId\":65,\"tableId\":11,\"columnName\":\"id\",\"columnComment\":\"\",\"columnType\":\"bigint\",\"javaType\":\"Long\",\"javaField\":\"id\",\"isPk\":\"1\",\"isIncrement\":\"1\",\"isRequired\":\"1\",\"isInsert\":null,\"isEdit\":\"1\",\"isList\":null,\"isQuery\":null,\"queryType\":\"EQ\",\"htmlType\":\"input\",\"dictType\":\"\",\"sort\":1,\"createBy\":\"admin\",\"createTime\":\"2021-10-04 14:33:06\",\"updateBy\":\"admin\",\"updateTime\":\"2021-10-04 14:35:45\",\"params\":{},\"required\":true,\"list\":false,\"pk\":true,\"superColumn\":false,\"capJavaField\":\"id\",\"increment\":true,\"usableColumn\":false,\"query\":false,\"edit\":true,\"insert\":false},{\"columnId\":66,\"tableId\":11,\"columnName\":\"title\",\"columnComment\":\"合同标题\",\"columnType\":\"varchar(32)\",\"javaType\":\"String\",\"javaField\":\"title\",\"isPk\":\"0\",\"isIncrement\":\"0\",\"isRequired\":\"1\",\"isInsert\":\"1\",\"isEdit\":\"1\",\"isList\":\"1\",\"isQuery\":\"1\",\"queryType\":\"EQ\",\"htmlType\":\"input\",\"dictType\":\"\",\"sort\":2,\"createBy\":\"admin\",\"createTime\":\"2021-10-04 14:33:06\",\"updateBy\":\"admin\",\"updateTime\":\"2021-10-04 14:35:45\",\"params\":{},\"required\":true,\"list\":true,\"pk\":false,\"superColumn\":false,\"capJavaField\":\"title\",\"increment\":false,\"usableColumn\":false,\"query\":true,\"edit\":true,\"insert\":true},{\"columnId\":67,\"tableId\":11,\"columnName\":\"description\",\"columnComment\":\"合同描述\",\"columnType\":\"text\",\"javaType\":\"String\",\"javaField\":\"description\",\"isPk\":\"0\",\"isIncrement\":\"0\",\"isRequired\":null,\"isInsert\":\"1\",\"isEdit\":\"1\",\"isList\":\"1\",\"isQuery\":\"1\",\"queryType\":\"EQ\",\"htmlType\":\"textarea\",\"dictType\":\"\",\"sort\":3,\"createBy\":\"admin\",\"createTime\":\"2021-10-04 14:33:06\",\"updateBy\":\"admin\",\"updateTime\":\"2021-10-04 14:35:45\",\"params\":{},\"required\":false,\"list\":true,\"pk\":false,\"superColumn\":false,\"capJavaField\"', '{\"code\":200,\"msg\":\"操作成功\",\"data\":null}', 0, '', '2021-10-04 14:35:46');
INSERT INTO `sys_oper_log` VALUES (109, '代码生成', 2, 'com.ruoyi.generator.controller.GenController.editSave()', 'PUT', 1, 'admin', '', '/tool/gen', '127.0.0.1', '内网IP', '{\"tableId\":12,\"tableName\":\"he_contract_template\",\"tableComment\":\"电子合同模板表\",\"subTableName\":null,\"subTableFkName\":null,\"className\":\"HeContractTemplate\",\"tplCategory\":\"crud\",\"packageName\":\"com.ruoyi.system\",\"moduleName\":\"system\",\"businessName\":\"contractTemplate\",\"functionName\":\"电子合同模板\",\"functionAuthor\":\"henriport\",\"genType\":\"0\",\"genPath\":\"/\",\"pkColumn\":null,\"subTable\":null,\"columns\":[{\"columnId\":76,\"tableId\":12,\"columnName\":\"id\",\"columnComment\":\"\",\"columnType\":\"bigint\",\"javaType\":\"Long\",\"javaField\":\"id\",\"isPk\":\"1\",\"isIncrement\":\"1\",\"isRequired\":\"1\",\"isInsert\":null,\"isEdit\":\"1\",\"isList\":null,\"isQuery\":null,\"queryType\":\"EQ\",\"htmlType\":\"input\",\"dictType\":\"\",\"sort\":1,\"createBy\":\"admin\",\"createTime\":\"2021-10-04 14:33:06\",\"updateBy\":\"admin\",\"updateTime\":\"2021-10-04 14:38:05\",\"params\":{},\"required\":true,\"list\":false,\"pk\":true,\"superColumn\":false,\"capJavaField\":\"id\",\"increment\":true,\"usableColumn\":false,\"query\":false,\"edit\":true,\"insert\":false},{\"columnId\":77,\"tableId\":12,\"columnName\":\"title\",\"columnComment\":\"模板标题\",\"columnType\":\"varchar(32)\",\"javaType\":\"String\",\"javaField\":\"title\",\"isPk\":\"0\",\"isIncrement\":\"0\",\"isRequired\":\"1\",\"isInsert\":\"1\",\"isEdit\":\"1\",\"isList\":\"1\",\"isQuery\":\"1\",\"queryType\":\"EQ\",\"htmlType\":\"input\",\"dictType\":\"\",\"sort\":2,\"createBy\":\"admin\",\"createTime\":\"2021-10-04 14:33:06\",\"updateBy\":\"admin\",\"updateTime\":\"2021-10-04 14:38:05\",\"params\":{},\"required\":true,\"list\":true,\"pk\":false,\"superColumn\":false,\"capJavaField\":\"title\",\"increment\":false,\"usableColumn\":false,\"query\":true,\"edit\":true,\"insert\":true},{\"columnId\":78,\"tableId\":12,\"columnName\":\"description\",\"columnComment\":\"模板描述\",\"columnType\":\"text\",\"javaType\":\"String\",\"javaField\":\"description\",\"isPk\":\"0\",\"isIncrement\":\"0\",\"isRequired\":null,\"isInsert\":\"1\",\"isEdit\":\"1\",\"isList\":\"1\",\"isQuery\":\"1\",\"queryType\":\"EQ\",\"htmlType\":\"textarea\",\"dictType\":\"\",\"sort\":3,\"createBy\":\"admin\",\"createTime\":\"2021-10-04 14:33:06\",\"updateBy\":\"admin\",\"updateTime\":\"2021-10-04 14:38:05\",\"params\":{},\"required\":false,\"list\":true,\"pk\":false,\"supe', '{\"code\":200,\"msg\":\"操作成功\",\"data\":null}', 0, '', '2021-10-04 14:38:06');
INSERT INTO `sys_oper_log` VALUES (110, '代码生成', 2, 'com.ruoyi.generator.controller.GenController.editSave()', 'PUT', 1, 'admin', '', '/tool/gen', '127.0.0.1', '内网IP', '{\"tableId\":13,\"tableName\":\"he_contract_type\",\"tableComment\":\"电子合同类型表\",\"subTableName\":null,\"subTableFkName\":null,\"className\":\"HeContractType\",\"tplCategory\":\"crud\",\"packageName\":\"com.ruoyi.system\",\"moduleName\":\"system\",\"businessName\":\"contractType\",\"functionName\":\"电子合同类型\",\"functionAuthor\":\"henriport\",\"genType\":\"0\",\"genPath\":\"/\",\"pkColumn\":null,\"subTable\":null,\"columns\":[{\"columnId\":81,\"tableId\":13,\"columnName\":\"id\",\"columnComment\":\"\",\"columnType\":\"int\",\"javaType\":\"Long\",\"javaField\":\"id\",\"isPk\":\"1\",\"isIncrement\":\"1\",\"isRequired\":\"1\",\"isInsert\":null,\"isEdit\":\"1\",\"isList\":null,\"isQuery\":null,\"queryType\":\"EQ\",\"htmlType\":\"input\",\"dictType\":\"\",\"sort\":1,\"createBy\":\"admin\",\"createTime\":\"2021-10-04 14:33:06\",\"updateBy\":\"admin\",\"updateTime\":\"2021-10-04 14:38:43\",\"params\":{},\"required\":true,\"list\":false,\"pk\":true,\"superColumn\":false,\"capJavaField\":\"id\",\"increment\":true,\"usableColumn\":false,\"query\":false,\"edit\":true,\"insert\":false},{\"columnId\":82,\"tableId\":13,\"columnName\":\"type\",\"columnComment\":\"合同相关类型\",\"columnType\":\"varchar(16)\",\"javaType\":\"String\",\"javaField\":\"type\",\"isPk\":\"0\",\"isIncrement\":\"0\",\"isRequired\":\"1\",\"isInsert\":\"1\",\"isEdit\":\"1\",\"isList\":\"1\",\"isQuery\":\"1\",\"queryType\":\"EQ\",\"htmlType\":\"select\",\"dictType\":\"\",\"sort\":2,\"createBy\":\"admin\",\"createTime\":\"2021-10-04 14:33:06\",\"updateBy\":\"admin\",\"updateTime\":\"2021-10-04 14:38:43\",\"params\":{},\"required\":true,\"list\":true,\"pk\":false,\"superColumn\":false,\"capJavaField\":\"type\",\"increment\":false,\"usableColumn\":false,\"query\":true,\"edit\":true,\"insert\":true}],\"options\":\"{\\\"treeCode\\\":null,\\\"treeName\\\":null,\\\"treeParentCode\\\":null,\\\"parentMenuId\\\":null}\",\"createBy\":null,\"createTime\":null,\"updateBy\":\"admin\",\"updateTime\":\"2021-10-04 14:38:43\",\"remark\":null,\"params\":{\"treeCode\":null,\"treeName\":null,\"treeParentCode\":null,\"parentMenuId\":null},\"treeCode\":null,\"treeParentCode\":null,\"treeName\":null,\"parentMenuId\":null,\"parentMenuName\":null,\"sub\":false,\"tree\":false,\"crud\":true}', '{\"code\":200,\"msg\":\"操作成功\",\"data\":null}', 0, '', '2021-10-04 14:38:44');
INSERT INTO `sys_oper_log` VALUES (111, '代码生成', 2, 'com.ruoyi.generator.controller.GenController.editSave()', 'PUT', 1, 'admin', '', '/tool/gen', '127.0.0.1', '内网IP', '{\"tableId\":14,\"tableName\":\"he_contract_user\",\"tableComment\":\"电子合同用户关联表\",\"subTableName\":null,\"subTableFkName\":null,\"className\":\"HeContractUser\",\"tplCategory\":\"crud\",\"packageName\":\"com.ruoyi.system\",\"moduleName\":\"system\",\"businessName\":\"contractUser\",\"functionName\":\"电子合同用户关联\",\"functionAuthor\":\"ruoyi\",\"genType\":\"0\",\"genPath\":\"/\",\"pkColumn\":null,\"subTable\":null,\"columns\":[{\"columnId\":83,\"tableId\":14,\"columnName\":\"id\",\"columnComment\":\"\",\"columnType\":\"bigint\",\"javaType\":\"Long\",\"javaField\":\"id\",\"isPk\":\"1\",\"isIncrement\":\"1\",\"isRequired\":\"1\",\"isInsert\":null,\"isEdit\":\"1\",\"isList\":null,\"isQuery\":null,\"queryType\":\"EQ\",\"htmlType\":\"input\",\"dictType\":\"\",\"sort\":1,\"createBy\":\"admin\",\"createTime\":\"2021-10-04 14:33:06\",\"updateBy\":\"admin\",\"updateTime\":\"2021-10-04 14:39:00\",\"params\":{},\"required\":true,\"list\":false,\"pk\":true,\"superColumn\":false,\"capJavaField\":\"id\",\"increment\":true,\"usableColumn\":false,\"query\":false,\"edit\":true,\"insert\":false},{\"columnId\":84,\"tableId\":14,\"columnName\":\"user_id\",\"columnComment\":\"用户id外键\",\"columnType\":\"bigint\",\"javaType\":\"Long\",\"javaField\":\"userId\",\"isPk\":\"0\",\"isIncrement\":\"0\",\"isRequired\":\"1\",\"isInsert\":\"1\",\"isEdit\":\"1\",\"isList\":\"1\",\"isQuery\":\"1\",\"queryType\":\"EQ\",\"htmlType\":\"input\",\"dictType\":\"\",\"sort\":2,\"createBy\":\"admin\",\"createTime\":\"2021-10-04 14:33:06\",\"updateBy\":\"admin\",\"updateTime\":\"2021-10-04 14:39:00\",\"params\":{},\"required\":true,\"list\":true,\"pk\":false,\"superColumn\":false,\"capJavaField\":\"userId\",\"increment\":false,\"usableColumn\":false,\"query\":true,\"edit\":true,\"insert\":true},{\"columnId\":85,\"tableId\":14,\"columnName\":\"contract_id\",\"columnComment\":\"合同id外键\",\"columnType\":\"bigint\",\"javaType\":\"Long\",\"javaField\":\"contractId\",\"isPk\":\"0\",\"isIncrement\":\"0\",\"isRequired\":\"1\",\"isInsert\":\"1\",\"isEdit\":\"1\",\"isList\":\"1\",\"isQuery\":\"1\",\"queryType\":\"EQ\",\"htmlType\":\"input\",\"dictType\":\"\",\"sort\":3,\"createBy\":\"admin\",\"createTime\":\"2021-10-04 14:33:06\",\"updateBy\":\"admin\",\"updateTime\":\"2021-10-04 14:39:00\",\"params\":{},\"required\":true,\"list\":true,\"pk\":false,\"superColumn\":false,\"c', '{\"code\":200,\"msg\":\"操作成功\",\"data\":null}', 0, '', '2021-10-04 14:39:00');
INSERT INTO `sys_oper_log` VALUES (112, '代码生成', 3, 'com.ruoyi.generator.controller.GenController.remove()', 'DELETE', 1, 'admin', '', '/tool/gen/14', '127.0.0.1', '内网IP', '{tableIds=14}', '{\"code\":200,\"msg\":\"操作成功\",\"data\":null}', 0, '', '2021-10-04 14:40:16');
INSERT INTO `sys_oper_log` VALUES (113, '代码生成', 2, 'com.ruoyi.generator.controller.GenController.editSave()', 'PUT', 1, 'admin', '', '/tool/gen', '127.0.0.1', '内网IP', '{\"tableId\":15,\"tableName\":\"he_seal\",\"tableComment\":\"印章表\",\"subTableName\":null,\"subTableFkName\":null,\"className\":\"HeSeal\",\"tplCategory\":\"crud\",\"packageName\":\"com.ruoyi.system\",\"moduleName\":\"system\",\"businessName\":\"seal\",\"functionName\":\"印章\",\"functionAuthor\":\"henriport\",\"genType\":\"0\",\"genPath\":\"/\",\"pkColumn\":null,\"subTable\":null,\"columns\":[{\"columnId\":87,\"tableId\":15,\"columnName\":\"id\",\"columnComment\":\"\",\"columnType\":\"int\",\"javaType\":\"Long\",\"javaField\":\"id\",\"isPk\":\"1\",\"isIncrement\":\"1\",\"isRequired\":\"1\",\"isInsert\":null,\"isEdit\":\"1\",\"isList\":null,\"isQuery\":null,\"queryType\":\"EQ\",\"htmlType\":\"input\",\"dictType\":\"\",\"sort\":1,\"createBy\":\"admin\",\"createTime\":\"2021-10-04 14:33:06\",\"updateBy\":\"admin\",\"updateTime\":\"2021-10-04 14:40:53\",\"params\":{},\"required\":true,\"list\":false,\"pk\":true,\"superColumn\":false,\"capJavaField\":\"id\",\"increment\":true,\"usableColumn\":false,\"query\":false,\"edit\":true,\"insert\":false},{\"columnId\":88,\"tableId\":15,\"columnName\":\"title\",\"columnComment\":\"印章标题\",\"columnType\":\"varchar(32)\",\"javaType\":\"String\",\"javaField\":\"title\",\"isPk\":\"0\",\"isIncrement\":\"0\",\"isRequired\":\"1\",\"isInsert\":\"1\",\"isEdit\":\"1\",\"isList\":\"1\",\"isQuery\":\"1\",\"queryType\":\"EQ\",\"htmlType\":\"input\",\"dictType\":\"\",\"sort\":2,\"createBy\":\"admin\",\"createTime\":\"2021-10-04 14:33:06\",\"updateBy\":\"admin\",\"updateTime\":\"2021-10-04 14:40:53\",\"params\":{},\"required\":true,\"list\":true,\"pk\":false,\"superColumn\":false,\"capJavaField\":\"title\",\"increment\":false,\"usableColumn\":false,\"query\":true,\"edit\":true,\"insert\":true},{\"columnId\":89,\"tableId\":15,\"columnName\":\"oss_url\",\"columnComment\":\"oss存储路径\",\"columnType\":\"text\",\"javaType\":\"String\",\"javaField\":\"ossUrl\",\"isPk\":\"0\",\"isIncrement\":\"0\",\"isRequired\":null,\"isInsert\":\"1\",\"isEdit\":\"1\",\"isList\":\"1\",\"isQuery\":\"1\",\"queryType\":\"EQ\",\"htmlType\":\"textarea\",\"dictType\":\"\",\"sort\":3,\"createBy\":\"admin\",\"createTime\":\"2021-10-04 14:33:06\",\"updateBy\":\"admin\",\"updateTime\":\"2021-10-04 14:40:53\",\"params\":{},\"required\":false,\"list\":true,\"pk\":false,\"superColumn\":false,\"capJavaField\":\"ossUrl\",\"increment\":fal', '{\"code\":200,\"msg\":\"操作成功\",\"data\":null}', 0, '', '2021-10-04 14:40:53');
INSERT INTO `sys_oper_log` VALUES (114, '代码生成', 8, 'com.ruoyi.generator.controller.GenController.batchGenCode()', 'GET', 1, 'admin', '', '/tool/gen/batchGenCode', '127.0.0.1', '内网IP', '{}', '', 0, '', '2021-10-04 15:15:26');
INSERT INTO `sys_oper_log` VALUES (115, '代码生成', 2, 'com.ruoyi.generator.controller.GenController.editSave()', 'PUT', 1, 'admin', '', '/tool/gen', '127.0.0.1', '内网IP', '{\"tableId\":11,\"tableName\":\"he_contract\",\"tableComment\":\"电子合同表\",\"subTableName\":null,\"subTableFkName\":null,\"className\":\"HeContract\",\"tplCategory\":\"crud\",\"packageName\":\"com.ruoyi.system\",\"moduleName\":\"system\",\"businessName\":\"contract\",\"functionName\":\"电子合同管理\",\"functionAuthor\":\"henriport\",\"genType\":\"0\",\"genPath\":\"/\",\"pkColumn\":null,\"subTable\":null,\"columns\":[{\"columnId\":65,\"tableId\":11,\"columnName\":\"id\",\"columnComment\":\"\",\"columnType\":\"bigint\",\"javaType\":\"Long\",\"javaField\":\"id\",\"isPk\":\"1\",\"isIncrement\":\"1\",\"isRequired\":\"1\",\"isInsert\":null,\"isEdit\":\"1\",\"isList\":null,\"isQuery\":null,\"queryType\":\"EQ\",\"htmlType\":\"input\",\"dictType\":\"\",\"sort\":1,\"createBy\":\"admin\",\"createTime\":\"2021-10-04 14:33:06\",\"updateBy\":\"admin\",\"updateTime\":\"2021-10-04 16:25:19\",\"params\":{},\"required\":true,\"list\":false,\"pk\":true,\"superColumn\":false,\"increment\":true,\"capJavaField\":\"id\",\"insert\":false,\"usableColumn\":false,\"edit\":true,\"query\":false},{\"columnId\":66,\"tableId\":11,\"columnName\":\"title\",\"columnComment\":\"合同标题\",\"columnType\":\"varchar(32)\",\"javaType\":\"String\",\"javaField\":\"title\",\"isPk\":\"0\",\"isIncrement\":\"0\",\"isRequired\":\"1\",\"isInsert\":\"1\",\"isEdit\":\"1\",\"isList\":\"1\",\"isQuery\":\"1\",\"queryType\":\"EQ\",\"htmlType\":\"input\",\"dictType\":\"\",\"sort\":2,\"createBy\":\"admin\",\"createTime\":\"2021-10-04 14:33:06\",\"updateBy\":\"admin\",\"updateTime\":\"2021-10-04 16:25:19\",\"params\":{},\"required\":true,\"list\":true,\"pk\":false,\"superColumn\":false,\"increment\":false,\"capJavaField\":\"title\",\"insert\":true,\"usableColumn\":false,\"edit\":true,\"query\":true},{\"columnId\":67,\"tableId\":11,\"columnName\":\"description\",\"columnComment\":\"合同描述\",\"columnType\":\"text\",\"javaType\":\"String\",\"javaField\":\"description\",\"isPk\":\"0\",\"isIncrement\":\"0\",\"isRequired\":null,\"isInsert\":\"1\",\"isEdit\":\"1\",\"isList\":\"1\",\"isQuery\":\"1\",\"queryType\":\"EQ\",\"htmlType\":\"textarea\",\"dictType\":\"\",\"sort\":3,\"createBy\":\"admin\",\"createTime\":\"2021-10-04 14:33:06\",\"updateBy\":\"admin\",\"updateTime\":\"2021-10-04 16:25:19\",\"params\":{},\"required\":false,\"list\":true,\"pk\":false,\"superColumn\":false,\"increment\":', '{\"code\":200,\"msg\":\"操作成功\",\"data\":null}', 0, '', '2021-10-04 16:25:20');
INSERT INTO `sys_oper_log` VALUES (116, '代码生成', 2, 'com.ruoyi.generator.controller.GenController.editSave()', 'PUT', 1, 'admin', '', '/tool/gen', '127.0.0.1', '内网IP', '{\"tableId\":12,\"tableName\":\"he_contract_template\",\"tableComment\":\"电子合同模板表\",\"subTableName\":null,\"subTableFkName\":null,\"className\":\"HeContractTemplate\",\"tplCategory\":\"crud\",\"packageName\":\"com.ruoyi.system\",\"moduleName\":\"system\",\"businessName\":\"contractTemplate\",\"functionName\":\"电子合同模板管理\",\"functionAuthor\":\"henriport\",\"genType\":\"0\",\"genPath\":\"/\",\"pkColumn\":null,\"subTable\":null,\"columns\":[{\"columnId\":76,\"tableId\":12,\"columnName\":\"id\",\"columnComment\":\"\",\"columnType\":\"bigint\",\"javaType\":\"Long\",\"javaField\":\"id\",\"isPk\":\"1\",\"isIncrement\":\"1\",\"isRequired\":\"1\",\"isInsert\":null,\"isEdit\":\"1\",\"isList\":null,\"isQuery\":null,\"queryType\":\"EQ\",\"htmlType\":\"input\",\"dictType\":\"\",\"sort\":1,\"createBy\":\"admin\",\"createTime\":\"2021-10-04 14:33:06\",\"updateBy\":\"admin\",\"updateTime\":\"2021-10-04 16:25:48\",\"params\":{},\"required\":true,\"list\":false,\"pk\":true,\"superColumn\":false,\"increment\":true,\"capJavaField\":\"id\",\"insert\":false,\"usableColumn\":false,\"edit\":true,\"query\":false},{\"columnId\":77,\"tableId\":12,\"columnName\":\"title\",\"columnComment\":\"模板标题\",\"columnType\":\"varchar(32)\",\"javaType\":\"String\",\"javaField\":\"title\",\"isPk\":\"0\",\"isIncrement\":\"0\",\"isRequired\":\"1\",\"isInsert\":\"1\",\"isEdit\":\"1\",\"isList\":\"1\",\"isQuery\":\"1\",\"queryType\":\"EQ\",\"htmlType\":\"input\",\"dictType\":\"\",\"sort\":2,\"createBy\":\"admin\",\"createTime\":\"2021-10-04 14:33:06\",\"updateBy\":\"admin\",\"updateTime\":\"2021-10-04 16:25:48\",\"params\":{},\"required\":true,\"list\":true,\"pk\":false,\"superColumn\":false,\"increment\":false,\"capJavaField\":\"title\",\"insert\":true,\"usableColumn\":false,\"edit\":true,\"query\":true},{\"columnId\":78,\"tableId\":12,\"columnName\":\"description\",\"columnComment\":\"模板描述\",\"columnType\":\"text\",\"javaType\":\"String\",\"javaField\":\"description\",\"isPk\":\"0\",\"isIncrement\":\"0\",\"isRequired\":null,\"isInsert\":\"1\",\"isEdit\":\"1\",\"isList\":\"1\",\"isQuery\":\"1\",\"queryType\":\"EQ\",\"htmlType\":\"textarea\",\"dictType\":\"\",\"sort\":3,\"createBy\":\"admin\",\"createTime\":\"2021-10-04 14:33:06\",\"updateBy\":\"admin\",\"updateTime\":\"2021-10-04 16:25:48\",\"params\":{},\"required\":false,\"list\":true,\"pk\":false,\"su', '{\"code\":200,\"msg\":\"操作成功\",\"data\":null}', 0, '', '2021-10-04 16:25:49');
INSERT INTO `sys_oper_log` VALUES (117, '代码生成', 2, 'com.ruoyi.generator.controller.GenController.editSave()', 'PUT', 1, 'admin', '', '/tool/gen', '127.0.0.1', '内网IP', '{\"tableId\":13,\"tableName\":\"he_contract_type\",\"tableComment\":\"电子合同类型表\",\"subTableName\":null,\"subTableFkName\":null,\"className\":\"HeContractType\",\"tplCategory\":\"crud\",\"packageName\":\"com.ruoyi.system\",\"moduleName\":\"system\",\"businessName\":\"contractType\",\"functionName\":\"电子合同类型管理\",\"functionAuthor\":\"henriport\",\"genType\":\"0\",\"genPath\":\"/\",\"pkColumn\":null,\"subTable\":null,\"columns\":[{\"columnId\":81,\"tableId\":13,\"columnName\":\"id\",\"columnComment\":\"\",\"columnType\":\"int\",\"javaType\":\"Long\",\"javaField\":\"id\",\"isPk\":\"1\",\"isIncrement\":\"1\",\"isRequired\":\"1\",\"isInsert\":null,\"isEdit\":\"1\",\"isList\":null,\"isQuery\":null,\"queryType\":\"EQ\",\"htmlType\":\"input\",\"dictType\":\"\",\"sort\":1,\"createBy\":\"admin\",\"createTime\":\"2021-10-04 14:33:06\",\"updateBy\":\"admin\",\"updateTime\":\"2021-10-04 16:26:04\",\"params\":{},\"required\":true,\"list\":false,\"pk\":true,\"superColumn\":false,\"increment\":true,\"capJavaField\":\"id\",\"insert\":false,\"usableColumn\":false,\"edit\":true,\"query\":false},{\"columnId\":82,\"tableId\":13,\"columnName\":\"type\",\"columnComment\":\"合同相关类型\",\"columnType\":\"varchar(16)\",\"javaType\":\"String\",\"javaField\":\"type\",\"isPk\":\"0\",\"isIncrement\":\"0\",\"isRequired\":\"1\",\"isInsert\":\"1\",\"isEdit\":\"1\",\"isList\":\"1\",\"isQuery\":\"1\",\"queryType\":\"EQ\",\"htmlType\":\"select\",\"dictType\":\"\",\"sort\":2,\"createBy\":\"admin\",\"createTime\":\"2021-10-04 14:33:06\",\"updateBy\":\"admin\",\"updateTime\":\"2021-10-04 16:26:04\",\"params\":{},\"required\":true,\"list\":true,\"pk\":false,\"superColumn\":false,\"increment\":false,\"capJavaField\":\"type\",\"insert\":true,\"usableColumn\":false,\"edit\":true,\"query\":true}],\"options\":\"{\\\"treeCode\\\":null,\\\"treeName\\\":null,\\\"treeParentCode\\\":null,\\\"parentMenuId\\\":1}\",\"createBy\":null,\"createTime\":null,\"updateBy\":\"admin\",\"updateTime\":\"2021-10-04 16:26:04\",\"remark\":null,\"params\":{\"treeCode\":null,\"treeName\":null,\"treeParentCode\":null,\"parentMenuId\":1},\"treeCode\":null,\"treeParentCode\":null,\"treeName\":null,\"parentMenuId\":\"1\",\"parentMenuName\":null,\"sub\":false,\"crud\":true,\"tree\":false}', '{\"code\":200,\"msg\":\"操作成功\",\"data\":null}', 0, '', '2021-10-04 16:26:04');
INSERT INTO `sys_oper_log` VALUES (118, '代码生成', 2, 'com.ruoyi.generator.controller.GenController.editSave()', 'PUT', 1, 'admin', '', '/tool/gen', '127.0.0.1', '内网IP', '{\"tableId\":15,\"tableName\":\"he_seal\",\"tableComment\":\"印章表\",\"subTableName\":null,\"subTableFkName\":null,\"className\":\"HeSeal\",\"tplCategory\":\"crud\",\"packageName\":\"com.ruoyi.system\",\"moduleName\":\"system\",\"businessName\":\"seal\",\"functionName\":\"印章管理\",\"functionAuthor\":\"henriport\",\"genType\":\"0\",\"genPath\":\"/\",\"pkColumn\":null,\"subTable\":null,\"columns\":[{\"columnId\":87,\"tableId\":15,\"columnName\":\"id\",\"columnComment\":\"\",\"columnType\":\"int\",\"javaType\":\"Long\",\"javaField\":\"id\",\"isPk\":\"1\",\"isIncrement\":\"1\",\"isRequired\":\"1\",\"isInsert\":null,\"isEdit\":\"1\",\"isList\":null,\"isQuery\":null,\"queryType\":\"EQ\",\"htmlType\":\"input\",\"dictType\":\"\",\"sort\":1,\"createBy\":\"admin\",\"createTime\":\"2021-10-04 14:33:06\",\"updateBy\":\"admin\",\"updateTime\":\"2021-10-04 16:26:19\",\"params\":{},\"required\":true,\"list\":false,\"pk\":true,\"superColumn\":false,\"increment\":true,\"capJavaField\":\"id\",\"insert\":false,\"usableColumn\":false,\"edit\":true,\"query\":false},{\"columnId\":88,\"tableId\":15,\"columnName\":\"title\",\"columnComment\":\"印章标题\",\"columnType\":\"varchar(32)\",\"javaType\":\"String\",\"javaField\":\"title\",\"isPk\":\"0\",\"isIncrement\":\"0\",\"isRequired\":\"1\",\"isInsert\":\"1\",\"isEdit\":\"1\",\"isList\":\"1\",\"isQuery\":\"1\",\"queryType\":\"EQ\",\"htmlType\":\"input\",\"dictType\":\"\",\"sort\":2,\"createBy\":\"admin\",\"createTime\":\"2021-10-04 14:33:06\",\"updateBy\":\"admin\",\"updateTime\":\"2021-10-04 16:26:19\",\"params\":{},\"required\":true,\"list\":true,\"pk\":false,\"superColumn\":false,\"increment\":false,\"capJavaField\":\"title\",\"insert\":true,\"usableColumn\":false,\"edit\":true,\"query\":true},{\"columnId\":89,\"tableId\":15,\"columnName\":\"oss_url\",\"columnComment\":\"oss存储路径\",\"columnType\":\"text\",\"javaType\":\"String\",\"javaField\":\"ossUrl\",\"isPk\":\"0\",\"isIncrement\":\"0\",\"isRequired\":null,\"isInsert\":\"1\",\"isEdit\":\"1\",\"isList\":\"1\",\"isQuery\":\"1\",\"queryType\":\"EQ\",\"htmlType\":\"textarea\",\"dictType\":\"\",\"sort\":3,\"createBy\":\"admin\",\"createTime\":\"2021-10-04 14:33:06\",\"updateBy\":\"admin\",\"updateTime\":\"2021-10-04 16:26:19\",\"params\":{},\"required\":false,\"list\":true,\"pk\":false,\"superColumn\":false,\"increment\":false,\"capJavaField\":\"oss', '{\"code\":200,\"msg\":\"操作成功\",\"data\":null}', 0, '', '2021-10-04 16:26:20');
INSERT INTO `sys_oper_log` VALUES (119, '代码生成', 2, 'com.ruoyi.generator.controller.GenController.editSave()', 'PUT', 1, 'admin', '', '/tool/gen', '127.0.0.1', '内网IP', '{\"tableId\":15,\"tableName\":\"he_seal\",\"tableComment\":\"印章表\",\"subTableName\":null,\"subTableFkName\":null,\"className\":\"HeSeal\",\"tplCategory\":\"crud\",\"packageName\":\"com.ruoyi.system\",\"moduleName\":\"system\",\"businessName\":\"seal\",\"functionName\":\"印章管理\",\"functionAuthor\":\"henriport\",\"genType\":\"0\",\"genPath\":\"/\",\"pkColumn\":null,\"subTable\":null,\"columns\":[{\"columnId\":87,\"tableId\":15,\"columnName\":\"id\",\"columnComment\":\"\",\"columnType\":\"int\",\"javaType\":\"Long\",\"javaField\":\"id\",\"isPk\":\"1\",\"isIncrement\":\"1\",\"isRequired\":\"1\",\"isInsert\":null,\"isEdit\":\"1\",\"isList\":null,\"isQuery\":null,\"queryType\":\"EQ\",\"htmlType\":\"input\",\"dictType\":\"\",\"sort\":1,\"createBy\":\"admin\",\"createTime\":\"2021-10-04 14:33:06\",\"updateBy\":\"admin\",\"updateTime\":\"2021-10-04 16:37:09\",\"params\":{},\"required\":true,\"list\":false,\"pk\":true,\"superColumn\":false,\"increment\":true,\"capJavaField\":\"id\",\"insert\":false,\"usableColumn\":false,\"edit\":true,\"query\":false},{\"columnId\":88,\"tableId\":15,\"columnName\":\"title\",\"columnComment\":\"印章标题\",\"columnType\":\"varchar(32)\",\"javaType\":\"String\",\"javaField\":\"title\",\"isPk\":\"0\",\"isIncrement\":\"0\",\"isRequired\":\"1\",\"isInsert\":\"1\",\"isEdit\":\"1\",\"isList\":\"1\",\"isQuery\":\"1\",\"queryType\":\"EQ\",\"htmlType\":\"input\",\"dictType\":\"\",\"sort\":2,\"createBy\":\"admin\",\"createTime\":\"2021-10-04 14:33:06\",\"updateBy\":\"admin\",\"updateTime\":\"2021-10-04 16:37:09\",\"params\":{},\"required\":true,\"list\":true,\"pk\":false,\"superColumn\":false,\"increment\":false,\"capJavaField\":\"title\",\"insert\":true,\"usableColumn\":false,\"edit\":true,\"query\":true},{\"columnId\":89,\"tableId\":15,\"columnName\":\"oss_url\",\"columnComment\":\"oss存储路径\",\"columnType\":\"text\",\"javaType\":\"String\",\"javaField\":\"ossUrl\",\"isPk\":\"0\",\"isIncrement\":\"0\",\"isRequired\":null,\"isInsert\":\"1\",\"isEdit\":\"1\",\"isList\":\"1\",\"isQuery\":\"1\",\"queryType\":\"EQ\",\"htmlType\":\"textarea\",\"dictType\":\"\",\"sort\":3,\"createBy\":\"admin\",\"createTime\":\"2021-10-04 14:33:06\",\"updateBy\":\"admin\",\"updateTime\":\"2021-10-04 16:37:09\",\"params\":{},\"required\":false,\"list\":true,\"pk\":false,\"superColumn\":false,\"increment\":false,\"capJavaField\":\"oss', '{\"code\":200,\"msg\":\"操作成功\",\"data\":null}', 0, '', '2021-10-04 16:37:10');
INSERT INTO `sys_oper_log` VALUES (120, '代码生成', 8, 'com.ruoyi.generator.controller.GenController.batchGenCode()', 'GET', 1, 'admin', '', '/tool/gen/batchGenCode', '127.0.0.1', '内网IP', '{}', '', 0, '', '2021-10-04 16:37:43');
INSERT INTO `sys_oper_log` VALUES (121, '代码生成', 2, 'com.ruoyi.generator.controller.GenController.synchDb()', 'GET', 1, 'admin', '', '/tool/gen/synchDb/he_seal', '127.0.0.1', '内网IP', '{tableName=he_seal}', '{\"code\":200,\"msg\":\"操作成功\",\"data\":null}', 0, '', '2021-10-04 16:37:53');
INSERT INTO `sys_oper_log` VALUES (122, '代码生成', 8, 'com.ruoyi.generator.controller.GenController.batchGenCode()', 'GET', 1, 'admin', '', '/tool/gen/batchGenCode', '127.0.0.1', '内网IP', '{}', '', 0, '', '2021-10-04 16:38:43');
INSERT INTO `sys_oper_log` VALUES (123, '代码生成', 2, 'com.ruoyi.generator.controller.GenController.editSave()', 'PUT', 1, 'admin', '', '/tool/gen', '127.0.0.1', '内网IP', '{\"tableId\":11,\"tableName\":\"he_contract\",\"tableComment\":\"电子合同表\",\"subTableName\":null,\"subTableFkName\":null,\"className\":\"HeContract\",\"tplCategory\":\"crud\",\"packageName\":\"com.ruoyi.system\",\"moduleName\":\"system\",\"businessName\":\"contract\",\"functionName\":\"电子合同\",\"functionAuthor\":\"henriport\",\"genType\":\"0\",\"genPath\":\"/\",\"pkColumn\":null,\"subTable\":null,\"columns\":[{\"columnId\":65,\"tableId\":11,\"columnName\":\"id\",\"columnComment\":\"\",\"columnType\":\"bigint\",\"javaType\":\"Long\",\"javaField\":\"id\",\"isPk\":\"1\",\"isIncrement\":\"1\",\"isRequired\":\"1\",\"isInsert\":null,\"isEdit\":\"1\",\"isList\":null,\"isQuery\":null,\"queryType\":\"EQ\",\"htmlType\":\"input\",\"dictType\":\"\",\"sort\":1,\"createBy\":\"admin\",\"createTime\":\"2021-10-04 14:33:06\",\"updateBy\":\"admin\",\"updateTime\":\"2021-10-05 14:31:30\",\"params\":{},\"list\":false,\"required\":true,\"pk\":true,\"superColumn\":false,\"query\":false,\"insert\":false,\"increment\":true,\"edit\":true,\"usableColumn\":false,\"capJavaField\":\"id\"},{\"columnId\":66,\"tableId\":11,\"columnName\":\"title\",\"columnComment\":\"合同标题\",\"columnType\":\"varchar(32)\",\"javaType\":\"String\",\"javaField\":\"title\",\"isPk\":\"0\",\"isIncrement\":\"0\",\"isRequired\":\"1\",\"isInsert\":\"1\",\"isEdit\":\"1\",\"isList\":\"1\",\"isQuery\":\"1\",\"queryType\":\"EQ\",\"htmlType\":\"input\",\"dictType\":\"\",\"sort\":2,\"createBy\":\"admin\",\"createTime\":\"2021-10-04 14:33:06\",\"updateBy\":\"admin\",\"updateTime\":\"2021-10-05 14:31:30\",\"params\":{},\"list\":true,\"required\":true,\"pk\":false,\"superColumn\":false,\"query\":true,\"insert\":true,\"increment\":false,\"edit\":true,\"usableColumn\":false,\"capJavaField\":\"title\"},{\"columnId\":67,\"tableId\":11,\"columnName\":\"description\",\"columnComment\":\"合同描述\",\"columnType\":\"text\",\"javaType\":\"String\",\"javaField\":\"description\",\"isPk\":\"0\",\"isIncrement\":\"0\",\"isRequired\":null,\"isInsert\":\"1\",\"isEdit\":\"1\",\"isList\":\"1\",\"isQuery\":\"1\",\"queryType\":\"EQ\",\"htmlType\":\"textarea\",\"dictType\":\"\",\"sort\":3,\"createBy\":\"admin\",\"createTime\":\"2021-10-04 14:33:06\",\"updateBy\":\"admin\",\"updateTime\":\"2021-10-05 14:31:30\",\"params\":{},\"list\":true,\"required\":false,\"pk\":false,\"superColumn\":false,\"query\":true,\"', '{\"code\":200,\"msg\":\"操作成功\",\"data\":null}', 0, '', '2021-10-05 14:31:30');
INSERT INTO `sys_oper_log` VALUES (124, '代码生成', 2, 'com.ruoyi.generator.controller.GenController.editSave()', 'PUT', 1, 'admin', '', '/tool/gen', '127.0.0.1', '内网IP', '{\"tableId\":12,\"tableName\":\"he_contract_template\",\"tableComment\":\"电子合同模板表\",\"subTableName\":null,\"subTableFkName\":null,\"className\":\"HeContractTemplate\",\"tplCategory\":\"crud\",\"packageName\":\"com.ruoyi.system\",\"moduleName\":\"system\",\"businessName\":\"contractTemplate\",\"functionName\":\"电子合同模板\",\"functionAuthor\":\"henriport\",\"genType\":\"0\",\"genPath\":\"/\",\"pkColumn\":null,\"subTable\":null,\"columns\":[{\"columnId\":76,\"tableId\":12,\"columnName\":\"id\",\"columnComment\":\"\",\"columnType\":\"bigint\",\"javaType\":\"Long\",\"javaField\":\"id\",\"isPk\":\"1\",\"isIncrement\":\"1\",\"isRequired\":\"1\",\"isInsert\":null,\"isEdit\":\"1\",\"isList\":null,\"isQuery\":null,\"queryType\":\"EQ\",\"htmlType\":\"input\",\"dictType\":\"\",\"sort\":1,\"createBy\":\"admin\",\"createTime\":\"2021-10-04 14:33:06\",\"updateBy\":\"admin\",\"updateTime\":\"2021-10-05 14:31:41\",\"params\":{},\"list\":false,\"required\":true,\"pk\":true,\"superColumn\":false,\"query\":false,\"insert\":false,\"increment\":true,\"edit\":true,\"usableColumn\":false,\"capJavaField\":\"id\"},{\"columnId\":77,\"tableId\":12,\"columnName\":\"title\",\"columnComment\":\"模板标题\",\"columnType\":\"varchar(32)\",\"javaType\":\"String\",\"javaField\":\"title\",\"isPk\":\"0\",\"isIncrement\":\"0\",\"isRequired\":\"1\",\"isInsert\":\"1\",\"isEdit\":\"1\",\"isList\":\"1\",\"isQuery\":\"1\",\"queryType\":\"EQ\",\"htmlType\":\"input\",\"dictType\":\"\",\"sort\":2,\"createBy\":\"admin\",\"createTime\":\"2021-10-04 14:33:06\",\"updateBy\":\"admin\",\"updateTime\":\"2021-10-05 14:31:41\",\"params\":{},\"list\":true,\"required\":true,\"pk\":false,\"superColumn\":false,\"query\":true,\"insert\":true,\"increment\":false,\"edit\":true,\"usableColumn\":false,\"capJavaField\":\"title\"},{\"columnId\":78,\"tableId\":12,\"columnName\":\"description\",\"columnComment\":\"模板描述\",\"columnType\":\"text\",\"javaType\":\"String\",\"javaField\":\"description\",\"isPk\":\"0\",\"isIncrement\":\"0\",\"isRequired\":null,\"isInsert\":\"1\",\"isEdit\":\"1\",\"isList\":\"1\",\"isQuery\":\"1\",\"queryType\":\"EQ\",\"htmlType\":\"textarea\",\"dictType\":\"\",\"sort\":3,\"createBy\":\"admin\",\"createTime\":\"2021-10-04 14:33:06\",\"updateBy\":\"admin\",\"updateTime\":\"2021-10-05 14:31:41\",\"params\":{},\"list\":true,\"required\":false,\"pk\":false,\"supe', '{\"code\":200,\"msg\":\"操作成功\",\"data\":null}', 0, '', '2021-10-05 14:31:42');
INSERT INTO `sys_oper_log` VALUES (125, '代码生成', 2, 'com.ruoyi.generator.controller.GenController.editSave()', 'PUT', 1, 'admin', '', '/tool/gen', '127.0.0.1', '内网IP', '{\"tableId\":13,\"tableName\":\"he_contract_type\",\"tableComment\":\"电子合同类型表\",\"subTableName\":null,\"subTableFkName\":null,\"className\":\"HeContractType\",\"tplCategory\":\"crud\",\"packageName\":\"com.ruoyi.system\",\"moduleName\":\"system\",\"businessName\":\"contractType\",\"functionName\":\"电子合同类型管理\",\"functionAuthor\":\"henriport\",\"genType\":\"0\",\"genPath\":\"/\",\"pkColumn\":null,\"subTable\":null,\"columns\":[{\"columnId\":81,\"tableId\":13,\"columnName\":\"id\",\"columnComment\":\"\",\"columnType\":\"int\",\"javaType\":\"Long\",\"javaField\":\"id\",\"isPk\":\"1\",\"isIncrement\":\"1\",\"isRequired\":\"1\",\"isInsert\":null,\"isEdit\":\"1\",\"isList\":null,\"isQuery\":null,\"queryType\":\"EQ\",\"htmlType\":\"input\",\"dictType\":\"\",\"sort\":1,\"createBy\":\"admin\",\"createTime\":\"2021-10-04 14:33:06\",\"updateBy\":\"admin\",\"updateTime\":\"2021-10-05 14:32:02\",\"params\":{},\"list\":false,\"required\":true,\"pk\":true,\"superColumn\":false,\"query\":false,\"insert\":false,\"increment\":true,\"edit\":true,\"usableColumn\":false,\"capJavaField\":\"id\"},{\"columnId\":82,\"tableId\":13,\"columnName\":\"type\",\"columnComment\":\"合同相关类型\",\"columnType\":\"varchar(16)\",\"javaType\":\"String\",\"javaField\":\"type\",\"isPk\":\"0\",\"isIncrement\":\"0\",\"isRequired\":\"1\",\"isInsert\":\"1\",\"isEdit\":\"1\",\"isList\":\"1\",\"isQuery\":\"1\",\"queryType\":\"EQ\",\"htmlType\":\"input\",\"dictType\":\"\",\"sort\":2,\"createBy\":\"admin\",\"createTime\":\"2021-10-04 14:33:06\",\"updateBy\":\"admin\",\"updateTime\":\"2021-10-05 14:32:02\",\"params\":{},\"list\":true,\"required\":true,\"pk\":false,\"superColumn\":false,\"query\":true,\"insert\":true,\"increment\":false,\"edit\":true,\"usableColumn\":false,\"capJavaField\":\"type\"}],\"options\":\"{\\\"treeCode\\\":null,\\\"treeName\\\":null,\\\"treeParentCode\\\":null,\\\"parentMenuId\\\":\\\"1\\\"}\",\"createBy\":null,\"createTime\":null,\"updateBy\":\"admin\",\"updateTime\":\"2021-10-05 14:32:02\",\"remark\":null,\"params\":{\"treeCode\":null,\"treeName\":null,\"treeParentCode\":null,\"parentMenuId\":\"1\"},\"treeCode\":null,\"treeParentCode\":null,\"treeName\":null,\"parentMenuId\":\"1\",\"parentMenuName\":null,\"sub\":false,\"tree\":false,\"crud\":true}', '{\"code\":200,\"msg\":\"操作成功\",\"data\":null}', 0, '', '2021-10-05 14:32:02');
INSERT INTO `sys_oper_log` VALUES (126, '代码生成', 2, 'com.ruoyi.generator.controller.GenController.editSave()', 'PUT', 1, 'admin', '', '/tool/gen', '127.0.0.1', '内网IP', '{\"tableId\":13,\"tableName\":\"he_contract_type\",\"tableComment\":\"电子合同类型表\",\"subTableName\":null,\"subTableFkName\":null,\"className\":\"HeContractType\",\"tplCategory\":\"crud\",\"packageName\":\"com.ruoyi.system\",\"moduleName\":\"system\",\"businessName\":\"contractType\",\"functionName\":\"合同类型\",\"functionAuthor\":\"henriport\",\"genType\":\"0\",\"genPath\":\"/\",\"pkColumn\":null,\"subTable\":null,\"columns\":[{\"columnId\":81,\"tableId\":13,\"columnName\":\"id\",\"columnComment\":\"\",\"columnType\":\"int\",\"javaType\":\"Long\",\"javaField\":\"id\",\"isPk\":\"1\",\"isIncrement\":\"1\",\"isRequired\":\"1\",\"isInsert\":null,\"isEdit\":\"1\",\"isList\":null,\"isQuery\":null,\"queryType\":\"EQ\",\"htmlType\":\"input\",\"dictType\":\"\",\"sort\":1,\"createBy\":\"admin\",\"createTime\":\"2021-10-04 14:33:06\",\"updateBy\":\"admin\",\"updateTime\":\"2021-10-05 14:32:34\",\"params\":{},\"list\":false,\"required\":true,\"pk\":true,\"superColumn\":false,\"query\":false,\"insert\":false,\"increment\":true,\"edit\":true,\"usableColumn\":false,\"capJavaField\":\"id\"},{\"columnId\":82,\"tableId\":13,\"columnName\":\"type\",\"columnComment\":\"合同相关类型\",\"columnType\":\"varchar(16)\",\"javaType\":\"String\",\"javaField\":\"type\",\"isPk\":\"0\",\"isIncrement\":\"0\",\"isRequired\":\"1\",\"isInsert\":\"1\",\"isEdit\":\"1\",\"isList\":\"1\",\"isQuery\":\"1\",\"queryType\":\"EQ\",\"htmlType\":\"input\",\"dictType\":\"\",\"sort\":2,\"createBy\":\"admin\",\"createTime\":\"2021-10-04 14:33:06\",\"updateBy\":\"admin\",\"updateTime\":\"2021-10-05 14:32:34\",\"params\":{},\"list\":true,\"required\":true,\"pk\":false,\"superColumn\":false,\"query\":true,\"insert\":true,\"increment\":false,\"edit\":true,\"usableColumn\":false,\"capJavaField\":\"type\"}],\"options\":\"{\\\"treeCode\\\":null,\\\"treeName\\\":null,\\\"treeParentCode\\\":null,\\\"parentMenuId\\\":\\\"1\\\"}\",\"createBy\":null,\"createTime\":null,\"updateBy\":\"admin\",\"updateTime\":\"2021-10-05 14:32:34\",\"remark\":null,\"params\":{\"treeCode\":null,\"treeName\":null,\"treeParentCode\":null,\"parentMenuId\":\"1\"},\"treeCode\":null,\"treeParentCode\":null,\"treeName\":null,\"parentMenuId\":\"1\",\"parentMenuName\":null,\"sub\":false,\"tree\":false,\"crud\":true}', '{\"code\":200,\"msg\":\"操作成功\",\"data\":null}', 0, '', '2021-10-05 14:32:34');
INSERT INTO `sys_oper_log` VALUES (127, '代码生成', 2, 'com.ruoyi.generator.controller.GenController.editSave()', 'PUT', 1, 'admin', '', '/tool/gen', '127.0.0.1', '内网IP', '{\"tableId\":15,\"tableName\":\"he_seal\",\"tableComment\":\"印章表\",\"subTableName\":null,\"subTableFkName\":null,\"className\":\"HeSeal\",\"tplCategory\":\"crud\",\"packageName\":\"com.ruoyi.system\",\"moduleName\":\"system\",\"businessName\":\"seal\",\"functionName\":\"印章\",\"functionAuthor\":\"henriport\",\"genType\":\"0\",\"genPath\":\"/\",\"pkColumn\":null,\"subTable\":null,\"columns\":[{\"columnId\":87,\"tableId\":15,\"columnName\":\"id\",\"columnComment\":\"\",\"columnType\":\"int\",\"javaType\":\"Long\",\"javaField\":\"id\",\"isPk\":\"1\",\"isIncrement\":\"1\",\"isRequired\":\"1\",\"isInsert\":null,\"isEdit\":\"1\",\"isList\":null,\"isQuery\":null,\"queryType\":\"EQ\",\"htmlType\":\"input\",\"dictType\":\"\",\"sort\":1,\"createBy\":\"admin\",\"createTime\":\"2021-10-04 14:33:06\",\"updateBy\":\"admin\",\"updateTime\":\"2021-10-05 14:32:47\",\"params\":{},\"list\":false,\"required\":true,\"pk\":true,\"superColumn\":false,\"query\":false,\"insert\":false,\"increment\":true,\"edit\":true,\"usableColumn\":false,\"capJavaField\":\"id\"},{\"columnId\":88,\"tableId\":15,\"columnName\":\"title\",\"columnComment\":\"印章标题\",\"columnType\":\"varchar(32)\",\"javaType\":\"String\",\"javaField\":\"title\",\"isPk\":\"0\",\"isIncrement\":\"0\",\"isRequired\":\"1\",\"isInsert\":\"1\",\"isEdit\":\"1\",\"isList\":\"1\",\"isQuery\":\"1\",\"queryType\":\"EQ\",\"htmlType\":\"input\",\"dictType\":\"\",\"sort\":2,\"createBy\":\"admin\",\"createTime\":\"2021-10-04 14:33:06\",\"updateBy\":\"admin\",\"updateTime\":\"2021-10-05 14:32:47\",\"params\":{},\"list\":true,\"required\":true,\"pk\":false,\"superColumn\":false,\"query\":true,\"insert\":true,\"increment\":false,\"edit\":true,\"usableColumn\":false,\"capJavaField\":\"title\"},{\"columnId\":89,\"tableId\":15,\"columnName\":\"oss_url\",\"columnComment\":\"oss存储路径\",\"columnType\":\"text\",\"javaType\":\"String\",\"javaField\":\"ossUrl\",\"isPk\":\"0\",\"isIncrement\":\"0\",\"isRequired\":null,\"isInsert\":\"1\",\"isEdit\":\"1\",\"isList\":\"1\",\"isQuery\":\"1\",\"queryType\":\"EQ\",\"htmlType\":\"textarea\",\"dictType\":\"\",\"sort\":3,\"createBy\":\"admin\",\"createTime\":\"2021-10-04 14:33:06\",\"updateBy\":\"admin\",\"updateTime\":\"2021-10-05 14:32:47\",\"params\":{},\"list\":true,\"required\":false,\"pk\":false,\"superColumn\":false,\"query\":true,\"insert\":true,\"increment\":', '{\"code\":200,\"msg\":\"操作成功\",\"data\":null}', 0, '', '2021-10-05 14:32:48');
INSERT INTO `sys_oper_log` VALUES (128, '代码生成', 2, 'com.ruoyi.generator.controller.GenController.editSave()', 'PUT', 1, 'admin', '', '/tool/gen', '127.0.0.1', '内网IP', '{\"tableId\":13,\"tableName\":\"he_contract_type\",\"tableComment\":\"电子合同类型表\",\"subTableName\":null,\"subTableFkName\":null,\"className\":\"HeContractType\",\"tplCategory\":\"crud\",\"packageName\":\"com.ruoyi.system\",\"moduleName\":\"system\",\"businessName\":\"contractType\",\"functionName\":\"合同类型\",\"functionAuthor\":\"henriport\",\"genType\":\"0\",\"genPath\":\"/\",\"pkColumn\":null,\"subTable\":null,\"columns\":[{\"columnId\":81,\"tableId\":13,\"columnName\":\"id\",\"columnComment\":\"\",\"columnType\":\"int\",\"javaType\":\"Long\",\"javaField\":\"id\",\"isPk\":\"1\",\"isIncrement\":\"1\",\"isRequired\":\"1\",\"isInsert\":null,\"isEdit\":\"1\",\"isList\":null,\"isQuery\":null,\"queryType\":\"EQ\",\"htmlType\":\"input\",\"dictType\":\"\",\"sort\":1,\"createBy\":\"admin\",\"createTime\":\"2021-10-04 14:33:06\",\"updateBy\":\"admin\",\"updateTime\":\"2021-10-05 14:33:15\",\"params\":{},\"list\":false,\"required\":true,\"pk\":true,\"superColumn\":false,\"query\":false,\"insert\":false,\"increment\":true,\"edit\":true,\"usableColumn\":false,\"capJavaField\":\"id\"},{\"columnId\":82,\"tableId\":13,\"columnName\":\"type\",\"columnComment\":\"合同相关类型\",\"columnType\":\"varchar(16)\",\"javaType\":\"String\",\"javaField\":\"type\",\"isPk\":\"0\",\"isIncrement\":\"0\",\"isRequired\":\"1\",\"isInsert\":\"1\",\"isEdit\":\"1\",\"isList\":\"1\",\"isQuery\":\"1\",\"queryType\":\"EQ\",\"htmlType\":\"input\",\"dictType\":\"\",\"sort\":2,\"createBy\":\"admin\",\"createTime\":\"2021-10-04 14:33:06\",\"updateBy\":\"admin\",\"updateTime\":\"2021-10-05 14:33:15\",\"params\":{},\"list\":true,\"required\":true,\"pk\":false,\"superColumn\":false,\"query\":true,\"insert\":true,\"increment\":false,\"edit\":true,\"usableColumn\":false,\"capJavaField\":\"type\"}],\"options\":\"{\\\"treeCode\\\":null,\\\"treeName\\\":null,\\\"treeParentCode\\\":null,\\\"parentMenuId\\\":\\\"1\\\"}\",\"createBy\":null,\"createTime\":null,\"updateBy\":\"admin\",\"updateTime\":\"2021-10-05 14:33:15\",\"remark\":null,\"params\":{\"treeCode\":null,\"treeName\":null,\"treeParentCode\":null,\"parentMenuId\":\"1\"},\"treeCode\":null,\"treeParentCode\":null,\"treeName\":null,\"parentMenuId\":\"1\",\"parentMenuName\":null,\"sub\":false,\"tree\":false,\"crud\":true}', '{\"code\":200,\"msg\":\"操作成功\",\"data\":null}', 0, '', '2021-10-05 14:33:15');
INSERT INTO `sys_oper_log` VALUES (129, '代码生成', 8, 'com.ruoyi.generator.controller.GenController.batchGenCode()', 'GET', 1, 'admin', '', '/tool/gen/batchGenCode', '127.0.0.1', '内网IP', '{}', '', 0, '', '2021-10-05 14:33:21');
INSERT INTO `sys_oper_log` VALUES (130, '代码生成', 2, 'com.ruoyi.generator.controller.GenController.editSave()', 'PUT', 1, 'admin', '', '/tool/gen', '127.0.0.1', '内网IP', '{\"tableId\":11,\"tableName\":\"he_contract\",\"tableComment\":\"电子合同表\",\"subTableName\":null,\"subTableFkName\":null,\"className\":\"HeContract\",\"tplCategory\":\"crud\",\"packageName\":\"com.ruoyi.system\",\"moduleName\":\"system\",\"businessName\":\"contract\",\"functionName\":\"电子合同\",\"functionAuthor\":\"henriport\",\"genType\":\"0\",\"genPath\":\"/\",\"pkColumn\":null,\"subTable\":null,\"columns\":[{\"columnId\":65,\"tableId\":11,\"columnName\":\"id\",\"columnComment\":\"id\",\"columnType\":\"bigint\",\"javaType\":\"Long\",\"javaField\":\"id\",\"isPk\":\"1\",\"isIncrement\":\"1\",\"isRequired\":\"1\",\"isInsert\":\"1\",\"isEdit\":\"1\",\"isList\":\"1\",\"isQuery\":\"1\",\"queryType\":\"EQ\",\"htmlType\":\"input\",\"dictType\":\"\",\"sort\":1,\"createBy\":\"admin\",\"createTime\":\"2021-10-04 14:33:06\",\"updateBy\":\"admin\",\"updateTime\":\"2021-10-05 16:16:53\",\"params\":{},\"required\":true,\"list\":true,\"pk\":true,\"capJavaField\":\"id\",\"edit\":true,\"query\":true,\"insert\":true,\"usableColumn\":false,\"increment\":true,\"superColumn\":false},{\"columnId\":66,\"tableId\":11,\"columnName\":\"title\",\"columnComment\":\"合同标题\",\"columnType\":\"varchar(32)\",\"javaType\":\"String\",\"javaField\":\"title\",\"isPk\":\"0\",\"isIncrement\":\"0\",\"isRequired\":\"1\",\"isInsert\":\"1\",\"isEdit\":\"1\",\"isList\":\"1\",\"isQuery\":\"1\",\"queryType\":\"EQ\",\"htmlType\":\"input\",\"dictType\":\"\",\"sort\":2,\"createBy\":\"admin\",\"createTime\":\"2021-10-04 14:33:06\",\"updateBy\":\"admin\",\"updateTime\":\"2021-10-05 16:16:53\",\"params\":{},\"required\":true,\"list\":true,\"pk\":false,\"capJavaField\":\"title\",\"edit\":true,\"query\":true,\"insert\":true,\"usableColumn\":false,\"increment\":false,\"superColumn\":false},{\"columnId\":67,\"tableId\":11,\"columnName\":\"description\",\"columnComment\":\"合同描述\",\"columnType\":\"text\",\"javaType\":\"String\",\"javaField\":\"description\",\"isPk\":\"0\",\"isIncrement\":\"0\",\"isRequired\":null,\"isInsert\":\"1\",\"isEdit\":\"1\",\"isList\":\"1\",\"isQuery\":\"1\",\"queryType\":\"EQ\",\"htmlType\":\"textarea\",\"dictType\":\"\",\"sort\":3,\"createBy\":\"admin\",\"createTime\":\"2021-10-04 14:33:06\",\"updateBy\":\"admin\",\"updateTime\":\"2021-10-05 16:16:53\",\"params\":{},\"required\":false,\"list\":true,\"pk\":false,\"capJavaField\":\"description\",\"edit\":tr', '{\"code\":200,\"msg\":\"操作成功\",\"data\":null}', 0, '', '2021-10-05 16:16:53');
INSERT INTO `sys_oper_log` VALUES (131, '代码生成', 2, 'com.ruoyi.generator.controller.GenController.editSave()', 'PUT', 1, 'admin', '', '/tool/gen', '127.0.0.1', '内网IP', '{\"tableId\":12,\"tableName\":\"he_contract_template\",\"tableComment\":\"电子合同模板表\",\"subTableName\":null,\"subTableFkName\":null,\"className\":\"HeContractTemplate\",\"tplCategory\":\"crud\",\"packageName\":\"com.ruoyi.system\",\"moduleName\":\"system\",\"businessName\":\"contractTemplate\",\"functionName\":\"电子合同模板\",\"functionAuthor\":\"henriport\",\"genType\":\"0\",\"genPath\":\"/\",\"pkColumn\":null,\"subTable\":null,\"columns\":[{\"columnId\":76,\"tableId\":12,\"columnName\":\"id\",\"columnComment\":\"id\",\"columnType\":\"bigint\",\"javaType\":\"Long\",\"javaField\":\"id\",\"isPk\":\"1\",\"isIncrement\":\"1\",\"isRequired\":\"1\",\"isInsert\":\"1\",\"isEdit\":\"1\",\"isList\":\"1\",\"isQuery\":\"1\",\"queryType\":\"EQ\",\"htmlType\":\"input\",\"dictType\":\"\",\"sort\":1,\"createBy\":\"admin\",\"createTime\":\"2021-10-04 14:33:06\",\"updateBy\":\"admin\",\"updateTime\":\"2021-10-05 16:17:09\",\"params\":{},\"required\":true,\"list\":true,\"pk\":true,\"capJavaField\":\"id\",\"edit\":true,\"query\":true,\"insert\":true,\"usableColumn\":false,\"increment\":true,\"superColumn\":false},{\"columnId\":77,\"tableId\":12,\"columnName\":\"title\",\"columnComment\":\"模板标题\",\"columnType\":\"varchar(32)\",\"javaType\":\"String\",\"javaField\":\"title\",\"isPk\":\"0\",\"isIncrement\":\"0\",\"isRequired\":\"1\",\"isInsert\":\"1\",\"isEdit\":\"1\",\"isList\":\"1\",\"isQuery\":\"1\",\"queryType\":\"EQ\",\"htmlType\":\"input\",\"dictType\":\"\",\"sort\":2,\"createBy\":\"admin\",\"createTime\":\"2021-10-04 14:33:06\",\"updateBy\":\"admin\",\"updateTime\":\"2021-10-05 16:17:09\",\"params\":{},\"required\":true,\"list\":true,\"pk\":false,\"capJavaField\":\"title\",\"edit\":true,\"query\":true,\"insert\":true,\"usableColumn\":false,\"increment\":false,\"superColumn\":false},{\"columnId\":78,\"tableId\":12,\"columnName\":\"description\",\"columnComment\":\"模板描述\",\"columnType\":\"text\",\"javaType\":\"String\",\"javaField\":\"description\",\"isPk\":\"0\",\"isIncrement\":\"0\",\"isRequired\":null,\"isInsert\":\"1\",\"isEdit\":\"1\",\"isList\":\"1\",\"isQuery\":\"1\",\"queryType\":\"EQ\",\"htmlType\":\"textarea\",\"dictType\":\"\",\"sort\":3,\"createBy\":\"admin\",\"createTime\":\"2021-10-04 14:33:06\",\"updateBy\":\"admin\",\"updateTime\":\"2021-10-05 16:17:09\",\"params\":{},\"required\":false,\"list\":true,\"pk\":false,\"capJavaF', '{\"code\":200,\"msg\":\"操作成功\",\"data\":null}', 0, '', '2021-10-05 16:17:10');
INSERT INTO `sys_oper_log` VALUES (132, '代码生成', 2, 'com.ruoyi.generator.controller.GenController.editSave()', 'PUT', 1, 'admin', '', '/tool/gen', '127.0.0.1', '内网IP', '{\"tableId\":13,\"tableName\":\"he_contract_type\",\"tableComment\":\"电子合同类型表\",\"subTableName\":null,\"subTableFkName\":null,\"className\":\"HeContractType\",\"tplCategory\":\"crud\",\"packageName\":\"com.ruoyi.system\",\"moduleName\":\"system\",\"businessName\":\"contractType\",\"functionName\":\"合同类型\",\"functionAuthor\":\"henriport\",\"genType\":\"0\",\"genPath\":\"/\",\"pkColumn\":null,\"subTable\":null,\"columns\":[{\"columnId\":81,\"tableId\":13,\"columnName\":\"id\",\"columnComment\":\"\",\"columnType\":\"int\",\"javaType\":\"Long\",\"javaField\":\"id\",\"isPk\":\"1\",\"isIncrement\":\"1\",\"isRequired\":\"1\",\"isInsert\":\"1\",\"isEdit\":\"1\",\"isList\":\"1\",\"isQuery\":\"1\",\"queryType\":\"EQ\",\"htmlType\":\"input\",\"dictType\":\"\",\"sort\":1,\"createBy\":\"admin\",\"createTime\":\"2021-10-04 14:33:06\",\"updateBy\":\"admin\",\"updateTime\":\"2021-10-05 16:17:17\",\"params\":{},\"required\":true,\"list\":true,\"pk\":true,\"capJavaField\":\"id\",\"edit\":true,\"query\":true,\"insert\":true,\"usableColumn\":false,\"increment\":true,\"superColumn\":false},{\"columnId\":82,\"tableId\":13,\"columnName\":\"type\",\"columnComment\":\"合同相关类型\",\"columnType\":\"varchar(16)\",\"javaType\":\"String\",\"javaField\":\"type\",\"isPk\":\"0\",\"isIncrement\":\"0\",\"isRequired\":\"1\",\"isInsert\":\"1\",\"isEdit\":\"1\",\"isList\":\"1\",\"isQuery\":\"1\",\"queryType\":\"EQ\",\"htmlType\":\"input\",\"dictType\":\"\",\"sort\":2,\"createBy\":\"admin\",\"createTime\":\"2021-10-04 14:33:06\",\"updateBy\":\"admin\",\"updateTime\":\"2021-10-05 16:17:17\",\"params\":{},\"required\":true,\"list\":true,\"pk\":false,\"capJavaField\":\"type\",\"edit\":true,\"query\":true,\"insert\":true,\"usableColumn\":false,\"increment\":false,\"superColumn\":false}],\"options\":\"{\\\"treeCode\\\":null,\\\"treeName\\\":null,\\\"treeParentCode\\\":null,\\\"parentMenuId\\\":\\\"1\\\"}\",\"createBy\":null,\"createTime\":null,\"updateBy\":\"admin\",\"updateTime\":\"2021-10-05 16:17:17\",\"remark\":null,\"params\":{\"treeCode\":null,\"treeName\":null,\"treeParentCode\":null,\"parentMenuId\":\"1\"},\"treeCode\":null,\"treeParentCode\":null,\"treeName\":null,\"parentMenuId\":\"1\",\"parentMenuName\":null,\"crud\":true,\"tree\":false,\"sub\":false}', '{\"code\":200,\"msg\":\"操作成功\",\"data\":null}', 0, '', '2021-10-05 16:17:17');
INSERT INTO `sys_oper_log` VALUES (133, '代码生成', 2, 'com.ruoyi.generator.controller.GenController.editSave()', 'PUT', 1, 'admin', '', '/tool/gen', '127.0.0.1', '内网IP', '{\"tableId\":15,\"tableName\":\"he_seal\",\"tableComment\":\"印章表\",\"subTableName\":null,\"subTableFkName\":null,\"className\":\"HeSeal\",\"tplCategory\":\"crud\",\"packageName\":\"com.ruoyi.system\",\"moduleName\":\"system\",\"businessName\":\"seal\",\"functionName\":\"印章\",\"functionAuthor\":\"henriport\",\"genType\":\"0\",\"genPath\":\"/\",\"pkColumn\":null,\"subTable\":null,\"columns\":[{\"columnId\":87,\"tableId\":15,\"columnName\":\"id\",\"columnComment\":\"\",\"columnType\":\"int\",\"javaType\":\"Long\",\"javaField\":\"id\",\"isPk\":\"1\",\"isIncrement\":\"1\",\"isRequired\":\"1\",\"isInsert\":\"1\",\"isEdit\":\"1\",\"isList\":\"1\",\"isQuery\":\"1\",\"queryType\":\"EQ\",\"htmlType\":\"input\",\"dictType\":\"\",\"sort\":1,\"createBy\":\"admin\",\"createTime\":\"2021-10-04 14:33:06\",\"updateBy\":\"admin\",\"updateTime\":\"2021-10-05 16:17:25\",\"params\":{},\"required\":true,\"list\":true,\"pk\":true,\"capJavaField\":\"id\",\"edit\":true,\"query\":true,\"insert\":true,\"usableColumn\":false,\"increment\":true,\"superColumn\":false},{\"columnId\":88,\"tableId\":15,\"columnName\":\"title\",\"columnComment\":\"印章标题\",\"columnType\":\"varchar(32)\",\"javaType\":\"String\",\"javaField\":\"title\",\"isPk\":\"0\",\"isIncrement\":\"0\",\"isRequired\":\"1\",\"isInsert\":\"1\",\"isEdit\":\"1\",\"isList\":\"1\",\"isQuery\":\"1\",\"queryType\":\"EQ\",\"htmlType\":\"input\",\"dictType\":\"\",\"sort\":2,\"createBy\":\"admin\",\"createTime\":\"2021-10-04 14:33:06\",\"updateBy\":\"admin\",\"updateTime\":\"2021-10-05 16:17:25\",\"params\":{},\"required\":true,\"list\":true,\"pk\":false,\"capJavaField\":\"title\",\"edit\":true,\"query\":true,\"insert\":true,\"usableColumn\":false,\"increment\":false,\"superColumn\":false},{\"columnId\":89,\"tableId\":15,\"columnName\":\"oss_url\",\"columnComment\":\"oss存储路径\",\"columnType\":\"text\",\"javaType\":\"String\",\"javaField\":\"ossUrl\",\"isPk\":\"0\",\"isIncrement\":\"0\",\"isRequired\":null,\"isInsert\":\"1\",\"isEdit\":\"1\",\"isList\":\"1\",\"isQuery\":\"1\",\"queryType\":\"EQ\",\"htmlType\":\"textarea\",\"dictType\":\"\",\"sort\":3,\"createBy\":\"admin\",\"createTime\":\"2021-10-04 14:33:06\",\"updateBy\":\"admin\",\"updateTime\":\"2021-10-05 16:17:25\",\"params\":{},\"required\":false,\"list\":true,\"pk\":false,\"capJavaField\":\"ossUrl\",\"edit\":true,\"query\":true,\"insert\":true,\"u', '{\"code\":200,\"msg\":\"操作成功\",\"data\":null}', 0, '', '2021-10-05 16:17:26');
INSERT INTO `sys_oper_log` VALUES (134, '代码生成', 8, 'com.ruoyi.generator.controller.GenController.batchGenCode()', 'GET', 1, 'admin', '', '/tool/gen/batchGenCode', '127.0.0.1', '内网IP', '{}', '', 0, '', '2021-10-05 16:17:33');
INSERT INTO `sys_oper_log` VALUES (135, '合同类型', 1, 'com.ruoyi.system.controller.HeContractTypeController.add()', 'POST', 1, 'admin', '', '/system/contractType', '127.0.0.1', '内网IP', '{\"searchValue\":null,\"createBy\":null,\"createTime\":null,\"updateBy\":null,\"updateTime\":null,\"remark\":null,\"id\":3,\"type\":\"餐饮\",\"pageSize\":null,\"pageNum\":null,\"orderByColumn\":null,\"isAsc\":null}', '{\"code\":200,\"msg\":\"操作成功\",\"data\":null}', 0, '', '2021-10-05 17:16:36');
INSERT INTO `sys_oper_log` VALUES (136, '合同类型', 2, 'com.ruoyi.system.controller.HeContractTypeController.edit()', 'PUT', 1, 'admin', '', '/system/contractType', '127.0.0.1', '内网IP', '{\"searchValue\":null,\"createBy\":null,\"createTime\":null,\"updateBy\":null,\"updateTime\":null,\"remark\":null,\"id\":3,\"type\":\"餐饮2\",\"pageSize\":null,\"pageNum\":null,\"orderByColumn\":null,\"isAsc\":null}', '{\"code\":200,\"msg\":\"操作成功\",\"data\":null}', 0, '', '2021-10-05 17:16:44');
INSERT INTO `sys_oper_log` VALUES (137, '合同类型', 3, 'com.ruoyi.system.controller.HeContractTypeController.remove()', 'DELETE', 1, 'admin', '', '/system/contractType/3', '127.0.0.1', '内网IP', '{ids=3}', '{\"code\":200,\"msg\":\"操作成功\",\"data\":null}', 0, '', '2021-10-05 17:16:48');
INSERT INTO `sys_oper_log` VALUES (138, '代码生成', 3, 'com.ruoyi.generator.controller.GenController.remove()', 'DELETE', 1, 'admin', '', '/tool/gen/11,12,13,15', '127.0.0.1', '内网IP', '{tableIds=11,12,13,15}', '{\"code\":200,\"msg\":\"操作成功\",\"data\":null}', 0, '', '2021-10-11 15:06:07');
INSERT INTO `sys_oper_log` VALUES (139, '代码生成', 6, 'com.ruoyi.generator.controller.GenController.importTableSave()', 'POST', 1, 'admin', '', '/tool/gen/importTable', '127.0.0.1', '内网IP', '\"he_contract_template,he_contract,he_seal,he_contract_type\"', '{\"code\":200,\"msg\":\"操作成功\",\"data\":null}', 0, '', '2021-10-11 15:06:36');
INSERT INTO `sys_oper_log` VALUES (140, '代码生成', 2, 'com.ruoyi.generator.controller.GenController.editSave()', 'PUT', 1, 'admin', '', '/tool/gen', '127.0.0.1', '内网IP', '{\"tableId\":16,\"tableName\":\"he_contract\",\"tableComment\":\"电子合同表\",\"subTableName\":null,\"subTableFkName\":null,\"className\":\"HeContract\",\"tplCategory\":\"crud\",\"packageName\":\"com.ruoyi.system\",\"moduleName\":\"system\",\"businessName\":\"contract\",\"functionName\":\"电子合同\",\"functionAuthor\":\"henriport\",\"genType\":\"0\",\"genPath\":\"/\",\"pkColumn\":null,\"subTable\":null,\"columns\":[{\"columnId\":97,\"tableId\":16,\"columnName\":\"id\",\"columnComment\":\"id\",\"columnType\":\"bigint\",\"javaType\":\"Long\",\"javaField\":\"id\",\"isPk\":\"1\",\"isIncrement\":\"1\",\"isRequired\":\"1\",\"isInsert\":\"1\",\"isEdit\":\"1\",\"isList\":\"1\",\"isQuery\":\"1\",\"queryType\":\"EQ\",\"htmlType\":\"input\",\"dictType\":\"\",\"sort\":1,\"createBy\":\"admin\",\"createTime\":\"2021-10-11 15:06:36\",\"updateBy\":\"admin\",\"updateTime\":\"2021-10-11 15:08:31\",\"params\":{},\"required\":true,\"list\":true,\"pk\":true,\"superColumn\":false,\"insert\":true,\"edit\":true,\"query\":true,\"increment\":true,\"capJavaField\":\"id\",\"usableColumn\":false},{\"columnId\":98,\"tableId\":16,\"columnName\":\"title\",\"columnComment\":\"合同标题\",\"columnType\":\"varchar(32)\",\"javaType\":\"String\",\"javaField\":\"title\",\"isPk\":\"0\",\"isIncrement\":\"0\",\"isRequired\":\"1\",\"isInsert\":\"1\",\"isEdit\":\"1\",\"isList\":\"1\",\"isQuery\":\"1\",\"queryType\":\"EQ\",\"htmlType\":\"input\",\"dictType\":\"\",\"sort\":2,\"createBy\":\"admin\",\"createTime\":\"2021-10-11 15:06:36\",\"updateBy\":\"admin\",\"updateTime\":\"2021-10-11 15:08:31\",\"params\":{},\"required\":true,\"list\":true,\"pk\":false,\"superColumn\":false,\"insert\":true,\"edit\":true,\"query\":true,\"increment\":false,\"capJavaField\":\"title\",\"usableColumn\":false},{\"columnId\":99,\"tableId\":16,\"columnName\":\"description\",\"columnComment\":\"合同描述\",\"columnType\":\"text\",\"javaType\":\"String\",\"javaField\":\"description\",\"isPk\":\"0\",\"isIncrement\":\"0\",\"isRequired\":\"1\",\"isInsert\":\"1\",\"isEdit\":\"1\",\"isList\":\"1\",\"isQuery\":\"1\",\"queryType\":\"EQ\",\"htmlType\":\"textarea\",\"dictType\":\"\",\"sort\":3,\"createBy\":\"admin\",\"createTime\":\"2021-10-11 15:06:36\",\"updateBy\":\"admin\",\"updateTime\":\"2021-10-11 15:08:31\",\"params\":{},\"required\":true,\"list\":true,\"pk\":false,\"superColumn\":false,\"insert\":true,\"edit\"', '{\"code\":200,\"msg\":\"操作成功\",\"data\":null}', 0, '', '2021-10-11 15:08:32');
INSERT INTO `sys_oper_log` VALUES (141, '代码生成', 2, 'com.ruoyi.generator.controller.GenController.editSave()', 'PUT', 1, 'admin', '', '/tool/gen', '127.0.0.1', '内网IP', '{\"tableId\":17,\"tableName\":\"he_contract_template\",\"tableComment\":\"电子合同模板表\",\"subTableName\":null,\"subTableFkName\":null,\"className\":\"HeContractTemplate\",\"tplCategory\":\"crud\",\"packageName\":\"com.ruoyi.system\",\"moduleName\":\"system\",\"businessName\":\"contractTemplate\",\"functionName\":\"电子合同模板\",\"functionAuthor\":\"henriport\",\"genType\":\"0\",\"genPath\":\"/\",\"pkColumn\":null,\"subTable\":null,\"columns\":[{\"columnId\":109,\"tableId\":17,\"columnName\":\"id\",\"columnComment\":\"id\",\"columnType\":\"bigint\",\"javaType\":\"Long\",\"javaField\":\"id\",\"isPk\":\"1\",\"isIncrement\":\"1\",\"isRequired\":\"1\",\"isInsert\":\"1\",\"isEdit\":\"1\",\"isList\":\"1\",\"isQuery\":\"1\",\"queryType\":\"EQ\",\"htmlType\":\"input\",\"dictType\":\"\",\"sort\":1,\"createBy\":\"admin\",\"createTime\":\"2021-10-11 15:06:36\",\"updateBy\":\"admin\",\"updateTime\":\"2021-10-11 15:08:56\",\"params\":{},\"required\":true,\"list\":true,\"pk\":true,\"superColumn\":false,\"insert\":true,\"edit\":true,\"query\":true,\"increment\":true,\"capJavaField\":\"id\",\"usableColumn\":false},{\"columnId\":110,\"tableId\":17,\"columnName\":\"title\",\"columnComment\":\"模板标题\",\"columnType\":\"varchar(32)\",\"javaType\":\"String\",\"javaField\":\"title\",\"isPk\":\"0\",\"isIncrement\":\"0\",\"isRequired\":\"1\",\"isInsert\":\"1\",\"isEdit\":\"1\",\"isList\":\"1\",\"isQuery\":\"1\",\"queryType\":\"EQ\",\"htmlType\":\"input\",\"dictType\":\"\",\"sort\":2,\"createBy\":\"admin\",\"createTime\":\"2021-10-11 15:06:36\",\"updateBy\":\"admin\",\"updateTime\":\"2021-10-11 15:08:56\",\"params\":{},\"required\":true,\"list\":true,\"pk\":false,\"superColumn\":false,\"insert\":true,\"edit\":true,\"query\":true,\"increment\":false,\"capJavaField\":\"title\",\"usableColumn\":false},{\"columnId\":111,\"tableId\":17,\"columnName\":\"oss_url\",\"columnComment\":\"oss存储路径\",\"columnType\":\"text\",\"javaType\":\"String\",\"javaField\":\"ossUrl\",\"isPk\":\"0\",\"isIncrement\":\"0\",\"isRequired\":\"1\",\"isInsert\":\"1\",\"isEdit\":\"1\",\"isList\":\"1\",\"isQuery\":\"1\",\"queryType\":\"EQ\",\"htmlType\":\"textarea\",\"dictType\":\"\",\"sort\":3,\"createBy\":\"admin\",\"createTime\":\"2021-10-11 15:06:36\",\"updateBy\":\"admin\",\"updateTime\":\"2021-10-11 15:08:56\",\"params\":{},\"required\":true,\"list\":true,\"pk\":false,\"superColumn\":', '{\"code\":200,\"msg\":\"操作成功\",\"data\":null}', 0, '', '2021-10-11 15:08:57');
INSERT INTO `sys_oper_log` VALUES (142, '代码生成', 2, 'com.ruoyi.generator.controller.GenController.editSave()', 'PUT', 1, 'admin', '', '/tool/gen', '127.0.0.1', '内网IP', '{\"tableId\":18,\"tableName\":\"he_contract_type\",\"tableComment\":\"电子合同类型表\",\"subTableName\":null,\"subTableFkName\":null,\"className\":\"HeContractType\",\"tplCategory\":\"crud\",\"packageName\":\"com.ruoyi.system\",\"moduleName\":\"system\",\"businessName\":\"contractType\",\"functionName\":\"电子合同类型\",\"functionAuthor\":\"henriport\",\"genType\":\"0\",\"genPath\":\"/\",\"pkColumn\":null,\"subTable\":null,\"columns\":[{\"columnId\":117,\"tableId\":18,\"columnName\":\"id\",\"columnComment\":\"id\",\"columnType\":\"int\",\"javaType\":\"Long\",\"javaField\":\"id\",\"isPk\":\"1\",\"isIncrement\":\"1\",\"isRequired\":\"1\",\"isInsert\":\"1\",\"isEdit\":\"1\",\"isList\":\"1\",\"isQuery\":\"1\",\"queryType\":\"EQ\",\"htmlType\":\"input\",\"dictType\":\"\",\"sort\":1,\"createBy\":\"admin\",\"createTime\":\"2021-10-11 15:06:36\",\"updateBy\":\"admin\",\"updateTime\":\"2021-10-11 15:09:16\",\"params\":{},\"required\":true,\"list\":true,\"pk\":true,\"superColumn\":false,\"insert\":true,\"edit\":true,\"query\":true,\"increment\":true,\"capJavaField\":\"id\",\"usableColumn\":false},{\"columnId\":118,\"tableId\":18,\"columnName\":\"type\",\"columnComment\":\"合同类型\",\"columnType\":\"varchar(16)\",\"javaType\":\"String\",\"javaField\":\"type\",\"isPk\":\"0\",\"isIncrement\":\"0\",\"isRequired\":\"1\",\"isInsert\":\"1\",\"isEdit\":\"1\",\"isList\":\"1\",\"isQuery\":\"1\",\"queryType\":\"EQ\",\"htmlType\":\"select\",\"dictType\":\"\",\"sort\":2,\"createBy\":\"admin\",\"createTime\":\"2021-10-11 15:06:36\",\"updateBy\":\"admin\",\"updateTime\":\"2021-10-11 15:09:16\",\"params\":{},\"required\":true,\"list\":true,\"pk\":false,\"superColumn\":false,\"insert\":true,\"edit\":true,\"query\":true,\"increment\":false,\"capJavaField\":\"type\",\"usableColumn\":false}],\"options\":\"{\\\"treeCode\\\":null,\\\"treeName\\\":null,\\\"treeParentCode\\\":null,\\\"parentMenuId\\\":1}\",\"createBy\":null,\"createTime\":null,\"updateBy\":\"admin\",\"updateTime\":\"2021-10-11 15:09:16\",\"remark\":null,\"params\":{\"treeCode\":null,\"treeName\":null,\"treeParentCode\":null,\"parentMenuId\":1},\"treeCode\":null,\"treeParentCode\":null,\"treeName\":null,\"parentMenuId\":\"1\",\"parentMenuName\":null,\"crud\":true,\"tree\":false,\"sub\":false}', '{\"code\":200,\"msg\":\"操作成功\",\"data\":null}', 0, '', '2021-10-11 15:09:16');
INSERT INTO `sys_oper_log` VALUES (143, '代码生成', 2, 'com.ruoyi.generator.controller.GenController.editSave()', 'PUT', 1, 'admin', '', '/tool/gen', '127.0.0.1', '内网IP', '{\"tableId\":19,\"tableName\":\"he_seal\",\"tableComment\":\"印章表\",\"subTableName\":null,\"subTableFkName\":null,\"className\":\"HeSeal\",\"tplCategory\":\"crud\",\"packageName\":\"com.ruoyi.system\",\"moduleName\":\"system\",\"businessName\":\"seal\",\"functionName\":\"印章\",\"functionAuthor\":\"henriport\",\"genType\":\"0\",\"genPath\":\"/\",\"pkColumn\":null,\"subTable\":null,\"columns\":[{\"columnId\":119,\"tableId\":19,\"columnName\":\"id\",\"columnComment\":\"id\",\"columnType\":\"int\",\"javaType\":\"Long\",\"javaField\":\"id\",\"isPk\":\"1\",\"isIncrement\":\"1\",\"isRequired\":\"1\",\"isInsert\":\"1\",\"isEdit\":\"1\",\"isList\":\"1\",\"isQuery\":\"1\",\"queryType\":\"EQ\",\"htmlType\":\"input\",\"dictType\":\"\",\"sort\":1,\"createBy\":\"admin\",\"createTime\":\"2021-10-11 15:06:36\",\"updateBy\":\"admin\",\"updateTime\":\"2021-10-11 15:10:04\",\"params\":{},\"required\":true,\"list\":true,\"pk\":true,\"superColumn\":false,\"insert\":true,\"edit\":true,\"query\":true,\"increment\":true,\"capJavaField\":\"id\",\"usableColumn\":false},{\"columnId\":120,\"tableId\":19,\"columnName\":\"title\",\"columnComment\":\"印章标题\",\"columnType\":\"varchar(32)\",\"javaType\":\"String\",\"javaField\":\"title\",\"isPk\":\"0\",\"isIncrement\":\"0\",\"isRequired\":\"1\",\"isInsert\":\"1\",\"isEdit\":\"1\",\"isList\":\"1\",\"isQuery\":\"1\",\"queryType\":\"EQ\",\"htmlType\":\"input\",\"dictType\":\"\",\"sort\":2,\"createBy\":\"admin\",\"createTime\":\"2021-10-11 15:06:36\",\"updateBy\":\"admin\",\"updateTime\":\"2021-10-11 15:10:04\",\"params\":{},\"required\":true,\"list\":true,\"pk\":false,\"superColumn\":false,\"insert\":true,\"edit\":true,\"query\":true,\"increment\":false,\"capJavaField\":\"title\",\"usableColumn\":false},{\"columnId\":121,\"tableId\":19,\"columnName\":\"oss_url\",\"columnComment\":\"oss存储路径\",\"columnType\":\"text\",\"javaType\":\"String\",\"javaField\":\"ossUrl\",\"isPk\":\"0\",\"isIncrement\":\"0\",\"isRequired\":\"1\",\"isInsert\":\"1\",\"isEdit\":\"1\",\"isList\":\"1\",\"isQuery\":\"1\",\"queryType\":\"EQ\",\"htmlType\":\"textarea\",\"dictType\":\"\",\"sort\":3,\"createBy\":\"admin\",\"createTime\":\"2021-10-11 15:06:36\",\"updateBy\":\"admin\",\"updateTime\":\"2021-10-11 15:10:04\",\"params\":{},\"required\":true,\"list\":true,\"pk\":false,\"superColumn\":false,\"insert\":true,\"edit\":true,\"query\":true,\"in', '{\"code\":200,\"msg\":\"操作成功\",\"data\":null}', 0, '', '2021-10-11 15:10:05');
INSERT INTO `sys_oper_log` VALUES (144, '代码生成', 8, 'com.ruoyi.generator.controller.GenController.batchGenCode()', 'GET', 1, 'admin', '', '/tool/gen/batchGenCode', '127.0.0.1', '内网IP', '{}', '', 0, '', '2021-10-11 15:10:10');
INSERT INTO `sys_oper_log` VALUES (145, '对象存储状态修改', 2, 'com.ruoyi.web.controller.system.SysOssConfigController.changeStatus()', 'PUT', 1, 'admin', '', '/system/oss/config/changeStatus', '127.0.0.1', '内网IP', '{\"searchValue\":null,\"createBy\":null,\"createTime\":null,\"updateBy\":null,\"updateTime\":null,\"remark\":null,\"ossConfigId\":1,\"configKey\":\"minio\",\"accessKey\":null,\"secretKey\":null,\"bucketName\":null,\"prefix\":null,\"endpoint\":null,\"isHttps\":null,\"status\":\"1\",\"region\":null,\"ext1\":null,\"pageSize\":null,\"pageNum\":null,\"orderByColumn\":null,\"isAsc\":null}', '{\"code\":200,\"msg\":\"操作成功\",\"data\":null}', 0, '', '2021-10-12 14:55:37');
INSERT INTO `sys_oper_log` VALUES (146, '对象存储配置', 2, 'com.ruoyi.web.controller.system.SysOssConfigController.edit()', 'PUT', 1, 'admin', '', '/system/oss/config', '127.0.0.1', '内网IP', '{\"searchValue\":null,\"createBy\":null,\"createTime\":null,\"updateBy\":null,\"updateTime\":null,\"remark\":null,\"ossConfigId\":3,\"configKey\":\"aliyun\",\"accessKey\":\"LTAI5tESiravf3YQj7FyJbSi\",\"secretKey\":\"zb10MqnuLdqdHJizrbjd79j1cQYhYf\",\"bucketName\":\"he-contract\",\"prefix\":\"\",\"endpoint\":\" https://he-contract.oss-cn-guangzhou.aliyuncs.com\",\"isHttps\":\"N\",\"status\":\"1\",\"region\":\"\",\"ext1\":\"\",\"pageSize\":null,\"pageNum\":null,\"orderByColumn\":null,\"isAsc\":null}', '{\"code\":200,\"msg\":\"操作成功\",\"data\":null}', 0, '', '2021-10-12 15:08:14');
INSERT INTO `sys_oper_log` VALUES (147, '对象存储状态修改', 2, 'com.ruoyi.web.controller.system.SysOssConfigController.changeStatus()', 'PUT', 1, 'admin', '', '/system/oss/config/changeStatus', '127.0.0.1', '内网IP', '{\"searchValue\":null,\"createBy\":null,\"createTime\":null,\"updateBy\":null,\"updateTime\":null,\"remark\":null,\"ossConfigId\":3,\"configKey\":\"aliyun\",\"accessKey\":null,\"secretKey\":null,\"bucketName\":null,\"prefix\":null,\"endpoint\":null,\"isHttps\":null,\"status\":\"0\",\"region\":null,\"ext1\":null,\"pageSize\":null,\"pageNum\":null,\"orderByColumn\":null,\"isAsc\":null}', '{\"code\":200,\"msg\":\"操作成功\",\"data\":null}', 0, '', '2021-10-12 15:08:20');
INSERT INTO `sys_oper_log` VALUES (148, 'OSS对象存储', 1, 'com.ruoyi.web.controller.system.SysOssController.upload()', 'POST', 1, 'admin', '', '/system/oss/upload', '127.0.0.1', '内网IP', '', '', 1, '阿里云存储配置错误! 请检查系统配置:[java.net.URISyntaxException: Illegal character in scheme name at index 0:  https://he-contract.oss-cn-guangzhou.aliyuncs.com]', '2021-10-12 15:11:39');
INSERT INTO `sys_oper_log` VALUES (149, 'OSS对象存储', 1, 'com.ruoyi.web.controller.system.SysOssController.upload()', 'POST', 1, 'admin', '', '/system/oss/upload', '127.0.0.1', '内网IP', '', '', 1, '阿里云存储配置错误! 请检查系统配置:[java.net.URISyntaxException: Illegal character in scheme name at index 0:  https://he-contract.oss-cn-guangzhou.aliyuncs.com]', '2021-10-12 15:13:52');
INSERT INTO `sys_oper_log` VALUES (150, '对象存储配置', 2, 'com.ruoyi.web.controller.system.SysOssConfigController.edit()', 'PUT', 1, 'admin', '', '/system/oss/config', '127.0.0.1', '内网IP', '{\"searchValue\":null,\"createBy\":null,\"createTime\":null,\"updateBy\":null,\"updateTime\":null,\"remark\":null,\"ossConfigId\":3,\"configKey\":\"aliyun\",\"accessKey\":\"LTAI5tESiravf3YQj7FyJbSi\",\"secretKey\":\"zb10MqnuLdqdHJizrbjd79j1cQYhYf\",\"bucketName\":\"he-contract\",\"prefix\":\"\",\"endpoint\":\"https://he-contract.oss-cn-guangzhou.aliyuncs.com\",\"isHttps\":\"N\",\"status\":\"0\",\"region\":\"\",\"ext1\":\"\",\"pageSize\":null,\"pageNum\":null,\"orderByColumn\":null,\"isAsc\":null}', '{\"code\":200,\"msg\":\"操作成功\",\"data\":null}', 0, '', '2021-10-12 15:14:29');
INSERT INTO `sys_oper_log` VALUES (151, 'OSS对象存储', 1, 'com.ruoyi.web.controller.system.SysOssController.upload()', 'POST', 1, 'admin', '', '/system/oss/upload', '127.0.0.1', '内网IP', '', '', 1, '阿里云存储配置错误! 请检查系统配置:[创建Bucket失败, 请核对阿里云配置信息:[he-contract.he-contract.oss-cn-guangzhou.aliyuncs.com\n[ErrorCode]: UnknownHost\n[RequestId]: Unknown]]', '2021-10-12 15:14:45');
INSERT INTO `sys_oper_log` VALUES (152, '对象存储配置', 2, 'com.ruoyi.web.controller.system.SysOssConfigController.edit()', 'PUT', 1, 'admin', '', '/system/oss/config', '127.0.0.1', '内网IP', '{\"searchValue\":null,\"createBy\":null,\"createTime\":null,\"updateBy\":null,\"updateTime\":null,\"remark\":null,\"ossConfigId\":3,\"configKey\":\"aliyun\",\"accessKey\":\"LTAI5tESiravf3YQj7FyJbSi\",\"secretKey\":\"zb10MqnuLdqdHJizrbjd79j1cQYhYf\",\"bucketName\":\"he-contract\",\"prefix\":\"\",\"endpoint\":\"https://he-contract.oss-cn-guangzhou.aliyuncs.com\",\"isHttps\":\"N\",\"status\":\"0\",\"region\":\"\",\"ext1\":\"\",\"pageSize\":null,\"pageNum\":null,\"orderByColumn\":null,\"isAsc\":null}', '{\"code\":200,\"msg\":\"操作成功\",\"data\":null}', 0, '', '2021-10-12 15:17:08');
INSERT INTO `sys_oper_log` VALUES (153, '对象存储配置', 2, 'com.ruoyi.web.controller.system.SysOssConfigController.edit()', 'PUT', 1, 'admin', '', '/system/oss/config', '127.0.0.1', '内网IP', '{\"searchValue\":null,\"createBy\":null,\"createTime\":null,\"updateBy\":null,\"updateTime\":null,\"remark\":null,\"ossConfigId\":3,\"configKey\":\"aliyun\",\"accessKey\":\"LTAI5tESiravf3YQj7FyJbSi\",\"secretKey\":\"zb10MqnuLdqdHJizrbjd79j1cQYhYf\",\"bucketName\":\"he-contract\",\"prefix\":\"\",\"endpoint\":\"https://oss-cn-guangzhou.aliyuncs.com\",\"isHttps\":\"Y\",\"status\":\"0\",\"region\":\"\",\"ext1\":\"\",\"pageSize\":null,\"pageNum\":null,\"orderByColumn\":null,\"isAsc\":null}', '{\"code\":200,\"msg\":\"操作成功\",\"data\":null}', 0, '', '2021-10-12 15:21:09');
INSERT INTO `sys_oper_log` VALUES (154, 'OSS对象存储', 1, 'com.ruoyi.web.controller.system.SysOssController.upload()', 'POST', 1, 'admin', '', '/system/oss/upload', '127.0.0.1', '内网IP', '', '{\"code\":200,\"msg\":\"操作成功\",\"data\":{\"url\":\"https://he-contract.oss-cn-guangzhou.aliyuncs.com/2021/10/12/6f7fdd30175a49b689068a1831016b17.txt\",\"fileName\":\"2021/10/12/6f7fdd30175a49b689068a1831016b17.txt\"}}', 0, '', '2021-10-12 15:21:19');
INSERT INTO `sys_oper_log` VALUES (155, 'OSS对象存储', 1, 'com.ruoyi.web.controller.system.SysOssController.upload()', 'POST', 1, 'admin', '', '/system/oss/upload', '127.0.0.1', '内网IP', '', '{\"code\":200,\"msg\":\"操作成功\",\"data\":{\"url\":\"https://he-contract.oss-cn-guangzhou.aliyuncs.com/2021/10/12/e3c777f0e3ae40ec91c845228eb109e5.jpg\",\"fileName\":\"2021/10/12/e3c777f0e3ae40ec91c845228eb109e5.jpg\"}}', 0, '', '2021-10-12 15:36:46');
INSERT INTO `sys_oper_log` VALUES (156, 'OSS对象存储', 2, 'com.ruoyi.web.controller.system.SysOssController.changePreviewListResource()', 'PUT', 1, 'admin', '', '/system/oss/changePreviewListResource', '127.0.0.1', '内网IP', '\"{\\\"previewListResource\\\":false}\"', '{\"code\":200,\"msg\":\"操作成功\",\"data\":null}', 0, '', '2021-10-12 15:37:26');
INSERT INTO `sys_oper_log` VALUES (157, 'OSS对象存储', 2, 'com.ruoyi.web.controller.system.SysOssController.changePreviewListResource()', 'PUT', 1, 'admin', '', '/system/oss/changePreviewListResource', '127.0.0.1', '内网IP', '\"{\\\"previewListResource\\\":true}\"', '{\"code\":200,\"msg\":\"操作成功\",\"data\":null}', 0, '', '2021-10-12 15:37:28');
INSERT INTO `sys_oper_log` VALUES (158, '代码生成', 3, 'com.ruoyi.generator.controller.GenController.remove()', 'DELETE', 1, 'admin', '', '/tool/gen/16,17,18,19', '127.0.0.1', '内网IP', '{tableIds=16,17,18,19}', '{\"code\":200,\"msg\":\"操作成功\",\"data\":null}', 0, '', '2021-10-18 15:06:59');
INSERT INTO `sys_oper_log` VALUES (159, '代码生成', 6, 'com.ruoyi.generator.controller.GenController.importTableSave()', 'POST', 1, 'admin', '', '/tool/gen/importTable', '127.0.0.1', '内网IP', '\"he_contract_template,he_contract,he_contract_type,he_seal\"', '{\"code\":200,\"msg\":\"操作成功\",\"data\":null}', 0, '', '2021-10-18 15:07:11');
INSERT INTO `sys_oper_log` VALUES (160, '代码生成', 2, 'com.ruoyi.generator.controller.GenController.editSave()', 'PUT', 1, 'admin', '', '/tool/gen', '127.0.0.1', '内网IP', '{\"tableId\":20,\"tableName\":\"he_contract\",\"tableComment\":\"电子合同表\",\"subTableName\":null,\"subTableFkName\":null,\"className\":\"HeContract\",\"tplCategory\":\"crud\",\"packageName\":\"com.ruoyi.system\",\"moduleName\":\"system\",\"businessName\":\"contract\",\"functionName\":\"电子合同管理\",\"functionAuthor\":\"henriport\",\"genType\":\"0\",\"genPath\":\"/\",\"pkColumn\":null,\"subTable\":null,\"columns\":[{\"columnId\":129,\"tableId\":20,\"columnName\":\"id\",\"columnComment\":\"id\",\"columnType\":\"bigint\",\"javaType\":\"Long\",\"javaField\":\"id\",\"isPk\":\"1\",\"isIncrement\":\"1\",\"isRequired\":\"1\",\"isInsert\":\"1\",\"isEdit\":\"1\",\"isList\":\"1\",\"isQuery\":\"1\",\"queryType\":\"EQ\",\"htmlType\":\"input\",\"dictType\":\"\",\"sort\":1,\"createBy\":\"admin\",\"createTime\":\"2021-10-18 15:07:11\",\"updateBy\":\"admin\",\"updateTime\":\"2021-10-18 15:11:59\",\"params\":{},\"required\":true,\"list\":true,\"pk\":true,\"insert\":true,\"edit\":true,\"increment\":true,\"query\":true,\"capJavaField\":\"id\",\"usableColumn\":false,\"superColumn\":false},{\"columnId\":130,\"tableId\":20,\"columnName\":\"title\",\"columnComment\":\"合同标题\",\"columnType\":\"varchar(32)\",\"javaType\":\"String\",\"javaField\":\"title\",\"isPk\":\"0\",\"isIncrement\":\"0\",\"isRequired\":\"1\",\"isInsert\":\"1\",\"isEdit\":\"1\",\"isList\":\"1\",\"isQuery\":\"1\",\"queryType\":\"EQ\",\"htmlType\":\"input\",\"dictType\":\"\",\"sort\":2,\"createBy\":\"admin\",\"createTime\":\"2021-10-18 15:07:11\",\"updateBy\":\"admin\",\"updateTime\":\"2021-10-18 15:11:59\",\"params\":{},\"required\":true,\"list\":true,\"pk\":false,\"insert\":true,\"edit\":true,\"increment\":false,\"query\":true,\"capJavaField\":\"title\",\"usableColumn\":false,\"superColumn\":false},{\"columnId\":131,\"tableId\":20,\"columnName\":\"description\",\"columnComment\":\"合同描述\",\"columnType\":\"text\",\"javaType\":\"String\",\"javaField\":\"description\",\"isPk\":\"0\",\"isIncrement\":\"0\",\"isRequired\":\"1\",\"isInsert\":\"1\",\"isEdit\":\"1\",\"isList\":\"1\",\"isQuery\":\"1\",\"queryType\":\"EQ\",\"htmlType\":\"textarea\",\"dictType\":\"\",\"sort\":3,\"createBy\":\"admin\",\"createTime\":\"2021-10-18 15:07:11\",\"updateBy\":\"admin\",\"updateTime\":\"2021-10-18 15:11:59\",\"params\":{},\"required\":true,\"list\":true,\"pk\":false,\"insert\":true,\"edit\":true,\"incremen', '{\"code\":200,\"msg\":\"操作成功\",\"data\":null}', 0, '', '2021-10-18 15:12:00');
INSERT INTO `sys_oper_log` VALUES (161, '代码生成', 2, 'com.ruoyi.generator.controller.GenController.editSave()', 'PUT', 1, 'admin', '', '/tool/gen', '127.0.0.1', '内网IP', '{\"tableId\":21,\"tableName\":\"he_contract_template\",\"tableComment\":\"电子合同模板表\",\"subTableName\":null,\"subTableFkName\":null,\"className\":\"HeContractTemplate\",\"tplCategory\":\"crud\",\"packageName\":\"com.ruoyi.system\",\"moduleName\":\"system\",\"businessName\":\"contractTemplate\",\"functionName\":\"电子合同模板管理\",\"functionAuthor\":\"henriport\",\"genType\":\"0\",\"genPath\":\"/\",\"pkColumn\":null,\"subTable\":null,\"columns\":[{\"columnId\":141,\"tableId\":21,\"columnName\":\"id\",\"columnComment\":\"id\",\"columnType\":\"bigint\",\"javaType\":\"Long\",\"javaField\":\"id\",\"isPk\":\"1\",\"isIncrement\":\"1\",\"isRequired\":\"1\",\"isInsert\":\"1\",\"isEdit\":\"1\",\"isList\":\"1\",\"isQuery\":\"1\",\"queryType\":\"EQ\",\"htmlType\":\"input\",\"dictType\":\"\",\"sort\":1,\"createBy\":\"admin\",\"createTime\":\"2021-10-18 15:07:11\",\"updateBy\":\"admin\",\"updateTime\":\"2021-10-18 15:12:55\",\"params\":{},\"required\":true,\"list\":true,\"pk\":true,\"insert\":true,\"edit\":true,\"increment\":true,\"query\":true,\"capJavaField\":\"id\",\"usableColumn\":false,\"superColumn\":false},{\"columnId\":142,\"tableId\":21,\"columnName\":\"title\",\"columnComment\":\"模板标题\",\"columnType\":\"varchar(32)\",\"javaType\":\"String\",\"javaField\":\"title\",\"isPk\":\"0\",\"isIncrement\":\"0\",\"isRequired\":\"1\",\"isInsert\":\"1\",\"isEdit\":\"1\",\"isList\":\"1\",\"isQuery\":\"1\",\"queryType\":\"EQ\",\"htmlType\":\"input\",\"dictType\":\"\",\"sort\":2,\"createBy\":\"admin\",\"createTime\":\"2021-10-18 15:07:11\",\"updateBy\":\"admin\",\"updateTime\":\"2021-10-18 15:12:55\",\"params\":{},\"required\":true,\"list\":true,\"pk\":false,\"insert\":true,\"edit\":true,\"increment\":false,\"query\":true,\"capJavaField\":\"title\",\"usableColumn\":false,\"superColumn\":false},{\"columnId\":143,\"tableId\":21,\"columnName\":\"oss_url\",\"columnComment\":\"oss存储路径\",\"columnType\":\"text\",\"javaType\":\"String\",\"javaField\":\"ossUrl\",\"isPk\":\"0\",\"isIncrement\":\"0\",\"isRequired\":\"1\",\"isInsert\":\"1\",\"isEdit\":\"1\",\"isList\":\"1\",\"isQuery\":\"1\",\"queryType\":\"EQ\",\"htmlType\":\"textarea\",\"dictType\":\"\",\"sort\":3,\"createBy\":\"admin\",\"createTime\":\"2021-10-18 15:07:11\",\"updateBy\":\"admin\",\"updateTime\":\"2021-10-18 15:12:55\",\"params\":{},\"required\":true,\"list\":true,\"pk\":false,\"insert\":tru', '{\"code\":200,\"msg\":\"操作成功\",\"data\":null}', 0, '', '2021-10-18 15:12:56');
INSERT INTO `sys_oper_log` VALUES (162, '代码生成', 2, 'com.ruoyi.generator.controller.GenController.editSave()', 'PUT', 1, 'admin', '', '/tool/gen', '127.0.0.1', '内网IP', '{\"tableId\":22,\"tableName\":\"he_contract_type\",\"tableComment\":\"电子合同类型表\",\"subTableName\":null,\"subTableFkName\":null,\"className\":\"HeContractType\",\"tplCategory\":\"crud\",\"packageName\":\"com.ruoyi.system\",\"moduleName\":\"system\",\"businessName\":\"contractType\",\"functionName\":\"电子合同类型\",\"functionAuthor\":\"henriport\",\"genType\":\"0\",\"genPath\":\"/\",\"pkColumn\":null,\"subTable\":null,\"columns\":[{\"columnId\":149,\"tableId\":22,\"columnName\":\"id\",\"columnComment\":\"id\",\"columnType\":\"int\",\"javaType\":\"Long\",\"javaField\":\"id\",\"isPk\":\"1\",\"isIncrement\":\"1\",\"isRequired\":\"1\",\"isInsert\":\"1\",\"isEdit\":\"1\",\"isList\":\"1\",\"isQuery\":\"1\",\"queryType\":\"EQ\",\"htmlType\":\"input\",\"dictType\":\"\",\"sort\":1,\"createBy\":\"admin\",\"createTime\":\"2021-10-18 15:07:11\",\"updateBy\":\"admin\",\"updateTime\":\"2021-10-18 15:13:16\",\"params\":{},\"required\":true,\"list\":true,\"pk\":true,\"insert\":true,\"edit\":true,\"increment\":true,\"query\":true,\"capJavaField\":\"id\",\"usableColumn\":false,\"superColumn\":false},{\"columnId\":150,\"tableId\":22,\"columnName\":\"type\",\"columnComment\":\"合同类型\",\"columnType\":\"varchar(16)\",\"javaType\":\"String\",\"javaField\":\"type\",\"isPk\":\"0\",\"isIncrement\":\"0\",\"isRequired\":\"1\",\"isInsert\":\"1\",\"isEdit\":\"1\",\"isList\":\"1\",\"isQuery\":\"1\",\"queryType\":\"EQ\",\"htmlType\":\"select\",\"dictType\":\"\",\"sort\":2,\"createBy\":\"admin\",\"createTime\":\"2021-10-18 15:07:11\",\"updateBy\":\"admin\",\"updateTime\":\"2021-10-18 15:13:16\",\"params\":{},\"required\":true,\"list\":true,\"pk\":false,\"insert\":true,\"edit\":true,\"increment\":false,\"query\":true,\"capJavaField\":\"type\",\"usableColumn\":false,\"superColumn\":false}],\"options\":\"{\\\"treeCode\\\":null,\\\"treeName\\\":null,\\\"treeParentCode\\\":null,\\\"parentMenuId\\\":1}\",\"createBy\":null,\"createTime\":null,\"updateBy\":\"admin\",\"updateTime\":\"2021-10-18 15:13:16\",\"remark\":null,\"params\":{\"treeCode\":null,\"treeName\":null,\"treeParentCode\":null,\"parentMenuId\":1},\"treeCode\":null,\"treeParentCode\":null,\"treeName\":null,\"parentMenuId\":\"1\",\"parentMenuName\":null,\"crud\":true,\"tree\":false,\"sub\":false}', '{\"code\":200,\"msg\":\"操作成功\",\"data\":null}', 0, '', '2021-10-18 15:13:16');
INSERT INTO `sys_oper_log` VALUES (163, '代码生成', 2, 'com.ruoyi.generator.controller.GenController.editSave()', 'PUT', 1, 'admin', '', '/tool/gen', '127.0.0.1', '内网IP', '{\"tableId\":23,\"tableName\":\"he_seal\",\"tableComment\":\"印章表\",\"subTableName\":null,\"subTableFkName\":null,\"className\":\"HeSeal\",\"tplCategory\":\"crud\",\"packageName\":\"com.ruoyi.system\",\"moduleName\":\"system\",\"businessName\":\"seal\",\"functionName\":\"印章管理\",\"functionAuthor\":\"henriport\",\"genType\":\"0\",\"genPath\":\"/\",\"pkColumn\":null,\"subTable\":null,\"columns\":[{\"columnId\":151,\"tableId\":23,\"columnName\":\"id\",\"columnComment\":\"id\",\"columnType\":\"int\",\"javaType\":\"Long\",\"javaField\":\"id\",\"isPk\":\"1\",\"isIncrement\":\"1\",\"isRequired\":\"1\",\"isInsert\":\"1\",\"isEdit\":\"1\",\"isList\":\"1\",\"isQuery\":\"1\",\"queryType\":\"EQ\",\"htmlType\":\"input\",\"dictType\":\"\",\"sort\":1,\"createBy\":\"admin\",\"createTime\":\"2021-10-18 15:07:11\",\"updateBy\":\"admin\",\"updateTime\":\"2021-10-18 15:14:05\",\"params\":{},\"required\":true,\"list\":true,\"pk\":true,\"insert\":true,\"edit\":true,\"increment\":true,\"query\":true,\"capJavaField\":\"id\",\"usableColumn\":false,\"superColumn\":false},{\"columnId\":152,\"tableId\":23,\"columnName\":\"title\",\"columnComment\":\"印章标题\",\"columnType\":\"varchar(32)\",\"javaType\":\"String\",\"javaField\":\"title\",\"isPk\":\"0\",\"isIncrement\":\"0\",\"isRequired\":\"1\",\"isInsert\":\"1\",\"isEdit\":\"1\",\"isList\":\"1\",\"isQuery\":\"1\",\"queryType\":\"EQ\",\"htmlType\":\"input\",\"dictType\":\"\",\"sort\":2,\"createBy\":\"admin\",\"createTime\":\"2021-10-18 15:07:11\",\"updateBy\":\"admin\",\"updateTime\":\"2021-10-18 15:14:05\",\"params\":{},\"required\":true,\"list\":true,\"pk\":false,\"insert\":true,\"edit\":true,\"increment\":false,\"query\":true,\"capJavaField\":\"title\",\"usableColumn\":false,\"superColumn\":false},{\"columnId\":153,\"tableId\":23,\"columnName\":\"oss_url\",\"columnComment\":\"oss存储路径\",\"columnType\":\"text\",\"javaType\":\"String\",\"javaField\":\"ossUrl\",\"isPk\":\"0\",\"isIncrement\":\"0\",\"isRequired\":\"1\",\"isInsert\":\"1\",\"isEdit\":\"1\",\"isList\":\"1\",\"isQuery\":\"1\",\"queryType\":\"EQ\",\"htmlType\":\"textarea\",\"dictType\":\"\",\"sort\":3,\"createBy\":\"admin\",\"createTime\":\"2021-10-18 15:07:11\",\"updateBy\":\"admin\",\"updateTime\":\"2021-10-18 15:14:05\",\"params\":{},\"required\":true,\"list\":true,\"pk\":false,\"insert\":true,\"edit\":true,\"increment\":false,\"query\":true,\"ca', '{\"code\":200,\"msg\":\"操作成功\",\"data\":null}', 0, '', '2021-10-18 15:14:05');
INSERT INTO `sys_oper_log` VALUES (164, '代码生成', 8, 'com.ruoyi.generator.controller.GenController.batchGenCode()', 'GET', 1, 'admin', '', '/tool/gen/batchGenCode', '127.0.0.1', '内网IP', '{}', '', 0, '', '2021-10-18 15:14:12');
INSERT INTO `sys_oper_log` VALUES (165, 'OSS对象存储', 1, 'com.ruoyi.web.controller.system.SysOssController.upload()', 'POST', 1, 'admin', '', '/system/oss/upload', '127.0.0.1', '内网IP', '', '{\"code\":200,\"msg\":\"操作成功\",\"data\":{\"url\":\"https://he-contract.oss-cn-guangzhou.aliyuncs.com/2021/10/18/7debb313ead142f597c6c9be6dba09e3.png\",\"fileName\":\"2021/10/18/7debb313ead142f597c6c9be6dba09e3.png\"}}', 0, '', '2021-10-18 15:42:31');
INSERT INTO `sys_oper_log` VALUES (166, '电子合同类型', 2, 'com.ruoyi.system.controller.HeContractTypeController.edit()', 'PUT', 1, 'admin', '', '/system/contractType', '127.0.0.1', '内网IP', '{\"searchValue\":null,\"createBy\":null,\"createTime\":null,\"updateBy\":null,\"updateTime\":null,\"remark\":null,\"id\":2,\"type\":\"借\",\"pageSize\":null,\"pageNum\":null,\"orderByColumn\":null,\"isAsc\":null}', '{\"code\":200,\"msg\":\"操作成功\",\"data\":null}', 0, '', '2021-10-18 16:03:03');
INSERT INTO `sys_oper_log` VALUES (167, '电子合同类型', 2, 'com.ruoyi.system.controller.HeContractTypeController.edit()', 'PUT', 1, 'admin', '', '/system/contractType', '127.0.0.1', '内网IP', '{\"searchValue\":null,\"createBy\":null,\"createTime\":null,\"updateBy\":null,\"updateTime\":null,\"remark\":null,\"id\":2,\"type\":\"借贷\",\"pageSize\":null,\"pageNum\":null,\"orderByColumn\":null,\"isAsc\":null}', '{\"code\":200,\"msg\":\"操作成功\",\"data\":null}', 0, '', '2021-10-18 16:03:22');
INSERT INTO `sys_oper_log` VALUES (168, '电子合同类型', 1, 'com.ruoyi.system.controller.HeContractTypeController.add()', 'POST', 1, 'admin', '', '/system/contractType', '127.0.0.1', '内网IP', '{\"searchValue\":null,\"createBy\":null,\"createTime\":null,\"updateBy\":null,\"updateTime\":null,\"remark\":null,\"id\":4,\"type\":\"白条\",\"pageSize\":null,\"pageNum\":null,\"orderByColumn\":null,\"isAsc\":null}', '{\"code\":200,\"msg\":\"操作成功\",\"data\":null}', 0, '', '2021-10-18 16:13:28');
INSERT INTO `sys_oper_log` VALUES (169, '电子合同类型', 1, 'com.ruoyi.system.controller.HeContractTypeController.add()', 'POST', 1, 'admin', '', '/system/contractType', '127.0.0.1', '内网IP', '{\"searchValue\":null,\"createBy\":null,\"createTime\":null,\"updateBy\":null,\"updateTime\":null,\"remark\":null,\"id\":5,\"type\":\"呼呼\",\"pageSize\":null,\"pageNum\":null,\"orderByColumn\":null,\"isAsc\":null}', '{\"code\":200,\"msg\":\"操作成功\",\"data\":null}', 0, '', '2021-10-18 16:14:00');
INSERT INTO `sys_oper_log` VALUES (170, '电子合同类型', 3, 'com.ruoyi.system.controller.HeContractTypeController.remove()', 'DELETE', 1, 'admin', '', '/system/contractType/5', '127.0.0.1', '内网IP', '{ids=5}', '{\"code\":200,\"msg\":\"操作成功\",\"data\":null}', 0, '', '2021-10-18 16:34:51');
INSERT INTO `sys_oper_log` VALUES (171, '角色管理', 2, 'com.ruoyi.web.controller.system.SysRoleController.changeStatus()', 'PUT', 1, 'admin', '', '/system/role/changeStatus', '127.0.0.1', '内网IP', '{\"roleId\":2,\"roleName\":null,\"roleKey\":null,\"roleSort\":null,\"dataScope\":null,\"menuCheckStrictly\":false,\"deptCheckStrictly\":false,\"status\":\"1\",\"delFlag\":null,\"createBy\":null,\"createTime\":null,\"updateBy\":\"admin\",\"updateTime\":\"2021-10-18 16:46:21\",\"remark\":null,\"params\":{},\"flag\":false,\"menuIds\":null,\"deptIds\":null,\"admin\":false}', '{\"code\":200,\"msg\":\"操作成功\",\"data\":null}', 0, '', '2021-10-18 16:46:22');
INSERT INTO `sys_oper_log` VALUES (172, '角色管理', 2, 'com.ruoyi.web.controller.system.SysRoleController.changeStatus()', 'PUT', 1, 'admin', '', '/system/role/changeStatus', '127.0.0.1', '内网IP', '{\"roleId\":2,\"roleName\":null,\"roleKey\":null,\"roleSort\":null,\"dataScope\":null,\"menuCheckStrictly\":false,\"deptCheckStrictly\":false,\"status\":\"0\",\"delFlag\":null,\"createBy\":null,\"createTime\":null,\"updateBy\":\"admin\",\"updateTime\":\"2021-10-18 16:46:23\",\"remark\":null,\"params\":{},\"flag\":false,\"menuIds\":null,\"deptIds\":null,\"admin\":false}', '{\"code\":200,\"msg\":\"操作成功\",\"data\":null}', 0, '', '2021-10-18 16:46:24');
INSERT INTO `sys_oper_log` VALUES (173, '电子合同类型', 1, 'com.ruoyi.system.controller.HeContractTypeController.add()', 'POST', 1, 'admin', '', '/system/contractType', '127.0.0.1', '内网IP', '{\"searchValue\":null,\"createBy\":null,\"createTime\":null,\"updateBy\":null,\"updateTime\":null,\"remark\":null,\"id\":6,\"type\":\"呵呵\",\"pageSize\":null,\"pageNum\":null,\"orderByColumn\":null,\"isAsc\":null}', '{\"code\":200,\"msg\":\"操作成功\",\"data\":null}', 0, '', '2021-10-23 13:38:19');
INSERT INTO `sys_oper_log` VALUES (174, '电子合同类型', 2, 'com.ruoyi.system.controller.HeContractTypeController.edit()', 'PUT', 1, 'admin', '', '/system/contractType', '127.0.0.1', '内网IP', '{\"searchValue\":null,\"createBy\":null,\"createTime\":null,\"updateBy\":null,\"updateTime\":null,\"remark\":null,\"id\":6,\"type\":\"呵呵呜呜\",\"pageSize\":null,\"pageNum\":null,\"orderByColumn\":null,\"isAsc\":null}', '{\"code\":200,\"msg\":\"操作成功\",\"data\":null}', 0, '', '2021-10-23 14:04:55');
INSERT INTO `sys_oper_log` VALUES (175, '电子合同类型', 1, 'com.ruoyi.system.controller.HeContractTypeController.add()', 'POST', 1, 'admin', '', '/system/contractType', '127.0.0.1', '内网IP', '{\"searchValue\":null,\"createBy\":null,\"createTime\":null,\"updateBy\":null,\"updateTime\":null,\"remark\":null,\"id\":7,\"type\":\"STAY\",\"pageSize\":null,\"pageNum\":null,\"orderByColumn\":null,\"isAsc\":null}', '{\"code\":200,\"msg\":\"操作成功\",\"data\":null}', 0, '', '2021-10-23 14:06:19');
INSERT INTO `sys_oper_log` VALUES (176, '电子合同类型', 2, 'com.ruoyi.system.controller.HeContractTypeController.edit()', 'PUT', 1, 'admin', '', '/system/contractType', '127.0.0.1', '内网IP', '{\"searchValue\":null,\"createBy\":null,\"createTime\":null,\"updateBy\":null,\"updateTime\":null,\"remark\":null,\"id\":6,\"type\":\"劳动人事\",\"pageSize\":null,\"pageNum\":null,\"orderByColumn\":null,\"isAsc\":null}', '{\"code\":200,\"msg\":\"操作成功\",\"data\":null}', 0, '', '2021-10-23 14:28:21');
INSERT INTO `sys_oper_log` VALUES (177, '字典数据', 1, 'com.ruoyi.web.controller.system.SysDictDataController.add()', 'POST', 1, 'admin', '', '/system/dict/data', '127.0.0.1', '内网IP', '{\"dictCode\":100,\"dictSort\":3,\"dictLabel\":\"是\",\"dictValue\":\"1\",\"dictType\":\"sys_yes_no\",\"cssClass\":\"\",\"listClass\":\"primary\",\"isDefault\":null,\"status\":\"0\",\"createBy\":\"admin\",\"createTime\":\"2021-10-23 15:27:32\",\"updateBy\":\"admin\",\"updateTime\":\"2021-10-23 15:27:32\",\"remark\":null,\"params\":{},\"default\":false}', '{\"code\":200,\"msg\":\"操作成功\",\"data\":null}', 0, '', '2021-10-23 15:27:33');
INSERT INTO `sys_oper_log` VALUES (178, '字典数据', 1, 'com.ruoyi.web.controller.system.SysDictDataController.add()', 'POST', 1, 'admin', '', '/system/dict/data', '127.0.0.1', '内网IP', '{\"dictCode\":101,\"dictSort\":4,\"dictLabel\":\"否\",\"dictValue\":\"0\",\"dictType\":\"sys_yes_no\",\"cssClass\":null,\"listClass\":\"danger\",\"isDefault\":null,\"status\":\"0\",\"createBy\":\"admin\",\"createTime\":\"2021-10-23 15:28:00\",\"updateBy\":\"admin\",\"updateTime\":\"2021-10-23 15:28:00\",\"remark\":null,\"params\":{},\"default\":false}', '{\"code\":200,\"msg\":\"操作成功\",\"data\":null}', 0, '', '2021-10-23 15:28:01');
INSERT INTO `sys_oper_log` VALUES (179, '字典类型', 1, 'com.ruoyi.web.controller.system.SysDictTypeController.add()', 'POST', 1, 'admin', '', '/system/dict/type', '127.0.0.1', '内网IP', '{\"dictId\":100,\"dictName\":\"审核状态\",\"dictType\":\"he_review_status\",\"status\":\"0\",\"createBy\":\"admin\",\"createTime\":\"2021-10-23 15:54:18\",\"updateBy\":\"admin\",\"updateTime\":\"2021-10-23 15:54:18\",\"remark\":\"审核状态列表\",\"params\":{}}', '{\"code\":200,\"msg\":\"操作成功\",\"data\":null}', 0, '', '2021-10-23 15:54:19');
INSERT INTO `sys_oper_log` VALUES (180, '字典数据', 1, 'com.ruoyi.web.controller.system.SysDictDataController.add()', 'POST', 1, 'admin', '', '/system/dict/data', '127.0.0.1', '内网IP', '{\"dictCode\":102,\"dictSort\":1,\"dictLabel\":\"未申请\",\"dictValue\":\"0\",\"dictType\":\"he_review_status\",\"cssClass\":null,\"listClass\":\"primary\",\"isDefault\":null,\"status\":\"0\",\"createBy\":\"admin\",\"createTime\":\"2021-10-23 15:55:07\",\"updateBy\":\"admin\",\"updateTime\":\"2021-10-23 15:55:07\",\"remark\":null,\"params\":{},\"default\":false}', '{\"code\":200,\"msg\":\"操作成功\",\"data\":null}', 0, '', '2021-10-23 15:55:07');
INSERT INTO `sys_oper_log` VALUES (181, '字典数据', 1, 'com.ruoyi.web.controller.system.SysDictDataController.add()', 'POST', 1, 'admin', '', '/system/dict/data', '127.0.0.1', '内网IP', '{\"dictCode\":103,\"dictSort\":2,\"dictLabel\":\"未审核\",\"dictValue\":\"1\",\"dictType\":\"he_review_status\",\"cssClass\":null,\"listClass\":\"info\",\"isDefault\":null,\"status\":\"0\",\"createBy\":\"admin\",\"createTime\":\"2021-10-23 15:55:33\",\"updateBy\":\"admin\",\"updateTime\":\"2021-10-23 15:55:33\",\"remark\":null,\"params\":{},\"default\":false}', '{\"code\":200,\"msg\":\"操作成功\",\"data\":null}', 0, '', '2021-10-23 15:55:33');
INSERT INTO `sys_oper_log` VALUES (182, '字典数据', 1, 'com.ruoyi.web.controller.system.SysDictDataController.add()', 'POST', 1, 'admin', '', '/system/dict/data', '127.0.0.1', '内网IP', '{\"dictCode\":104,\"dictSort\":3,\"dictLabel\":\"已通过\",\"dictValue\":\"2\",\"dictType\":\"he_review_status\",\"cssClass\":null,\"listClass\":\"success\",\"isDefault\":null,\"status\":\"0\",\"createBy\":\"admin\",\"createTime\":\"2021-10-23 15:55:53\",\"updateBy\":\"admin\",\"updateTime\":\"2021-10-23 15:55:53\",\"remark\":null,\"params\":{},\"default\":false}', '{\"code\":200,\"msg\":\"操作成功\",\"data\":null}', 0, '', '2021-10-23 15:55:53');
INSERT INTO `sys_oper_log` VALUES (183, '字典数据', 1, 'com.ruoyi.web.controller.system.SysDictDataController.add()', 'POST', 1, 'admin', '', '/system/dict/data', '127.0.0.1', '内网IP', '{\"dictCode\":105,\"dictSort\":4,\"dictLabel\":\"未通过\",\"dictValue\":\"3\",\"dictType\":\"he_review_status\",\"cssClass\":null,\"listClass\":\"danger\",\"isDefault\":null,\"status\":\"0\",\"createBy\":\"admin\",\"createTime\":\"2021-10-23 15:56:12\",\"updateBy\":\"admin\",\"updateTime\":\"2021-10-23 15:56:12\",\"remark\":null,\"params\":{},\"default\":false}', '{\"code\":200,\"msg\":\"操作成功\",\"data\":null}', 0, '', '2021-10-23 15:56:13');
INSERT INTO `sys_oper_log` VALUES (184, '字典类型', 1, 'com.ruoyi.web.controller.system.SysDictTypeController.add()', 'POST', 1, 'admin', '', '/system/dict/type', '127.0.0.1', '内网IP', '{\"dictId\":101,\"dictName\":\"合同是否\",\"dictType\":\"he_yes_no\",\"status\":\"0\",\"createBy\":\"admin\",\"createTime\":\"2021-10-23 16:10:14\",\"updateBy\":\"admin\",\"updateTime\":\"2021-10-23 16:10:14\",\"remark\":null,\"params\":{}}', '{\"code\":200,\"msg\":\"操作成功\",\"data\":null}', 0, '', '2021-10-23 16:10:15');
INSERT INTO `sys_oper_log` VALUES (185, '字典类型', 3, 'com.ruoyi.web.controller.system.SysDictDataController.remove()', 'DELETE', 1, 'admin', '', '/system/dict/data/100', '127.0.0.1', '内网IP', '{dictCodes=100}', '{\"code\":200,\"msg\":\"操作成功\",\"data\":null}', 0, '', '2021-10-23 16:10:37');
INSERT INTO `sys_oper_log` VALUES (186, '字典类型', 3, 'com.ruoyi.web.controller.system.SysDictDataController.remove()', 'DELETE', 1, 'admin', '', '/system/dict/data/101', '127.0.0.1', '内网IP', '{dictCodes=101}', '{\"code\":200,\"msg\":\"操作成功\",\"data\":null}', 0, '', '2021-10-23 16:10:39');
INSERT INTO `sys_oper_log` VALUES (187, '字典数据', 1, 'com.ruoyi.web.controller.system.SysDictDataController.add()', 'POST', 1, 'admin', '', '/system/dict/data', '127.0.0.1', '内网IP', '{\"dictCode\":106,\"dictSort\":1,\"dictLabel\":\"是\",\"dictValue\":\"1\",\"dictType\":\"he_yes_no\",\"cssClass\":null,\"listClass\":\"primary\",\"isDefault\":null,\"status\":\"0\",\"createBy\":\"admin\",\"createTime\":\"2021-10-23 16:11:16\",\"updateBy\":\"admin\",\"updateTime\":\"2021-10-23 16:11:16\",\"remark\":null,\"params\":{},\"default\":false}', '{\"code\":200,\"msg\":\"操作成功\",\"data\":null}', 0, '', '2021-10-23 16:11:17');
INSERT INTO `sys_oper_log` VALUES (188, '字典数据', 1, 'com.ruoyi.web.controller.system.SysDictDataController.add()', 'POST', 1, 'admin', '', '/system/dict/data', '127.0.0.1', '内网IP', '{\"dictCode\":107,\"dictSort\":2,\"dictLabel\":\"否\",\"dictValue\":\"0\",\"dictType\":\"he_yes_no\",\"cssClass\":null,\"listClass\":\"danger\",\"isDefault\":null,\"status\":\"0\",\"createBy\":\"admin\",\"createTime\":\"2021-10-23 16:14:13\",\"updateBy\":\"admin\",\"updateTime\":\"2021-10-23 16:14:13\",\"remark\":null,\"params\":{},\"default\":false}', '{\"code\":200,\"msg\":\"操作成功\",\"data\":null}', 0, '', '2021-10-23 16:14:14');
INSERT INTO `sys_oper_log` VALUES (189, '字典数据', 2, 'com.ruoyi.web.controller.system.SysDictDataController.edit()', 'PUT', 1, 'admin', '', '/system/dict/data', '127.0.0.1', '内网IP', '{\"dictCode\":106,\"dictSort\":1,\"dictLabel\":\"是\",\"dictValue\":\"1\",\"dictType\":\"he_yes_no\",\"cssClass\":null,\"listClass\":\"success\",\"isDefault\":\"N\",\"status\":\"0\",\"createBy\":\"admin\",\"createTime\":\"2021-10-23 16:11:17\",\"updateBy\":\"admin\",\"updateTime\":\"2021-10-23 16:14:23\",\"remark\":null,\"params\":{},\"default\":false}', '{\"code\":200,\"msg\":\"操作成功\",\"data\":null}', 0, '', '2021-10-23 16:14:24');
INSERT INTO `sys_oper_log` VALUES (190, '电子合同管理', 2, 'com.ruoyi.system.controller.HeContractController.edit()', 'PUT', 1, 'admin', '', '/system/contract', '127.0.0.1', '内网IP', '{\"searchValue\":null,\"createBy\":null,\"createTime\":null,\"updateBy\":null,\"updateTime\":null,\"remark\":null,\"id\":1,\"title\":\"劳动合同书\",\"description\":\"劳动合同书\",\"type\":\"劳动人事\",\"belong\":1,\"ossUrl\":\"ddqd12d12\",\"ipfsHash\":\"d21d21dad\",\"isLink\":0,\"isDelete\":0,\"state\":\"1\",\"pageSize\":null,\"pageNum\":null,\"orderByColumn\":null,\"isAsc\":null}', '{\"code\":200,\"msg\":\"操作成功\",\"data\":null}', 0, '', '2021-10-24 16:28:54');
INSERT INTO `sys_oper_log` VALUES (191, '电子合同管理', 2, 'com.ruoyi.system.controller.HeContractController.edit()', 'PUT', 1, 'admin', '', '/system/contract', '127.0.0.1', '内网IP', '{\"searchValue\":null,\"createBy\":null,\"createTime\":null,\"updateBy\":null,\"updateTime\":null,\"remark\":null,\"id\":1,\"title\":\"劳动合同书\",\"description\":\"劳动合同书\",\"type\":\"劳动人事\",\"belong\":1,\"ossUrl\":\"ddqd12d12\",\"ipfsHash\":\"d21d21dad\",\"isLink\":0,\"isDelete\":0,\"state\":\"2\",\"pageSize\":null,\"pageNum\":null,\"orderByColumn\":null,\"isAsc\":null}', '{\"code\":200,\"msg\":\"操作成功\",\"data\":null}', 0, '', '2021-10-24 18:00:19');
INSERT INTO `sys_oper_log` VALUES (192, '电子合同管理', 2, 'com.ruoyi.system.controller.HeContractController.edit()', 'PUT', 1, 'admin', '', '/system/contract', '127.0.0.1', '内网IP', '{\"searchValue\":null,\"createBy\":null,\"createTime\":null,\"updateBy\":null,\"updateTime\":null,\"remark\":null,\"id\":1,\"title\":\"劳动合同书\",\"description\":\"劳动合同书\",\"type\":\"劳动人事\",\"belong\":1,\"ossUrl\":\"ddqd12d12\",\"ipfsHash\":\"d21d21dad\",\"isLink\":0,\"isDelete\":0,\"state\":\"1\",\"pageSize\":null,\"pageNum\":null,\"orderByColumn\":null,\"isAsc\":null}', '{\"code\":200,\"msg\":\"操作成功\",\"data\":null}', 0, '', '2021-10-24 18:00:34');
INSERT INTO `sys_oper_log` VALUES (193, '电子合同类型', 2, 'com.ruoyi.system.controller.HeContractTypeController.edit()', 'PUT', 1, 'admin', '', '/system/contractType', '127.0.0.1', '内网IP', '{\"searchValue\":null,\"createBy\":null,\"createTime\":null,\"updateBy\":null,\"updateTime\":null,\"remark\":null,\"id\":7,\"type\":\"知识产权\",\"pageSize\":null,\"pageNum\":null,\"orderByColumn\":null,\"isAsc\":null}', '{\"code\":200,\"msg\":\"操作成功\",\"data\":null}', 0, '', '2021-10-24 18:16:21');
INSERT INTO `sys_oper_log` VALUES (194, '电子合同管理', 1, 'com.ruoyi.system.controller.HeContractController.add()', 'POST', 1, 'admin', '', '/system/contract', '127.0.0.1', '内网IP', '{\"searchValue\":null,\"createBy\":null,\"createTime\":null,\"updateBy\":null,\"updateTime\":null,\"remark\":null,\"id\":3,\"title\":\"音乐著作权授权使用协议\",\"description\":\"音乐著作权授权使用协议\",\"type\":\"知识产权\",\"belong\":1,\"ossUrl\":\"qwdqwdf121\",\"ipfsHash\":\"qwdqwfqr12313\",\"isLink\":null,\"isDelete\":null,\"state\":\"0\",\"pageSize\":null,\"pageNum\":null,\"orderByColumn\":null,\"isAsc\":null}', '{\"code\":200,\"msg\":\"操作成功\",\"data\":null}', 0, '', '2021-10-24 18:19:09');
INSERT INTO `sys_oper_log` VALUES (195, '电子合同管理', 3, 'com.ruoyi.system.controller.HeContractController.remove()', 'DELETE', 1, 'admin', '', '/system/contract/3', '127.0.0.1', '内网IP', '{ids=3}', '{\"code\":200,\"msg\":\"操作成功\",\"data\":null}', 0, '', '2021-10-24 18:25:54');
INSERT INTO `sys_oper_log` VALUES (196, '电子合同管理', 1, 'com.ruoyi.system.controller.HeContractController.add()', 'POST', 1, 'admin', '', '/system/contract', '127.0.0.1', '内网IP', '{\"searchValue\":null,\"createBy\":null,\"createTime\":null,\"updateBy\":null,\"updateTime\":null,\"remark\":null,\"id\":4,\"title\":\"音乐著作权授权使用协议-知识产权\",\"description\":\"音乐著作权授权使用协议-知识产权\",\"type\":\"知识产权\",\"belong\":1,\"ossUrl\":\"qwdqwd21312\",\"ipfsHash\":\"dwqdqf12123\",\"isLink\":null,\"isDelete\":null,\"state\":\"0\",\"pageSize\":null,\"pageNum\":null,\"orderByColumn\":null,\"isAsc\":null}', '{\"code\":200,\"msg\":\"操作成功\",\"data\":null}', 0, '', '2021-10-24 18:54:48');
INSERT INTO `sys_oper_log` VALUES (197, '电子合同模板管理', 1, 'com.ruoyi.system.controller.HeContractTemplateController.add()', 'POST', 1, 'admin', '', '/system/contractTemplate', '127.0.0.1', '内网IP', '{\"searchValue\":null,\"createBy\":null,\"createTime\":null,\"updateBy\":null,\"updateTime\":null,\"remark\":null,\"id\":1,\"title\":\"解除劳动合同协议书\",\"ossUrl\":\"dqdqwdfqf11221\",\"description\":\"解除劳动合同协议书\",\"type\":\"劳动人事\",\"isDelete\":0,\"pageSize\":null,\"pageNum\":null,\"orderByColumn\":null,\"isAsc\":null}', '{\"code\":200,\"msg\":\"操作成功\",\"data\":null}', 0, '', '2021-10-25 15:21:28');
INSERT INTO `sys_oper_log` VALUES (198, '电子合同模板管理', 1, 'com.ruoyi.system.controller.HeContractTemplateController.add()', 'POST', 1, 'admin', '', '/system/contractTemplate', '127.0.0.1', '内网IP', '{\"searchValue\":null,\"createBy\":null,\"createTime\":null,\"updateBy\":null,\"updateTime\":null,\"remark\":null,\"id\":2,\"title\":\"员工竞业限制和保密协议\",\"ossUrl\":\"dqwqwfqwf12312\",\"description\":\"鉴于乙方在甲方任职期间，接触、知悉甲方的若干商业秘密；鉴于乙方即将同甲方终止或解除劳动关系（包括但不仅限于劳动合同到期、离退休、调动、辞职、辞退、自动离职、除名等，以下简称离职），为保护双方的合法权益，明确双方各自的权利义务，现就乙方离职以后有关保密及竞业限制等事项，双方签订如下协议，以共同信守：\",\"type\":\"劳动人事\",\"isDelete\":null,\"pageSize\":null,\"pageNum\":null,\"orderByColumn\":null,\"isAsc\":null}', '{\"code\":200,\"msg\":\"操作成功\",\"data\":null}', 0, '', '2021-10-25 15:39:56');
INSERT INTO `sys_oper_log` VALUES (199, '印章管理', 1, 'com.ruoyi.system.controller.HeSealController.add()', 'POST', 1, 'admin', '', '/system/seal', '127.0.0.1', '内网IP', '{\"searchValue\":null,\"createBy\":null,\"createTime\":null,\"updateBy\":null,\"updateTime\":null,\"remark\":null,\"id\":1,\"title\":\"hjq\",\"ossUrl\":\"dqwdwqdkp1j23\",\"ipfsHash\":\"juodqwhjdqo124\",\"belong\":1,\"isLink\":0,\"isDelete\":0,\"state\":\"`\",\"pageSize\":null,\"pageNum\":null,\"orderByColumn\":null,\"isAsc\":null}', '{\"code\":200,\"msg\":\"操作成功\",\"data\":null}', 0, '', '2021-10-25 16:50:19');
INSERT INTO `sys_oper_log` VALUES (200, '印章管理', 1, 'com.ruoyi.system.controller.HeSealController.add()', 'POST', 1, 'admin', '', '/system/seal', '127.0.0.1', '内网IP', '{\"searchValue\":null,\"createBy\":null,\"createTime\":null,\"updateBy\":null,\"updateTime\":null,\"remark\":null,\"id\":2,\"title\":\"yc\",\"ossUrl\":\"adjqsodjqo1231\",\"ipfsHash\":\"djnqowhf7912y4\",\"belong\":1,\"isLink\":null,\"isDelete\":null,\"state\":\"2\",\"pageSize\":null,\"pageNum\":null,\"orderByColumn\":null,\"isAsc\":null}', '{\"code\":200,\"msg\":\"操作成功\",\"data\":null}', 0, '', '2021-10-25 17:44:01');
INSERT INTO `sys_oper_log` VALUES (201, '菜单管理', 2, 'com.ruoyi.web.controller.system.SysMenuController.edit()', 'PUT', 1, 'admin', '', '/system/menu', '127.0.0.1', '内网IP', '{\"menuId\":2132,\"menuName\":\"电子合同管理\",\"parentName\":null,\"parentId\":1,\"orderNum\":\"1\",\"path\":\"contract\",\"component\":\"system/contract/index\",\"query\":null,\"isFrame\":\"1\",\"isCache\":\"0\",\"menuType\":\"C\",\"visible\":\"0\",\"status\":\"0\",\"perms\":\"system:contract:list\",\"icon\":\"tree\",\"createBy\":\"admin\",\"createTime\":\"2021-10-18 15:16:21\",\"updateBy\":\"admin\",\"updateTime\":\"2021-10-26 15:04:43\",\"remark\":\"电子合同管理菜单\",\"params\":{},\"children\":[]}', '{\"code\":200,\"msg\":\"操作成功\",\"data\":null}', 0, '', '2021-10-26 15:04:43');
INSERT INTO `sys_oper_log` VALUES (202, '菜单管理', 2, 'com.ruoyi.web.controller.system.SysMenuController.edit()', 'PUT', 1, 'admin', '', '/system/menu', '127.0.0.1', '内网IP', '{\"menuId\":2132,\"menuName\":\"电子合同管理\",\"parentName\":null,\"parentId\":1,\"orderNum\":\"1\",\"path\":\"contract\",\"component\":\"system/contract/index\",\"query\":null,\"isFrame\":\"1\",\"isCache\":\"0\",\"menuType\":\"C\",\"visible\":\"0\",\"status\":\"0\",\"perms\":\"system:contract:list\",\"icon\":\"build\",\"createBy\":\"admin\",\"createTime\":\"2021-10-18 15:16:21\",\"updateBy\":\"admin\",\"updateTime\":\"2021-10-26 15:05:26\",\"remark\":\"电子合同管理菜单\",\"params\":{},\"children\":[]}', '{\"code\":200,\"msg\":\"操作成功\",\"data\":null}', 0, '', '2021-10-26 15:05:27');
INSERT INTO `sys_oper_log` VALUES (203, '菜单管理', 2, 'com.ruoyi.web.controller.system.SysMenuController.edit()', 'PUT', 1, 'admin', '', '/system/menu', '127.0.0.1', '内网IP', '{\"menuId\":2138,\"menuName\":\"电子合同模板管理\",\"parentName\":null,\"parentId\":1,\"orderNum\":\"1\",\"path\":\"contractTemplate\",\"component\":\"system/contractTemplate/index\",\"query\":null,\"isFrame\":\"1\",\"isCache\":\"0\",\"menuType\":\"C\",\"visible\":\"0\",\"status\":\"0\",\"perms\":\"system:contractTemplate:list\",\"icon\":\"clipboard\",\"createBy\":\"admin\",\"createTime\":\"2021-10-18 15:16:26\",\"updateBy\":\"admin\",\"updateTime\":\"2021-10-26 15:05:33\",\"remark\":\"电子合同模板管理菜单\",\"params\":{},\"children\":[]}', '{\"code\":200,\"msg\":\"操作成功\",\"data\":null}', 0, '', '2021-10-26 15:05:34');
INSERT INTO `sys_oper_log` VALUES (204, '菜单管理', 2, 'com.ruoyi.web.controller.system.SysMenuController.edit()', 'PUT', 1, 'admin', '', '/system/menu', '127.0.0.1', '内网IP', '{\"menuId\":2144,\"menuName\":\"电子合同类型管理\",\"parentName\":null,\"parentId\":1,\"orderNum\":\"1\",\"path\":\"contractType\",\"component\":\"system/contractType/index\",\"query\":null,\"isFrame\":\"1\",\"isCache\":\"0\",\"menuType\":\"C\",\"visible\":\"0\",\"status\":\"0\",\"perms\":\"system:contractType:list\",\"icon\":\"edit\",\"createBy\":\"admin\",\"createTime\":\"2021-10-18 15:16:31\",\"updateBy\":\"admin\",\"updateTime\":\"2021-10-26 15:05:46\",\"remark\":\"电子合同类型菜单\",\"params\":{},\"children\":[]}', '{\"code\":200,\"msg\":\"操作成功\",\"data\":null}', 0, '', '2021-10-26 15:05:47');
INSERT INTO `sys_oper_log` VALUES (205, '菜单管理', 2, 'com.ruoyi.web.controller.system.SysMenuController.edit()', 'PUT', 1, 'admin', '', '/system/menu', '127.0.0.1', '内网IP', '{\"menuId\":2150,\"menuName\":\"印章管理\",\"parentName\":null,\"parentId\":1,\"orderNum\":\"1\",\"path\":\"seal\",\"component\":\"system/seal/index\",\"query\":null,\"isFrame\":\"1\",\"isCache\":\"0\",\"menuType\":\"C\",\"visible\":\"0\",\"status\":\"0\",\"perms\":\"system:seal:list\",\"icon\":\"people\",\"createBy\":\"admin\",\"createTime\":\"2021-10-18 15:16:36\",\"updateBy\":\"admin\",\"updateTime\":\"2021-10-26 15:06:00\",\"remark\":\"印章管理菜单\",\"params\":{},\"children\":[]}', '{\"code\":200,\"msg\":\"操作成功\",\"data\":null}', 0, '', '2021-10-26 15:06:00');
INSERT INTO `sys_oper_log` VALUES (206, '电子合同类型', 1, 'com.ruoyi.system.controller.HeContractTypeController.add()', 'POST', 1, 'admin', '', '/system/contractType', '127.0.0.1', '内网IP', '{\"searchValue\":null,\"createBy\":null,\"createTime\":null,\"updateBy\":null,\"updateTime\":null,\"remark\":null,\"id\":8,\"type\":\"租房\",\"pageSize\":null,\"pageNum\":null,\"orderByColumn\":null,\"isAsc\":null}', '{\"code\":200,\"msg\":\"操作成功\",\"data\":null}', 0, '', '2021-10-26 16:39:49');
INSERT INTO `sys_oper_log` VALUES (207, '电子合同类型', 3, 'com.ruoyi.system.controller.HeContractTypeController.remove()', 'DELETE', 1, 'admin', '', '/system/contractType/8', '127.0.0.1', '内网IP', '{ids=8}', '{\"code\":200,\"msg\":\"操作成功\",\"data\":null}', 0, '', '2021-10-26 16:39:58');
INSERT INTO `sys_oper_log` VALUES (208, '电子合同管理', 2, 'com.ruoyi.system.controller.HeContractController.edit()', 'PUT', 1, 'admin', '', '/system/contract', '127.0.0.1', '内网IP', '{\"searchValue\":null,\"createBy\":null,\"createTime\":null,\"updateBy\":null,\"updateTime\":null,\"remark\":null,\"id\":1,\"title\":\"劳动合同书\",\"description\":\"劳动合同书\",\"type\":\"劳动人事\",\"belong\":1,\"ossUrl\":\"ddqd12d12\",\"ipfsHash\":\"d21d21dad\",\"isLink\":0,\"isDelete\":0,\"state\":\"3\",\"pageSize\":null,\"pageNum\":null,\"orderByColumn\":null,\"isAsc\":null}', '{\"code\":200,\"msg\":\"操作成功\",\"data\":null}', 0, '', '2021-10-26 16:40:46');
INSERT INTO `sys_oper_log` VALUES (209, '电子合同管理', 1, 'com.ruoyi.system.controller.HeContractController.add()', 'POST', 1, 'admin', '', '/system/contract', '127.0.0.1', '内网IP', '{\"searchValue\":null,\"createBy\":null,\"createTime\":null,\"updateBy\":null,\"updateTime\":null,\"remark\":null,\"id\":5,\"title\":\"计算机软件使用许可合同\",\"description\":\"乙方开发、生产相应的软件产品，并拥有该等软件产品的计算机软件著作权；\\n\\t甲方希望获得乙方开发、生产的软件的使用许可，乙方同意授予甲方该等软件的使用许可。\",\"type\":\"知识产权\",\"belong\":1,\"ossUrl\":\"adqwdwqf12321\",\"ipfsHash\":\"qdqwdqwqwr12312\",\"isLink\":null,\"isDelete\":null,\"state\":\"0\",\"pageSize\":null,\"pageNum\":null,\"orderByColumn\":null,\"isAsc\":null}', '{\"code\":200,\"msg\":\"操作成功\",\"data\":null}', 0, '', '2021-10-30 15:46:25');
INSERT INTO `sys_oper_log` VALUES (210, '电子合同管理', 3, 'com.ruoyi.system.controller.HeContractController.remove()', 'DELETE', 1, 'admin', '', '/system/contract/5', '127.0.0.1', '内网IP', '{ids=5}', '{\"code\":200,\"msg\":\"操作成功\",\"data\":null}', 0, '', '2021-10-30 15:46:38');
INSERT INTO `sys_oper_log` VALUES (211, 'OSS对象存储', 1, 'com.ruoyi.web.controller.system.SysOssController.upload()', 'POST', 1, 'admin', '', '/system/oss/upload', '127.0.0.1', '内网IP', '', '', 1, '\r\n### Error updating database.  Cause: com.mysql.cj.jdbc.exceptions.MysqlDataTruncation: Data truncation: Data too long for column \'original_name\' at row 1\r\n### The error may exist in com/ruoyi/system/mapper/SysOssMapper.java (best guess)\r\n### The error may involve com.ruoyi.system.mapper.SysOssMapper.insert-Inline\r\n### The error occurred while setting parameters\r\n### SQL: INSERT INTO sys_oss  ( file_name, original_name, file_suffix, url, create_time, create_by, update_time, update_by, service )  VALUES  ( ?, ?, ?, ?, ?, ?, ?, ?, ? )\r\n### Cause: com.mysql.cj.jdbc.exceptions.MysqlDataTruncation: Data truncation: Data too long for column \'original_name\' at row 1\n; Data truncation: Data too long for column \'original_name\' at row 1; nested exception is com.mysql.cj.jdbc.exceptions.MysqlDataTruncation: Data truncation: Data too long for column \'original_name\' at row 1', '2021-10-30 15:59:30');
INSERT INTO `sys_oper_log` VALUES (212, 'OSS对象存储', 1, 'com.ruoyi.web.controller.system.SysOssController.upload()', 'POST', 1, 'admin', '', '/system/oss/upload', '127.0.0.1', '内网IP', '', '{\"code\":200,\"msg\":\"操作成功\",\"data\":{\"url\":\"https://he-contract.oss-cn-guangzhou.aliyuncs.com/2021/10/30/58d5eb160259449f96b1103da5a7a596.jpg\",\"fileName\":\"2021/10/30/58d5eb160259449f96b1103da5a7a596.jpg\"}}', 0, '', '2021-10-30 16:01:07');
INSERT INTO `sys_oper_log` VALUES (213, '电子合同管理', 2, 'com.ruoyi.system.controller.HeContractController.edit()', 'PUT', 1, 'admin', '', '/system/contract', '127.0.0.1', '内网IP', '{\"searchValue\":null,\"createBy\":null,\"createTime\":null,\"updateBy\":null,\"updateTime\":null,\"remark\":null,\"id\":4,\"title\":\"音乐著作权授权使用协议-知识产权\",\"description\":\"音乐著作权授权使用协议-知识产权\",\"type\":\"知识产权\",\"belong\":1,\"ossUrl\":\"qwdqwd21312\",\"ipfsHash\":\"dwqdqf12123\",\"isLink\":0,\"isDelete\":0,\"state\":\"2\",\"pageSize\":null,\"pageNum\":null,\"orderByColumn\":null,\"isAsc\":null}', '{\"code\":200,\"msg\":\"操作成功\",\"data\":null}', 0, '', '2021-10-30 16:03:38');
INSERT INTO `sys_oper_log` VALUES (214, '电子合同模板管理', 1, 'com.ruoyi.system.controller.HeContractTemplateController.add()', 'POST', 1, 'admin', '', '/system/contractTemplate', '127.0.0.1', '内网IP', '{\"searchValue\":null,\"createBy\":null,\"createTime\":null,\"updateBy\":null,\"updateTime\":null,\"remark\":null,\"id\":3,\"title\":\"计算机软件使用许可合同\",\"ossUrl\":\"qwdqwd124124\",\"description\":\"乙方开发、生产相应的软件产品，并拥有该等软件产品的计算机软件著作权；\\n\\t甲方希望获得乙方开发、生产的软件的使用许可，乙方同意授予甲方该等软件的使用许可。\",\"type\":\"知识产权\",\"isDelete\":null,\"pageSize\":null,\"pageNum\":null,\"orderByColumn\":null,\"isAsc\":null}', '{\"code\":200,\"msg\":\"操作成功\",\"data\":null}', 0, '', '2021-10-30 16:04:43');
INSERT INTO `sys_oper_log` VALUES (215, 'OSS对象存储', 1, 'com.ruoyi.web.controller.system.SysOssController.upload()', 'POST', 1, 'admin', '', '/system/oss/upload', '127.0.0.1', '内网IP', '', '{\"code\":200,\"msg\":\"操作成功\",\"data\":{\"url\":\"https://he-contract.oss-cn-guangzhou.aliyuncs.com/2021/10/30/c9b4d641e587496c815ac7c7ed66a154.jpg\",\"fileName\":\"2021/10/30/c9b4d641e587496c815ac7c7ed66a154.jpg\"}}', 0, '', '2021-10-30 16:05:02');
INSERT INTO `sys_oper_log` VALUES (216, 'OSS对象存储', 3, 'com.ruoyi.web.controller.system.SysOssController.remove()', 'DELETE', 1, 'admin', '', '/system/oss/5', '127.0.0.1', '内网IP', '{ossIds=5}', '{\"code\":200,\"msg\":\"操作成功\",\"data\":null}', 0, '', '2021-10-30 16:45:55');
INSERT INTO `sys_oper_log` VALUES (217, '电子合同管理', 2, 'com.ruoyi.system.controller.HeContractController.edit()', 'PUT', 1, 'admin', '', '/system/contract', '127.0.0.1', '内网IP', '{\"searchValue\":null,\"createBy\":null,\"createTime\":null,\"updateBy\":null,\"updateTime\":null,\"remark\":null,\"id\":4,\"title\":\"音乐著作权授权使用协议-知识产权\",\"description\":\"音乐著作权授权使用协议-知识产权\",\"type\":\"知识产权\",\"belong\":1,\"ossUrl\":\"qwdqwd21312\",\"ipfsHash\":\"dwqdqf12123\",\"isLink\":0,\"isDelete\":0,\"state\":\"1\",\"pageSize\":null,\"pageNum\":null,\"orderByColumn\":null,\"isAsc\":null}', '{\"code\":200,\"msg\":\"操作成功\",\"data\":null}', 0, '', '2021-10-30 16:47:31');
INSERT INTO `sys_oper_log` VALUES (218, '电子合同管理', 2, 'com.ruoyi.system.controller.HeContractController.edit()', 'PUT', 1, 'admin', '', '/system/contract', '127.0.0.1', '内网IP', '{\"searchValue\":null,\"createBy\":null,\"createTime\":null,\"updateBy\":null,\"updateTime\":null,\"remark\":null,\"id\":4,\"title\":\"音乐著作权授权使用协议-知识产权\",\"description\":\"音乐著作权授权使用协议-知识产权\",\"type\":\"知识产权\",\"belong\":1,\"ossUrl\":\"qwdqwd21312\",\"ipfsHash\":\"dwqdqf12123\",\"isLink\":0,\"isDelete\":0,\"state\":\"2\",\"pageSize\":null,\"pageNum\":null,\"orderByColumn\":null,\"isAsc\":null}', '{\"code\":200,\"msg\":\"操作成功\",\"data\":null}', 0, '', '2021-10-30 16:47:58');
INSERT INTO `sys_oper_log` VALUES (219, '印章管理', 2, 'com.ruoyi.system.controller.HeSealController.edit()', 'PUT', 1, 'admin', '', '/system/seal', '127.0.0.1', '内网IP', '{\"searchValue\":null,\"createBy\":null,\"createTime\":null,\"updateBy\":null,\"updateTime\":null,\"remark\":null,\"id\":1,\"title\":\"hjq\",\"ossUrl\":\"dqwdwqdkp1j23\",\"ipfsHash\":\"juodqwhjdqo124\",\"belong\":1,\"isLink\":0,\"isDelete\":0,\"state\":\"2\",\"pageSize\":null,\"pageNum\":null,\"orderByColumn\":null,\"isAsc\":null}', '{\"code\":200,\"msg\":\"操作成功\",\"data\":null}', 0, '', '2021-10-30 16:49:16');
INSERT INTO `sys_oper_log` VALUES (220, 'OSS对象存储', 1, 'com.ruoyi.web.controller.system.SysOssController.upload()', 'POST', 1, 'admin', '', '/system/oss/upload', '127.0.0.1', '内网IP', '', '{\"code\":200,\"msg\":\"操作成功\",\"data\":{\"url\":\"https://he-contract.oss-cn-guangzhou.aliyuncs.com/2021/10/30/d3afca4d634c4aeaadbdd59e40025b6e.jpg\",\"fileName\":\"2021/10/30/d3afca4d634c4aeaadbdd59e40025b6e.jpg\"}}', 0, '', '2021-10-30 16:49:40');
INSERT INTO `sys_oper_log` VALUES (221, 'OSS对象存储', 2, 'com.ruoyi.web.controller.system.SysOssController.changePreviewListResource()', 'PUT', 1, 'admin', '', '/system/oss/changePreviewListResource', '127.0.0.1', '内网IP', '\"{\\\"previewListResource\\\":false}\"', '{\"code\":200,\"msg\":\"操作成功\",\"data\":null}', 0, '', '2021-11-02 15:02:15');
INSERT INTO `sys_oper_log` VALUES (222, 'OSS对象存储', 2, 'com.ruoyi.web.controller.system.SysOssController.changePreviewListResource()', 'PUT', 1, 'admin', '', '/system/oss/changePreviewListResource', '127.0.0.1', '内网IP', '\"{\\\"previewListResource\\\":true}\"', '{\"code\":200,\"msg\":\"操作成功\",\"data\":null}', 0, '', '2021-11-02 15:02:34');
INSERT INTO `sys_oper_log` VALUES (223, 'OSS对象存储', 1, 'com.ruoyi.web.controller.system.SysOssController.upload()', 'POST', 1, 'admin', '', '/system/oss/upload', '127.0.0.1', '内网IP', '', '{\"code\":200,\"msg\":\"操作成功\",\"data\":{\"url\":\"https://he-contract.oss-cn-guangzhou.aliyuncs.com/2021/11/02/d95ec40508cc4fa08166dc1dcfed70c4.png\",\"fileName\":\"2021/11/02/d95ec40508cc4fa08166dc1dcfed70c4.png\"}}', 0, '', '2021-11-02 15:42:17');
INSERT INTO `sys_oper_log` VALUES (224, 'OSS对象存储', 1, 'com.ruoyi.web.controller.system.SysOssController.upload()', 'POST', 1, 'admin', '', '/system/oss/upload', '127.0.0.1', '内网IP', '', '{\"code\":200,\"msg\":\"操作成功\",\"data\":{\"url\":\"https://he-contract.oss-cn-guangzhou.aliyuncs.com/2021/11/02/459e0cb32dca445194507fc1ddcbe444.png\",\"fileName\":\"2021/11/02/459e0cb32dca445194507fc1ddcbe444.png\"}}', 0, '', '2021-11-02 15:44:50');
INSERT INTO `sys_oper_log` VALUES (225, 'OSS对象存储', 1, 'com.ruoyi.web.controller.system.SysOssController.upload()', 'POST', 1, 'admin', '', '/system/oss/upload', '127.0.0.1', '内网IP', '', '{\"code\":200,\"msg\":\"操作成功\",\"data\":{\"url\":\"https://he-contract.oss-cn-guangzhou.aliyuncs.com/2021/11/02/ac4c626ec83f4a86a5db152633390957.png\",\"fileName\":\"2021/11/02/ac4c626ec83f4a86a5db152633390957.png\"}}', 0, '', '2021-11-02 15:54:29');
INSERT INTO `sys_oper_log` VALUES (226, 'OSS对象存储', 1, 'com.ruoyi.web.controller.system.SysOssController.upload()', 'POST', 1, 'admin', '', '/system/oss/upload', '127.0.0.1', '内网IP', '', '{\"code\":200,\"msg\":\"操作成功\",\"data\":{\"url\":\"https://he-contract.oss-cn-guangzhou.aliyuncs.com/2021/11/02/becb27e978004b219eb16cd8f26c2e16.png\",\"fileName\":\"2021/11/02/becb27e978004b219eb16cd8f26c2e16.png\"}}', 0, '', '2021-11-02 16:16:41');
INSERT INTO `sys_oper_log` VALUES (227, '印章管理', 1, 'com.ruoyi.web.controller.system.HeSealController.add()', 'POST', 1, 'admin', '', '/system/seal', '127.0.0.1', '内网IP', '{\"searchValue\":null,\"createBy\":null,\"createTime\":null,\"updateBy\":null,\"updateTime\":null,\"remark\":null,\"id\":3,\"title\":\"dqwdqwd\",\"ossUrl\":\"https://he-contract.oss-cn-guangzhou.aliyuncs.com/2021/11/02/becb27e978004b219eb16cd8f26c2e16.png\",\"ipfsHash\":\"qwdqwd\",\"belong\":1,\"isLink\":null,\"isDelete\":null,\"state\":\"0\",\"pageSize\":null,\"pageNum\":null,\"orderByColumn\":null,\"isAsc\":null}', '{\"code\":200,\"msg\":\"操作成功\",\"data\":null}', 0, '', '2021-11-02 16:16:44');
INSERT INTO `sys_oper_log` VALUES (228, 'OSS对象存储', 2, 'com.ruoyi.web.controller.system.SysOssController.changePreviewListResource()', 'PUT', 1, 'admin', '', '/system/oss/changePreviewListResource', '127.0.0.1', '内网IP', '\"{\\\"previewListResource\\\":false}\"', '{\"code\":200,\"msg\":\"操作成功\",\"data\":null}', 0, '', '2021-11-02 16:18:18');
INSERT INTO `sys_oper_log` VALUES (229, 'OSS对象存储', 2, 'com.ruoyi.web.controller.system.SysOssController.changePreviewListResource()', 'PUT', 1, 'admin', '', '/system/oss/changePreviewListResource', '127.0.0.1', '内网IP', '\"{\\\"previewListResource\\\":false}\"', '{\"code\":200,\"msg\":\"操作成功\",\"data\":null}', 0, '', '2021-11-02 16:18:21');
INSERT INTO `sys_oper_log` VALUES (230, 'OSS对象存储', 2, 'com.ruoyi.web.controller.system.SysOssController.changePreviewListResource()', 'PUT', 1, 'admin', '', '/system/oss/changePreviewListResource', '127.0.0.1', '内网IP', '\"{\\\"previewListResource\\\":true}\"', '{\"code\":200,\"msg\":\"操作成功\",\"data\":null}', 0, '', '2021-11-02 16:18:32');
INSERT INTO `sys_oper_log` VALUES (231, '印章管理', 3, 'com.ruoyi.web.controller.system.HeSealController.remove()', 'DELETE', 1, 'admin', '', '/system/seal/3', '127.0.0.1', '内网IP', '{ids=3}', '{\"code\":200,\"msg\":\"操作成功\",\"data\":null}', 0, '', '2021-11-02 17:35:19');
INSERT INTO `sys_oper_log` VALUES (232, '电子合同类型', 1, 'com.ruoyi.web.controller.system.HeContractTypeController.add()', 'POST', 1, 'admin', '', '/system/contractType', '127.0.0.1', '内网IP', '{\"searchValue\":null,\"createBy\":null,\"createTime\":null,\"updateBy\":null,\"updateTime\":null,\"remark\":null,\"id\":null,\"type\":\"租房\",\"pageSize\":null,\"pageNum\":null,\"orderByColumn\":null,\"isAsc\":null}', '{\"code\":500,\"msg\":\"操作失败\",\"data\":null}', 0, '', '2021-11-03 15:11:51');
INSERT INTO `sys_oper_log` VALUES (233, '电子合同类型', 2, 'com.ruoyi.web.controller.system.HeContractTypeController.edit()', 'PUT', 1, 'admin', '', '/system/contractType', '127.0.0.1', '内网IP', '{\"searchValue\":null,\"createBy\":null,\"createTime\":null,\"updateBy\":null,\"updateTime\":null,\"remark\":null,\"id\":1,\"type\":\"知识产权\",\"pageSize\":null,\"pageNum\":null,\"orderByColumn\":null,\"isAsc\":null}', '{\"code\":500,\"msg\":\"操作失败\",\"data\":null}', 0, '', '2021-11-03 15:19:58');
INSERT INTO `sys_oper_log` VALUES (234, 'OSS对象存储', 1, 'com.ruoyi.web.controller.system.SysOssController.upload()', 'POST', 1, 'admin', '', '/system/oss/upload', '127.0.0.1', '内网IP', '', '{\"code\":200,\"msg\":\"操作成功\",\"data\":{\"url\":\"https://he-contract.oss-cn-guangzhou.aliyuncs.com/2021/11/03/cd354e10ec3543c0b2db05cce7d78d54.jpg\",\"fileName\":\"2021/11/03/cd354e10ec3543c0b2db05cce7d78d54.jpg\"}}', 0, '', '2021-11-03 16:09:17');
INSERT INTO `sys_oper_log` VALUES (235, '电子合同模板管理', 1, 'com.ruoyi.web.controller.system.HeContractTemplateController.add()', 'POST', 1, 'admin', '', '/system/contractTemplate', '127.0.0.1', '内网IP', '{\"searchValue\":null,\"createBy\":null,\"createTime\":null,\"updateBy\":null,\"updateTime\":null,\"remark\":null,\"id\":4,\"title\":\"模板一\",\"ossUrl\":\"https://he-contract.oss-cn-guangzhou.aliyuncs.com/2021/11/03/cd354e10ec3543c0b2db05cce7d78d54.jpg\",\"description\":\"lalala\",\"type\":\"白条\",\"isDelete\":null,\"pageSize\":null,\"pageNum\":null,\"orderByColumn\":null,\"isAsc\":null}', '{\"code\":200,\"msg\":\"操作成功\",\"data\":null}', 0, '', '2021-11-03 16:09:25');
INSERT INTO `sys_oper_log` VALUES (236, '电子合同模板管理', 3, 'com.ruoyi.web.controller.system.HeContractTemplateController.remove()', 'DELETE', 1, 'admin', '', '/system/contractTemplate/4', '127.0.0.1', '内网IP', '{ids=4}', '{\"code\":200,\"msg\":\"操作成功\",\"data\":null}', 0, '', '2021-11-03 16:10:10');
INSERT INTO `sys_oper_log` VALUES (237, 'OSS对象存储', 1, 'com.ruoyi.web.controller.system.SysOssController.upload()', 'POST', 1, 'admin', '', '/system/oss/upload', '127.0.0.1', '内网IP', '', '{\"code\":200,\"msg\":\"操作成功\",\"data\":{\"url\":\"https://he-contract.oss-cn-guangzhou.aliyuncs.com/2021/11/03/c8911b6bbb8e471894cd5d66c79cfd3a.jpg\",\"fileName\":\"2021/11/03/c8911b6bbb8e471894cd5d66c79cfd3a.jpg\"}}', 0, '', '2021-11-03 17:13:43');
INSERT INTO `sys_oper_log` VALUES (238, '电子合同管理', 1, 'com.ruoyi.web.controller.system.HeContractController.add()', 'POST', 1, 'admin', '', '/system/contract', '127.0.0.1', '内网IP', '{\"searchValue\":null,\"createBy\":null,\"createTime\":null,\"updateBy\":null,\"updateTime\":null,\"remark\":null,\"id\":6,\"title\":\"qwdwqd\",\"description\":\"qwdwqd\",\"type\":\"租房\",\"belong\":1,\"ossUrl\":\"https://he-contract.oss-cn-guangzhou.aliyuncs.com/2021/11/03/c8911b6bbb8e471894cd5d66c79cfd3a.jpg\",\"ipfsHash\":\"qdqw\",\"isLink\":null,\"isDelete\":null,\"state\":\"1\",\"pageSize\":null,\"pageNum\":null,\"orderByColumn\":null,\"isAsc\":null}', '{\"code\":200,\"msg\":\"操作成功\",\"data\":null}', 0, '', '2021-11-03 17:13:51');
INSERT INTO `sys_oper_log` VALUES (239, 'OSS对象存储', 1, 'com.ruoyi.web.controller.system.SysOssController.upload()', 'POST', 1, 'admin', '', '/system/oss/upload', '127.0.0.1', '内网IP', '', '{\"code\":200,\"msg\":\"操作成功\",\"data\":{\"url\":\"https://he-contract.oss-cn-guangzhou.aliyuncs.com/2021/11/03/6023abc3ab4c4932bab3ed3c36b2f0d4.jpg\",\"fileName\":\"2021/11/03/6023abc3ab4c4932bab3ed3c36b2f0d4.jpg\"}}', 0, '', '2021-11-03 17:14:09');
INSERT INTO `sys_oper_log` VALUES (240, '电子合同管理', 1, 'com.ruoyi.web.controller.system.HeContractController.add()', 'POST', 1, 'admin', '', '/system/contract', '127.0.0.1', '内网IP', '{\"searchValue\":null,\"createBy\":null,\"createTime\":null,\"updateBy\":null,\"updateTime\":null,\"remark\":null,\"id\":7,\"title\":\"qwdqd\",\"description\":\"qwdqd\",\"type\":\"借贷\",\"belong\":1,\"ossUrl\":\"https://he-contract.oss-cn-guangzhou.aliyuncs.com/2021/11/03/6023abc3ab4c4932bab3ed3c36b2f0d4.jpg\",\"ipfsHash\":\"qwdwqd\",\"isLink\":null,\"isDelete\":null,\"state\":\"1\",\"pageSize\":null,\"pageNum\":null,\"orderByColumn\":null,\"isAsc\":null}', '{\"code\":200,\"msg\":\"操作成功\",\"data\":null}', 0, '', '2021-11-03 17:14:17');
INSERT INTO `sys_oper_log` VALUES (241, '电子合同管理', 3, 'com.ruoyi.web.controller.system.HeContractController.remove()', 'DELETE', 1, 'admin', '', '/system/contract/7', '127.0.0.1', '内网IP', '{ids=7}', '{\"code\":200,\"msg\":\"操作成功\",\"data\":null}', 0, '', '2021-11-03 17:14:26');
INSERT INTO `sys_oper_log` VALUES (242, '参数管理', 2, 'com.ruoyi.web.controller.system.SysConfigController.edit()', 'PUT', 1, 'admin', '', '/system/config', '127.0.0.1', '内网IP', '{\"configId\":5,\"configName\":\"账号自助-是否开启用户注册功能\",\"configKey\":\"sys.account.registerUser\",\"configValue\":\"true\",\"configType\":\"Y\",\"createBy\":\"admin\",\"createTime\":\"2021-09-29 19:01:48\",\"updateBy\":\"admin\",\"updateTime\":\"2021-11-09 19:39:24\",\"remark\":\"是否开启注册用户功能（true开启，false关闭）\",\"params\":{}}', '{\"code\":200,\"msg\":\"操作成功\",\"data\":null}', 0, '', '2021-11-09 19:39:24');
INSERT INTO `sys_oper_log` VALUES (243, '代码生成', 6, 'com.ruoyi.generator.controller.GenController.importTableSave()', 'POST', 1, 'admin', '', '/tool/gen/importTable', '127.0.0.1', '内网IP', '\"he_user_info\"', '{\"code\":200,\"msg\":\"操作成功\",\"data\":null}', 0, '', '2021-11-11 12:51:22');
INSERT INTO `sys_oper_log` VALUES (244, '代码生成', 2, 'com.ruoyi.generator.controller.GenController.editSave()', 'PUT', 1, 'admin', '', '/tool/gen', '127.0.0.1', '内网IP', '{\"tableId\":20,\"tableName\":\"he_contract\",\"tableComment\":\"电子合同表\",\"subTableName\":null,\"subTableFkName\":null,\"className\":\"HeContract\",\"tplCategory\":\"crud\",\"packageName\":\"com.ruoyi.system\",\"moduleName\":\"system\",\"businessName\":\"contract\",\"functionName\":\"电子合同管理\",\"functionAuthor\":\"henriport\",\"genType\":\"0\",\"genPath\":\"/\",\"pkColumn\":null,\"subTable\":null,\"columns\":[{\"columnId\":129,\"tableId\":20,\"columnName\":\"id\",\"columnComment\":\"id\",\"columnType\":\"bigint\",\"javaType\":\"Long\",\"javaField\":\"id\",\"isPk\":\"1\",\"isIncrement\":\"1\",\"isRequired\":\"1\",\"isInsert\":\"1\",\"isEdit\":\"1\",\"isList\":\"1\",\"isQuery\":\"1\",\"queryType\":\"EQ\",\"htmlType\":\"input\",\"dictType\":\"\",\"sort\":1,\"createBy\":\"admin\",\"createTime\":\"2021-10-18 15:07:11\",\"updateBy\":\"admin\",\"updateTime\":\"2021-11-11 12:52:21\",\"params\":{},\"superColumn\":false,\"increment\":true,\"insert\":true,\"query\":true,\"usableColumn\":false,\"edit\":true,\"capJavaField\":\"id\",\"list\":true,\"required\":true,\"pk\":true},{\"columnId\":130,\"tableId\":20,\"columnName\":\"title\",\"columnComment\":\"合同标题\",\"columnType\":\"varchar(32)\",\"javaType\":\"String\",\"javaField\":\"title\",\"isPk\":\"0\",\"isIncrement\":\"0\",\"isRequired\":\"1\",\"isInsert\":\"1\",\"isEdit\":\"1\",\"isList\":\"1\",\"isQuery\":\"1\",\"queryType\":\"EQ\",\"htmlType\":\"input\",\"dictType\":\"\",\"sort\":2,\"createBy\":\"admin\",\"createTime\":\"2021-10-18 15:07:11\",\"updateBy\":\"admin\",\"updateTime\":\"2021-11-11 12:52:21\",\"params\":{},\"superColumn\":false,\"increment\":false,\"insert\":true,\"query\":true,\"usableColumn\":false,\"edit\":true,\"capJavaField\":\"title\",\"list\":true,\"required\":true,\"pk\":false},{\"columnId\":131,\"tableId\":20,\"columnName\":\"description\",\"columnComment\":\"合同描述\",\"columnType\":\"text\",\"javaType\":\"String\",\"javaField\":\"description\",\"isPk\":\"0\",\"isIncrement\":\"0\",\"isRequired\":\"1\",\"isInsert\":\"1\",\"isEdit\":\"1\",\"isList\":\"1\",\"isQuery\":\"1\",\"queryType\":\"EQ\",\"htmlType\":\"textarea\",\"dictType\":\"\",\"sort\":3,\"createBy\":\"admin\",\"createTime\":\"2021-10-18 15:07:11\",\"updateBy\":\"admin\",\"updateTime\":\"2021-11-11 12:52:21\",\"params\":{},\"superColumn\":false,\"increment\":false,\"insert\":true,\"query\":true,\"usableCo', '{\"code\":200,\"msg\":\"操作成功\",\"data\":null}', 0, '', '2021-11-11 12:52:22');
INSERT INTO `sys_oper_log` VALUES (245, '代码生成', 8, 'com.ruoyi.generator.controller.GenController.batchGenCode()', 'GET', 1, 'admin', '', '/tool/gen/batchGenCode', '127.0.0.1', '内网IP', '{}', '', 0, '', '2021-11-11 12:52:29');
INSERT INTO `sys_oper_log` VALUES (246, 'OSS对象存储', 1, 'com.ruoyi.web.controller.system.SysOssController.upload()', 'POST', 1, 'admin', '', '/system/oss/upload', '127.0.0.1', '内网IP', '', '{\"code\":200,\"msg\":\"操作成功\",\"data\":{\"url\":\"https://he-contract.oss-cn-guangzhou.aliyuncs.com/2021/11/17/719393fa272a47eaa163b13e18c2896d.jpg\",\"fileName\":\"2021/11/17/719393fa272a47eaa163b13e18c2896d.jpg\"}}', 0, '', '2021-11-17 16:13:46');
INSERT INTO `sys_oper_log` VALUES (247, '电子合同模板管理', 2, 'com.ruoyi.web.controller.system.HeContractTemplateController.edit()', 'PUT', 1, 'admin', '', '/system/contractTemplate', '127.0.0.1', '内网IP', '{\"searchValue\":null,\"createBy\":null,\"createTime\":null,\"updateBy\":null,\"updateTime\":null,\"remark\":null,\"id\":1,\"title\":\"解除劳动合同协议书\",\"ossUrl\":\"https://he-contract.oss-cn-guangzhou.aliyuncs.com/2021/11/17/719393fa272a47eaa163b13e18c2896d.jpg\",\"description\":\"解除劳动合同协议书\",\"type\":\"劳动人事\",\"isDelete\":0,\"pageSize\":null,\"pageNum\":null,\"orderByColumn\":null,\"isAsc\":null}', '{\"code\":200,\"msg\":\"操作成功\",\"data\":null}', 0, '', '2021-11-17 16:13:47');
INSERT INTO `sys_oper_log` VALUES (248, 'OSS对象存储', 3, 'com.ruoyi.web.controller.system.SysOssController.remove()', 'DELETE', 1, 'admin', '', '/system/oss/9', '127.0.0.1', '内网IP', '{ossIds=9}', '{\"code\":200,\"msg\":\"操作成功\",\"data\":null}', 0, '', '2021-11-17 16:29:15');
INSERT INTO `sys_oper_log` VALUES (249, 'OSS对象存储', 3, 'com.ruoyi.web.controller.system.SysOssController.remove()', 'DELETE', 1, 'admin', '', '/system/oss/8', '127.0.0.1', '内网IP', '{ossIds=8}', '{\"code\":200,\"msg\":\"操作成功\",\"data\":null}', 0, '', '2021-11-17 16:29:17');
INSERT INTO `sys_oper_log` VALUES (250, 'OSS对象存储', 3, 'com.ruoyi.web.controller.system.SysOssController.remove()', 'DELETE', 1, 'admin', '', '/system/oss/7', '127.0.0.1', '内网IP', '{ossIds=7}', '{\"code\":200,\"msg\":\"操作成功\",\"data\":null}', 0, '', '2021-11-17 16:29:19');
INSERT INTO `sys_oper_log` VALUES (251, 'OSS对象存储', 1, 'com.ruoyi.web.controller.system.SysOssController.upload()', 'POST', 1, 'admin', '', '/system/oss/upload', '127.0.0.1', '内网IP', '', '{\"code\":200,\"msg\":\"操作成功\",\"data\":{\"url\":\"https://he-contract.oss-cn-guangzhou.aliyuncs.com/2021/11/17/e684002c2a2d4de7b2561bbfdf55f225.docx\",\"fileName\":\"2021/11/17/e684002c2a2d4de7b2561bbfdf55f225.docx\"}}', 0, '', '2021-11-17 17:16:31');
INSERT INTO `sys_oper_log` VALUES (252, '电子合同管理', 2, 'com.ruoyi.web.controller.system.HeContractController.edit()', 'PUT', 1, 'admin', '', '/system/contract', '127.0.0.1', '内网IP', '{\"searchValue\":null,\"createBy\":null,\"createTime\":null,\"updateBy\":null,\"updateTime\":null,\"remark\":null,\"id\":6,\"title\":\"qwdwqd\",\"description\":\"qwdwqd\",\"type\":\"租房\",\"belong\":1,\"ossUrl\":\"https://he-contract.oss-cn-guangzhou.aliyuncs.com/2021/11/03/c8911b6bbb8e471894cd5d66c79cfd3a.jpg\",\"ipfsHash\":\"qdqw\",\"isLink\":0,\"isDelete\":0,\"state\":\"3\",\"pageSize\":null,\"pageNum\":null,\"orderByColumn\":null,\"isAsc\":null}', '{\"code\":200,\"msg\":\"操作成功\",\"data\":null}', 0, '', '2021-11-17 20:41:29');
INSERT INTO `sys_oper_log` VALUES (253, 'OSS对象存储', 1, 'com.ruoyi.web.controller.system.SysOssController.upload()', 'POST', 1, 'admin', '', '/system/oss/upload', '127.0.0.1', '内网IP', '', '{\"code\":200,\"msg\":\"操作成功\",\"data\":{\"url\":\"https://he-contract.oss-cn-guangzhou.aliyuncs.com/2021/11/18/5000ae7a73584df7bd686f3d41d8a106.pdf\",\"fileName\":\"2021/11/18/5000ae7a73584df7bd686f3d41d8a106.pdf\"}}', 0, '', '2021-11-18 14:24:03');
INSERT INTO `sys_oper_log` VALUES (254, '电子合同管理', 2, 'com.ruoyi.web.controller.system.HeContractController.edit()', 'PUT', 1, 'admin', '', '/system/contract', '127.0.0.1', '内网IP', '{\"searchValue\":null,\"createBy\":null,\"createTime\":null,\"updateBy\":null,\"updateTime\":null,\"remark\":null,\"id\":4,\"title\":\"音乐著作权授权使用协议-知识产权\",\"description\":\"音乐著作权授权使用协议-知识产权\",\"type\":\"知识产权\",\"belong\":1,\"ossUrl\":\"https://he-contract.oss-cn-guangzhou.aliyuncs.com/2021/11/18/5000ae7a73584df7bd686f3d41d8a106.pdf\",\"ipfsHash\":\"dwqdqf12123\",\"isLink\":0,\"isDelete\":0,\"state\":\"1\",\"pageSize\":null,\"pageNum\":null,\"orderByColumn\":null,\"isAsc\":null}', '{\"code\":200,\"msg\":\"操作成功\",\"data\":null}', 0, '', '2021-11-18 22:15:59');
INSERT INTO `sys_oper_log` VALUES (255, '电子合同管理', 2, 'com.ruoyi.web.controller.system.HeContractController.edit()', 'PUT', 1, 'admin', '', '/system/contract', '127.0.0.1', '内网IP', '{\"searchValue\":null,\"createBy\":null,\"createTime\":null,\"updateBy\":null,\"updateTime\":null,\"remark\":null,\"id\":4,\"title\":\"音乐著作权授权使用协议-知识产权\",\"description\":\"音乐著作权授权使用协议-知识产权\",\"type\":\"知识产权\",\"belong\":1,\"ossUrl\":\"https://he-contract.oss-cn-guangzhou.aliyuncs.com/2021/11/18/5000ae7a73584df7bd686f3d41d8a106.pdf\",\"ipfsHash\":\"dwqdqf12123\",\"isLink\":0,\"isDelete\":0,\"state\":\"3\",\"pageSize\":null,\"pageNum\":null,\"orderByColumn\":null,\"isAsc\":null}', '{\"code\":200,\"msg\":\"操作成功\",\"data\":null}', 0, '', '2021-11-18 22:16:16');
INSERT INTO `sys_oper_log` VALUES (256, '电子合同管理', 2, 'com.ruoyi.web.controller.system.HeContractController.changeState()', 'PUT', 1, 'admin', '', '/system/contract/state/4/true', '127.0.0.1', '内网IP', '4 true', '', 1, 'HV000030: No validator could be found for constraint \'javax.validation.constraints.NotEmpty\' validating type \'java.lang.Long\'. Check configuration for \'changeState.arg0\'', '2021-11-19 21:44:46');
INSERT INTO `sys_oper_log` VALUES (257, '电子合同管理', 2, 'com.ruoyi.web.controller.system.HeContractController.changeState()', 'PUT', 1, 'admin', '', '/system/contract/state/4/true', '127.0.0.1', '内网IP', '4 true', '{\"code\":200,\"msg\":\"操作成功\",\"data\":null}', 0, '', '2021-11-19 21:54:09');
INSERT INTO `sys_oper_log` VALUES (258, '电子合同管理', 2, 'com.ruoyi.web.controller.system.HeContractController.changeState()', 'PUT', 1, 'admin', '', '/system/contract/state/4/false', '127.0.0.1', '内网IP', '4 false', '{\"code\":200,\"msg\":\"操作成功\",\"data\":null}', 0, '', '2021-11-19 21:57:14');
INSERT INTO `sys_oper_log` VALUES (259, '电子合同管理', 2, 'com.ruoyi.web.controller.system.HeContractController.changeState()', 'PUT', 1, 'admin', '', '/system/contract/state/4/true', '127.0.0.1', '内网IP', '4 true', '{\"code\":200,\"msg\":\"操作成功\",\"data\":null}', 0, '', '2021-11-19 21:58:50');
INSERT INTO `sys_oper_log` VALUES (260, '电子合同管理', 2, 'com.ruoyi.web.controller.system.HeContractController.changeState()', 'PUT', 1, 'admin', '', '/system/contract/state/4/false', '127.0.0.1', '内网IP', '4 false', '{\"code\":200,\"msg\":\"操作成功\",\"data\":null}', 0, '', '2021-11-19 21:58:57');
INSERT INTO `sys_oper_log` VALUES (261, '电子合同管理', 2, 'com.ruoyi.web.controller.system.HeContractController.changeState()', 'PUT', 1, 'admin', '', '/system/contract/state/4/true', '127.0.0.1', '内网IP', '4 true', '{\"code\":200,\"msg\":\"操作成功\",\"data\":null}', 0, '', '2021-11-19 21:59:41');
INSERT INTO `sys_oper_log` VALUES (262, 'OSS对象存储', 1, 'com.ruoyi.web.controller.system.SysOssController.upload()', 'POST', 1, 'admin', '', '/system/oss/upload', '127.0.0.1', '内网IP', '', '{\"code\":200,\"msg\":\"操作成功\",\"data\":{\"url\":\"https://he-contract.oss-cn-guangzhou.aliyuncs.com/2021/11/19/1f8402f606964446a4b9b24d34e85f64.pdf\",\"fileName\":\"2021/11/19/1f8402f606964446a4b9b24d34e85f64.pdf\"}}', 0, '', '2021-11-19 22:18:49');
INSERT INTO `sys_oper_log` VALUES (263, '电子合同管理', 2, 'com.ruoyi.web.controller.system.HeContractController.edit()', 'PUT', 1, 'admin', '', '/system/contract', '127.0.0.1', '内网IP', '{\"searchValue\":null,\"createBy\":null,\"createTime\":null,\"updateBy\":null,\"updateTime\":null,\"remark\":null,\"id\":6,\"title\":\"qwdwqd\",\"description\":\"qwdwqd\",\"type\":\"租房\",\"belong\":1,\"ossUrl\":\"2021/11/19/1f8402f606964446a4b9b24d34e85f64.pdf\",\"ipfsHash\":\"qdqw\",\"isLink\":0,\"isDelete\":0,\"state\":\"3\",\"pageSize\":null,\"pageNum\":null,\"orderByColumn\":null,\"isAsc\":null}', '{\"code\":200,\"msg\":\"操作成功\",\"data\":null}', 0, '', '2021-11-19 22:18:53');
INSERT INTO `sys_oper_log` VALUES (264, 'OSS对象存储', 1, 'com.ruoyi.web.controller.system.SysOssController.upload()', 'POST', 1, 'admin', '', '/system/oss/upload', '127.0.0.1', '内网IP', '', '{\"code\":200,\"msg\":\"操作成功\",\"data\":{\"url\":\"https://he-contract.oss-cn-guangzhou.aliyuncs.com/2021/11/19/3633fdbf13ce4220b7f01ba2834424ef.pdf\",\"fileName\":\"2021/11/19/3633fdbf13ce4220b7f01ba2834424ef.pdf\"}}', 0, '', '2021-11-19 22:19:27');
INSERT INTO `sys_oper_log` VALUES (265, '电子合同管理', 1, 'com.ruoyi.web.controller.system.HeContractController.add()', 'POST', 1, 'admin', '', '/system/contract', '127.0.0.1', '内网IP', '{\"searchValue\":null,\"createBy\":null,\"createTime\":null,\"updateBy\":null,\"updateTime\":null,\"remark\":null,\"id\":8,\"title\":\"qqqwe\",\"description\":\"qqqweq\",\"type\":\"租房\",\"belong\":1,\"ossUrl\":\"2021/11/19/3633fdbf13ce4220b7f01ba2834424ef.pdf\",\"ipfsHash\":\"qqqwewqdqw\",\"isLink\":null,\"isDelete\":null,\"state\":\"1\",\"pageSize\":null,\"pageNum\":null,\"orderByColumn\":null,\"isAsc\":null}', '{\"code\":200,\"msg\":\"操作成功\",\"data\":null}', 0, '', '2021-11-19 22:19:39');
INSERT INTO `sys_oper_log` VALUES (266, 'OSS对象存储', 1, 'com.ruoyi.web.controller.system.SysOssController.upload()', 'POST', 1, 'admin', '', '/system/oss/upload', '127.0.0.1', '内网IP', '', '{\"code\":200,\"msg\":\"操作成功\",\"data\":{\"url\":\"https://he-contract.oss-cn-guangzhou.aliyuncs.com/2021/11/19/a487ed784af3495c8d6936d6dcd31b1d.pdf\",\"fileName\":\"2021/11/19/a487ed784af3495c8d6936d6dcd31b1d.pdf\"}}', 0, '', '2021-11-19 22:22:39');
INSERT INTO `sys_oper_log` VALUES (267, '电子合同管理', 2, 'com.ruoyi.web.controller.system.HeContractController.edit()', 'PUT', 1, 'admin', '', '/system/contract', '127.0.0.1', '内网IP', '{\"searchValue\":null,\"createBy\":null,\"createTime\":null,\"updateBy\":null,\"updateTime\":null,\"remark\":null,\"id\":8,\"title\":\"qqqwe\",\"description\":\"qqqweq\",\"type\":\"租房\",\"belong\":1,\"ossUrl\":\"https://he-contract.oss-cn-guangzhou.aliyuncs.com/2021/11/19/a487ed784af3495c8d6936d6dcd31b1d.pdf\",\"ipfsHash\":\"qqqwewqdqw\",\"isLink\":0,\"isDelete\":0,\"state\":\"0\",\"pageSize\":null,\"pageNum\":null,\"orderByColumn\":null,\"isAsc\":null}', '{\"code\":200,\"msg\":\"操作成功\",\"data\":null}', 0, '', '2021-11-19 22:22:41');
INSERT INTO `sys_oper_log` VALUES (268, 'OSS对象存储', 1, 'com.ruoyi.web.controller.system.SysOssController.upload()', 'POST', 1, 'admin', '', '/system/oss/upload', '127.0.0.1', '内网IP', '', '{\"code\":200,\"msg\":\"操作成功\",\"data\":{\"url\":\"https://he-contract.oss-cn-guangzhou.aliyuncs.com/2021/11/20/5507771a5495433799f3d87fc1518087.png\",\"fileName\":\"2021/11/20/5507771a5495433799f3d87fc1518087.png\"}}', 0, '', '2021-11-20 14:29:07');
INSERT INTO `sys_oper_log` VALUES (269, '印章管理', 2, 'com.ruoyi.web.controller.system.HeSealController.edit()', 'PUT', 1, 'admin', '', '/system/seal', '127.0.0.1', '内网IP', '{\"searchValue\":null,\"createBy\":null,\"createTime\":null,\"updateBy\":null,\"updateTime\":null,\"remark\":null,\"id\":2,\"title\":\"yc\",\"ossUrl\":\"https://he-contract.oss-cn-guangzhou.aliyuncs.com/2021/11/20/5507771a5495433799f3d87fc1518087.png\",\"ipfsHash\":\"djnqowhf7912y4\",\"belong\":1,\"isLink\":0,\"isDelete\":0,\"state\":\"0\",\"pageSize\":null,\"pageNum\":null,\"orderByColumn\":null,\"isAsc\":null}', '{\"code\":200,\"msg\":\"操作成功\",\"data\":null}', 0, '', '2021-11-20 14:29:11');
INSERT INTO `sys_oper_log` VALUES (270, '印章管理', 2, 'com.ruoyi.web.controller.system.HeSealController.edit()', 'PUT', 1, 'admin', '', '/system/seal', '127.0.0.1', '内网IP', '{\"searchValue\":null,\"createBy\":null,\"createTime\":null,\"updateBy\":null,\"updateTime\":null,\"remark\":null,\"id\":2,\"title\":\"华软公章\",\"ossUrl\":\"https://he-contract.oss-cn-guangzhou.aliyuncs.com/2021/11/20/5507771a5495433799f3d87fc1518087.png\",\"ipfsHash\":\"djnqowhf7912y4\",\"belong\":1,\"isLink\":0,\"isDelete\":0,\"state\":\"0\",\"pageSize\":null,\"pageNum\":null,\"orderByColumn\":null,\"isAsc\":null}', '{\"code\":200,\"msg\":\"操作成功\",\"data\":null}', 0, '', '2021-11-20 14:29:23');
INSERT INTO `sys_oper_log` VALUES (271, '电子合同管理', 2, 'com.ruoyi.web.controller.system.HeContractController.edit()', 'PUT', 1, 'admin', '', '/system/contract', '127.0.0.1', '内网IP', '{\"searchValue\":null,\"createBy\":null,\"createTime\":null,\"updateBy\":null,\"updateTime\":null,\"remark\":null,\"id\":8,\"title\":\"qqqwe\",\"description\":\"qqqweq\",\"type\":\"租房\",\"belong\":1,\"ossUrl\":\"https://he-contract.oss-cn-guangzhou.aliyuncs.com/2021/11/19/a487ed784af3495c8d6936d6dcd31b1d.pdf\",\"ipfsHash\":\"qqqwewqdqw\",\"isLink\":0,\"isDelete\":0,\"state\":\"1\",\"pageSize\":null,\"pageNum\":null,\"orderByColumn\":null,\"isAsc\":null}', '{\"code\":200,\"msg\":\"操作成功\",\"data\":null}', 0, '', '2021-11-20 19:21:32');
INSERT INTO `sys_oper_log` VALUES (272, '电子合同管理', 2, 'com.ruoyi.web.controller.system.HeContractController.edit()', 'PUT', 1, 'admin', '', '/system/contract', '127.0.0.1', '内网IP', '{\"searchValue\":null,\"createBy\":null,\"createTime\":null,\"updateBy\":null,\"updateTime\":null,\"remark\":null,\"id\":8,\"title\":\"qqqwe\",\"description\":\"qqqweq\",\"type\":\"租房\",\"belong\":1,\"ossUrl\":\"https://he-contract.oss-cn-guangzhou.aliyuncs.com/2021/11/19/a487ed784af3495c8d6936d6dcd31b1d.pdf\",\"ipfsHash\":\"qqqwewqdqw\",\"isLink\":0,\"isDelete\":0,\"state\":\"0\",\"pageSize\":null,\"pageNum\":null,\"orderByColumn\":null,\"isAsc\":null}', '{\"code\":200,\"msg\":\"操作成功\",\"data\":null}', 0, '', '2021-11-20 19:22:14');
INSERT INTO `sys_oper_log` VALUES (273, '电子合同管理', 2, 'com.ruoyi.web.controller.system.HeContractController.edit()', 'PUT', 1, 'admin', '', '/system/contract', '127.0.0.1', '内网IP', '{\"searchValue\":null,\"createBy\":null,\"createTime\":null,\"updateBy\":null,\"updateTime\":null,\"remark\":null,\"id\":8,\"title\":\"qqqwe\",\"description\":\"qqqweq\",\"type\":\"租房\",\"belong\":1,\"ossUrl\":\"https://he-contract.oss-cn-guangzhou.aliyuncs.com/2021/11/19/a487ed784af3495c8d6936d6dcd31b1d.pdf\",\"ipfsHash\":\"qqqwewqdqw\",\"isLink\":0,\"isDelete\":0,\"state\":\"1\",\"pageSize\":null,\"pageNum\":null,\"orderByColumn\":null,\"isAsc\":null}', '{\"code\":200,\"msg\":\"操作成功\",\"data\":null}', 0, '', '2021-11-20 19:23:59');
INSERT INTO `sys_oper_log` VALUES (274, 'OSS对象存储', 1, 'com.ruoyi.web.controller.system.SysOssController.upload()', 'POST', 1, 'admin', '', '/system/oss/upload', '127.0.0.1', '内网IP', '', '{\"code\":200,\"msg\":\"操作成功\",\"data\":{\"url\":\"https://he-contract.oss-cn-guangzhou.aliyuncs.com/2021/11/20/f2c3b121809d4940b4dc50f4378a7fb7.pdf\",\"fileName\":\"2021/11/20/f2c3b121809d4940b4dc50f4378a7fb7.pdf\"}}', 0, '', '2021-11-20 19:59:59');
INSERT INTO `sys_oper_log` VALUES (275, '电子合同管理', 2, 'com.ruoyi.web.controller.system.HeContractController.edit()', 'PUT', 1, 'admin', '', '/system/contract', '127.0.0.1', '内网IP', '{\"searchValue\":null,\"createBy\":null,\"createTime\":null,\"updateBy\":null,\"updateTime\":null,\"remark\":null,\"id\":6,\"title\":\"qwdwqd\",\"description\":\"qwdwqd\",\"type\":\"租房\",\"belong\":1,\"ossUrl\":\"https://he-contract.oss-cn-guangzhou.aliyuncs.com/2021/11/20/f2c3b121809d4940b4dc50f4378a7fb7.pdf\",\"ipfsHash\":\"qdqw\",\"isLink\":0,\"isDelete\":0,\"state\":\"1\",\"pageSize\":null,\"pageNum\":null,\"orderByColumn\":null,\"isAsc\":null}', '{\"code\":200,\"msg\":\"操作成功\",\"data\":null}', 0, '', '2021-11-20 20:00:05');
INSERT INTO `sys_oper_log` VALUES (276, '电子合同管理', 2, 'com.ruoyi.web.controller.system.HeContractController.changeState()', 'PUT', 1, 'admin', '', '/system/contract/state/8/false', '127.0.0.1', '内网IP', '8 false', '{\"code\":200,\"msg\":\"操作成功\",\"data\":null}', 0, '', '2021-11-20 20:09:30');
INSERT INTO `sys_oper_log` VALUES (277, '电子合同管理', 2, 'com.ruoyi.web.controller.system.HeContractController.edit()', 'PUT', 1, 'admin', '', '/system/contract', '127.0.0.1', '内网IP', '{\"searchValue\":null,\"createBy\":null,\"createTime\":null,\"updateBy\":null,\"updateTime\":null,\"remark\":null,\"id\":8,\"title\":\"qqqwe\",\"description\":\"qqqweq\",\"type\":\"租房\",\"belong\":1,\"ossUrl\":\"https://he-contract.oss-cn-guangzhou.aliyuncs.com/2021/11/19/a487ed784af3495c8d6936d6dcd31b1d.pdf\",\"ipfsHash\":\"qqqwewqdqw\",\"isLink\":0,\"isDelete\":0,\"state\":\"1\",\"pageSize\":null,\"pageNum\":null,\"orderByColumn\":null,\"isAsc\":null}', '{\"code\":200,\"msg\":\"操作成功\",\"data\":null}', 0, '', '2021-11-20 20:11:54');
INSERT INTO `sys_oper_log` VALUES (278, '电子合同管理', 2, 'com.ruoyi.web.controller.system.HeContractController.changeState()', 'PUT', 1, 'admin', '', '/system/contract/state/8/false', '127.0.0.1', '内网IP', '8 false', '{\"code\":200,\"msg\":\"操作成功\",\"data\":null}', 0, '', '2021-11-20 20:11:59');
INSERT INTO `sys_oper_log` VALUES (279, '电子合同管理', 2, 'com.ruoyi.web.controller.system.HeContractController.changeState()', 'PUT', 1, 'admin', '', '/system/contract/state/6/false', '127.0.0.1', '内网IP', '6 false', '{\"code\":200,\"msg\":\"操作成功\",\"data\":null}', 0, '', '2021-11-20 20:19:16');
INSERT INTO `sys_oper_log` VALUES (280, '电子合同管理', 2, 'com.ruoyi.web.controller.system.HeContractController.changeState()', 'PUT', 1, 'admin', '', '/system/contract/state/8/true', '127.0.0.1', '内网IP', '8 true', '', 1, '', '2021-11-20 20:21:51');
INSERT INTO `sys_oper_log` VALUES (281, '电子合同管理', 2, 'com.ruoyi.web.controller.system.HeContractController.changeState()', 'PUT', 1, 'admin', '', '/system/contract/state/8/true', '127.0.0.1', '内网IP', '8 true', '', 1, '', '2021-11-20 20:29:32');
INSERT INTO `sys_oper_log` VALUES (282, '电子合同管理', 2, 'com.ruoyi.web.controller.system.HeContractController.changeState()', 'PUT', 1, 'admin', '', '/system/contract/state/8/true', '127.0.0.1', '内网IP', '8 true', '', 1, '', '2021-11-20 20:32:06');
INSERT INTO `sys_oper_log` VALUES (283, '电子合同管理', 2, 'com.ruoyi.web.controller.system.HeContractController.changeState()', 'PUT', 1, 'admin', '', '/system/contract/state/8/true', '127.0.0.1', '内网IP', '8 true', '', 1, '', '2021-11-20 20:44:38');
INSERT INTO `sys_oper_log` VALUES (284, '电子合同管理', 2, 'com.ruoyi.web.controller.system.HeContractController.changeState()', 'PUT', 1, 'admin', '', '/system/contract/state/8/true', '127.0.0.1', '内网IP', '8 true \"https://he-contract.oss-cn-guangzhou.aliyuncs.com/2021/11/19/a487ed784af3495c8d6936d6dcd31b1d.pdf\" \"https://he-contract.oss-cn-guangzhou.aliyuncs.com/2021/11/20/5507771a5495433799f3d87fc1518087.png\"', '{\"code\":200,\"msg\":\"操作成功\",\"data\":null}', 0, '', '2021-11-20 20:46:05');
INSERT INTO `sys_oper_log` VALUES (285, '电子合同管理', 2, 'com.ruoyi.web.controller.system.HeContractController.changeState()', 'PUT', 1, 'admin', '', '/system/contract/state/8/false', '127.0.0.1', '内网IP', '8 false', '{\"code\":500,\"msg\":\"操作失败\",\"data\":null}', 0, '', '2021-11-20 21:35:44');
INSERT INTO `sys_oper_log` VALUES (286, '电子合同管理', 2, 'com.ruoyi.web.controller.system.HeContractController.changeState()', 'PUT', 1, 'admin', '', '/system/contract/state/8/false', '127.0.0.1', '内网IP', '8 false', '{\"code\":500,\"msg\":\"操作失败\",\"data\":null}', 0, '', '2021-11-20 21:35:51');
INSERT INTO `sys_oper_log` VALUES (287, '电子合同管理', 2, 'com.ruoyi.web.controller.system.HeContractController.changeState()', 'PUT', 1, 'admin', '', '/system/contract/state/8/false', '127.0.0.1', '内网IP', '8 false', '{\"code\":500,\"msg\":\"操作失败\",\"data\":null}', 0, '', '2021-11-20 21:37:14');
INSERT INTO `sys_oper_log` VALUES (288, '电子合同管理', 2, 'com.ruoyi.web.controller.system.HeContractController.changeState()', 'PUT', 1, 'admin', '', '/system/contract/state/6/true', '127.0.0.1', '内网IP', '6 true \"https://he-contract.oss-cn-guangzhou.aliyuncs.com/2021/11/20/f2c3b121809d4940b4dc50f4378a7fb7.pdf\" \"https://he-contract.oss-cn-guangzhou.aliyuncs.com/2021/11/20/5507771a5495433799f3d87fc1518087.png\"', '{\"code\":200,\"msg\":\"操作成功\",\"data\":null}', 0, '', '2021-11-20 21:40:43');
INSERT INTO `sys_oper_log` VALUES (289, '电子合同管理', 2, 'com.ruoyi.web.controller.system.HeContractController.changeState()', 'PUT', 1, 'admin', '', '/system/contract/state/8/false', '127.0.0.1', '内网IP', '8 false', '{\"code\":200,\"msg\":\"操作成功\",\"data\":null}', 0, '', '2021-11-20 21:47:15');
INSERT INTO `sys_oper_log` VALUES (290, '电子合同管理', 2, 'com.ruoyi.web.controller.system.HeContractController.changeState()', 'PUT', 1, 'admin', '', '/system/contract/state/6/false', '127.0.0.1', '内网IP', '6 false', '{\"code\":200,\"msg\":\"操作成功\",\"data\":null}', 0, '', '2021-11-20 21:47:21');
INSERT INTO `sys_oper_log` VALUES (291, '电子合同管理', 2, 'com.ruoyi.web.controller.system.HeContractController.changeState()', 'PUT', 1, 'admin', '', '/system/contract/state/8/true', '127.0.0.1', '内网IP', '8 true \"https://he-contract.oss-cn-guangzhou.aliyuncs.com/2021/11/19/a487ed784af3495c8d6936d6dcd31b1d.pdf\" \"https://he-contract.oss-cn-guangzhou.aliyuncs.com/2021/11/20/5507771a5495433799f3d87fc1518087.png\"', '', 1, '上传文件失败，请检查阿里云配置信息:[返回结果无效，无法解析。\n[ErrorCode]: InvalidResponse\n[RequestId]: 6198FCF78D66F835323295CB\n[HostId]: null\n[ResponseError]:\n<?xml version=\"1.0\" encoding=\"UTF-8\"?>\n<Error>\n  <Code>InvalidObjectName</Code>\n  <Message>The specified object is not valid.</Message>\n  <RequestId>6198FCF78D66F835323295CB</RequestId>\n  <HostId>he-contract.oss-cn-guangzhou.aliyuncs.com</HostId>\n  <ObjectName>/2021/11/19/a487ed784af3495c8d6936d6dcd31b1d.pdf</ObjectName>\n</Error>\n]', '2021-11-20 21:49:45');
INSERT INTO `sys_oper_log` VALUES (292, '电子合同管理', 2, 'com.ruoyi.web.controller.system.HeContractController.changeState()', 'PUT', 1, 'admin', '', '/system/contract/state/8/true', '127.0.0.1', '内网IP', '8 true \"https://he-contract.oss-cn-guangzhou.aliyuncs.com/2021/11/19/a487ed784af3495c8d6936d6dcd31b1d.pdf\" \"https://he-contract.oss-cn-guangzhou.aliyuncs.com/2021/11/20/5507771a5495433799f3d87fc1518087.png\"', '{\"code\":200,\"msg\":\"操作成功\",\"data\":null}', 0, '', '2021-11-20 22:14:06');
INSERT INTO `sys_oper_log` VALUES (293, '电子合同管理', 2, 'com.ruoyi.web.controller.system.HeContractController.changeState()', 'PUT', 1, 'admin', '', '/system/contract/state/8/false', '127.0.0.1', '内网IP', '8 false', '{\"code\":200,\"msg\":\"操作成功\",\"data\":null}', 0, '', '2021-11-20 22:14:35');
INSERT INTO `sys_oper_log` VALUES (294, '电子合同管理', 2, 'com.ruoyi.web.controller.system.HeContractController.changeState()', 'PUT', 1, 'admin', '', '/system/contract/state/8/true', '127.0.0.1', '内网IP', '8 true \"https://he-contract.oss-cn-guangzhou.aliyuncs.com/2021/11/19/a487ed784af3495c8d6936d6dcd31b1d.pdf\" \"\"', '{\"code\":200,\"msg\":\"操作成功\",\"data\":null}', 0, '', '2021-11-20 22:14:49');
INSERT INTO `sys_oper_log` VALUES (295, '电子合同管理', 2, 'com.ruoyi.web.controller.system.HeContractController.changeState()', 'PUT', 1, 'admin', '', '/system/contract/state/8/false', '127.0.0.1', '内网IP', '8 false', '{\"code\":200,\"msg\":\"操作成功\",\"data\":null}', 0, '', '2021-11-20 22:17:47');
INSERT INTO `sys_oper_log` VALUES (296, '电子合同管理', 2, 'com.ruoyi.web.controller.system.HeContractController.changeState()', 'PUT', 1, 'admin', '', '/system/contract/state/8/true', '127.0.0.1', '内网IP', '8 true \"https://he-contract.oss-cn-guangzhou.aliyuncs.com/2021/11/19/a487ed784af3495c8d6936d6dcd31b1d.pdf\" \"\"', '{\"code\":200,\"msg\":\"操作成功\",\"data\":null}', 0, '', '2021-11-20 22:18:37');
INSERT INTO `sys_oper_log` VALUES (297, '电子合同管理', 2, 'com.ruoyi.web.controller.system.HeContractController.changeState()', 'PUT', 1, 'admin', '', '/system/contract/state/8/false', '127.0.0.1', '内网IP', '8 false', '{\"code\":200,\"msg\":\"操作成功\",\"data\":null}', 0, '', '2021-11-20 22:18:55');
INSERT INTO `sys_oper_log` VALUES (298, '电子合同管理', 2, 'com.ruoyi.web.controller.system.HeContractController.changeState()', 'PUT', 1, 'admin', '', '/system/contract/state/8/true', '127.0.0.1', '内网IP', '8 true \"https://he-contract.oss-cn-guangzhou.aliyuncs.com/2021/11/19/a487ed784af3495c8d6936d6dcd31b1d.pdf\" \"\"', '{\"code\":200,\"msg\":\"操作成功\",\"data\":null}', 0, '', '2021-11-20 22:19:00');
INSERT INTO `sys_oper_log` VALUES (299, '电子合同管理', 2, 'com.ruoyi.web.controller.system.HeContractController.changeState()', 'PUT', 1, 'admin', '', '/system/contract/state/8/false', '127.0.0.1', '内网IP', '8 false', '{\"code\":200,\"msg\":\"操作成功\",\"data\":null}', 0, '', '2021-11-20 22:23:09');
INSERT INTO `sys_oper_log` VALUES (300, '电子合同管理', 2, 'com.ruoyi.web.controller.system.HeContractController.changeState()', 'PUT', 1, 'admin', '', '/system/contract/state/8/true', '127.0.0.1', '内网IP', '8 true \"https://he-contract.oss-cn-guangzhou.aliyuncs.com/2021/11/19/a487ed784af3495c8d6936d6dcd31b1d.pdf\" \"https://he-contract.oss-cn-guangzhou.aliyuncs.com/2021/11/20/5507771a5495433799f3d87fc1518087.png\"', '{\"code\":200,\"msg\":\"操作成功\",\"data\":null}', 0, '', '2021-11-20 22:23:18');
INSERT INTO `sys_oper_log` VALUES (301, '电子合同管理', 2, 'com.ruoyi.web.controller.system.HeContractController.changeState()', 'PUT', 1, 'admin', '', '/system/contract/state/6/true', '127.0.0.1', '内网IP', '6 true \"https://he-contract.oss-cn-guangzhou.aliyuncs.com/2021/11/20/f2c3b121809d4940b4dc50f4378a7fb7.pdf\" \"https://he-contract.oss-cn-guangzhou.aliyuncs.com/2021/11/20/5507771a5495433799f3d87fc1518087.png\"', '{\"code\":200,\"msg\":\"操作成功\",\"data\":null}', 0, '', '2021-11-21 15:59:46');
INSERT INTO `sys_oper_log` VALUES (302, '电子合同管理', 2, 'com.ruoyi.web.controller.system.HeContractController.edit()', 'PUT', 1, 'admin', '', '/system/contract', '127.0.0.1', '内网IP', '{\"searchValue\":null,\"createBy\":null,\"createTime\":null,\"updateBy\":null,\"updateTime\":null,\"remark\":null,\"id\":4,\"title\":\"音乐著作权授权使用协议-知识产权\",\"description\":\"音乐著作权授权使用协议-知识产权\",\"type\":\"知识产权\",\"belong\":1,\"ossUrl\":\"https://he-contract.oss-cn-guangzhou.aliyuncs.com/2021/11/18/5000ae7a73584df7bd686f3d41d8a106.pdf\",\"ipfsHash\":\"dwqdqf12123\",\"isLink\":0,\"isDelete\":0,\"state\":\"1\",\"pageSize\":null,\"pageNum\":null,\"orderByColumn\":null,\"isAsc\":null}', '{\"code\":200,\"msg\":\"操作成功\",\"data\":null}', 0, '', '2021-11-21 16:00:51');
INSERT INTO `sys_oper_log` VALUES (303, 'OSS对象存储', 1, 'com.ruoyi.web.controller.system.SysOssController.upload()', 'POST', 1, 'admin', '', '/system/oss/upload', '127.0.0.1', '内网IP', '', '{\"code\":200,\"msg\":\"操作成功\",\"data\":{\"url\":\"https://he-contract.oss-cn-guangzhou.aliyuncs.com/2021/11/21/c085a16f9d3a4d3396c487816f0e0cbd.png\",\"fileName\":\"2021/11/21/c085a16f9d3a4d3396c487816f0e0cbd.png\"}}', 0, '', '2021-11-21 16:06:27');
INSERT INTO `sys_oper_log` VALUES (304, '印章管理', 1, 'com.ruoyi.web.controller.system.HeSealController.add()', 'POST', 1, 'admin', '', '/system/seal', '127.0.0.1', '内网IP', '{\"searchValue\":null,\"createBy\":null,\"createTime\":null,\"updateBy\":null,\"updateTime\":null,\"remark\":null,\"id\":4,\"title\":\"计科二班公章\",\"ossUrl\":\"https://he-contract.oss-cn-guangzhou.aliyuncs.com/2021/11/21/c085a16f9d3a4d3396c487816f0e0cbd.png\",\"ipfsHash\":\"qdwqd\",\"belong\":1,\"isLink\":null,\"isDelete\":null,\"state\":\"2\",\"pageSize\":null,\"pageNum\":null,\"orderByColumn\":null,\"isAsc\":null}', '{\"code\":200,\"msg\":\"操作成功\",\"data\":null}', 0, '', '2021-11-21 16:06:36');
INSERT INTO `sys_oper_log` VALUES (305, '印章管理', 2, 'com.ruoyi.web.controller.system.HeSealController.edit()', 'PUT', 1, 'admin', '', '/system/seal', '127.0.0.1', '内网IP', '{\"searchValue\":null,\"createBy\":null,\"createTime\":null,\"updateBy\":null,\"updateTime\":null,\"remark\":null,\"id\":4,\"title\":\"计科二班公章\",\"ossUrl\":\"https://he-contract.oss-cn-guangzhou.aliyuncs.com/2021/11/21/c085a16f9d3a4d3396c487816f0e0cbd.png\",\"ipfsHash\":\"qdwqd\",\"belong\":1,\"isLink\":0,\"isDelete\":0,\"state\":\"2\",\"pageSize\":null,\"pageNum\":null,\"orderByColumn\":null,\"isAsc\":null}', '{\"code\":200,\"msg\":\"操作成功\",\"data\":null}', 0, '', '2021-11-21 16:06:56');
INSERT INTO `sys_oper_log` VALUES (306, '印章管理', 2, 'com.ruoyi.web.controller.system.HeSealController.edit()', 'PUT', 1, 'admin', '', '/system/seal', '127.0.0.1', '内网IP', '{\"searchValue\":null,\"createBy\":null,\"createTime\":null,\"updateBy\":null,\"updateTime\":null,\"remark\":null,\"id\":2,\"title\":\"华软公章\",\"ossUrl\":\"https://he-contract.oss-cn-guangzhou.aliyuncs.com/2021/11/20/5507771a5495433799f3d87fc1518087.png\",\"ipfsHash\":\"djnqowhf7912y4\",\"belong\":1,\"isLink\":0,\"isDelete\":0,\"state\":\"2\",\"pageSize\":null,\"pageNum\":null,\"orderByColumn\":null,\"isAsc\":null}', '{\"code\":200,\"msg\":\"操作成功\",\"data\":null}', 0, '', '2021-11-21 16:07:04');
INSERT INTO `sys_oper_log` VALUES (307, '电子合同管理', 2, 'com.ruoyi.web.controller.system.HeContractController.changeState()', 'PUT', 1, 'admin', '', '/system/contract/state/4/true', '127.0.0.1', '内网IP', '4 true \"https://he-contract.oss-cn-guangzhou.aliyuncs.com/2021/11/18/5000ae7a73584df7bd686f3d41d8a106.pdf\" \"https://he-contract.oss-cn-guangzhou.aliyuncs.com/2021/11/21/c085a16f9d3a4d3396c487816f0e0cbd.png\"', '{\"code\":200,\"msg\":\"操作成功\",\"data\":null}', 0, '', '2021-11-21 16:09:20');
INSERT INTO `sys_oper_log` VALUES (308, 'OSS对象存储', 1, 'com.ruoyi.web.controller.system.SysOssController.upload()', 'POST', 1, 'admin', '', '/system/oss/upload', '127.0.0.1', '内网IP', '', '{\"code\":200,\"msg\":\"操作成功\",\"data\":{\"url\":\"https://he-contract.oss-cn-guangzhou.aliyuncs.com/2021/11/21/1d0ba309029f481bbf73fb61b9ff13d5.docx\",\"fileName\":\"2021/11/21/1d0ba309029f481bbf73fb61b9ff13d5.docx\"}}', 0, '', '2021-11-21 17:06:05');
INSERT INTO `sys_oper_log` VALUES (309, '电子合同模板管理', 2, 'com.ruoyi.web.controller.system.HeContractTemplateController.edit()', 'PUT', 1, 'admin', '', '/system/contractTemplate', '127.0.0.1', '内网IP', '{\"searchValue\":null,\"createBy\":null,\"createTime\":null,\"updateBy\":null,\"updateTime\":null,\"remark\":null,\"id\":2,\"title\":\"员工竞业限制和保密协议\",\"ossUrl\":\"https://he-contract.oss-cn-guangzhou.aliyuncs.com/2021/11/21/1d0ba309029f481bbf73fb61b9ff13d5.docx\",\"description\":\"鉴于乙方在甲方任职期间，接触、知悉甲方的若干商业秘密；鉴于乙方即将同甲方终止或解除劳动关系（包括但不仅限于劳动合同到期、离退休、调动、辞职、辞退、自动离职、除名等，以下简称离职），为保护双方的合法权益，明确双方各自的权利义务，现就乙方离职以后有关保密及竞业限制等事项，双方签订如下协议，以共同信守：\",\"type\":\"劳动人事\",\"isDelete\":0,\"pageSize\":null,\"pageNum\":null,\"orderByColumn\":null,\"isAsc\":null}', '{\"code\":200,\"msg\":\"操作成功\",\"data\":null}', 0, '', '2021-11-21 17:06:11');
INSERT INTO `sys_oper_log` VALUES (310, 'OSS对象存储', 1, 'com.ruoyi.web.controller.system.SysOssController.upload()', 'POST', 1, 'admin', '', '/system/oss/upload', '127.0.0.1', '内网IP', '', '{\"code\":200,\"msg\":\"操作成功\",\"data\":{\"url\":\"https://he-contract.oss-cn-guangzhou.aliyuncs.com/2021/11/21/1e2c17aa284543358c03a1e99bdfa32d.doc\",\"fileName\":\"2021/11/21/1e2c17aa284543358c03a1e99bdfa32d.doc\"}}', 0, '', '2021-11-21 17:19:25');
INSERT INTO `sys_oper_log` VALUES (311, '电子合同模板管理', 2, 'com.ruoyi.web.controller.system.HeContractTemplateController.edit()', 'PUT', 1, 'admin', '', '/system/contractTemplate', '127.0.0.1', '内网IP', '{\"searchValue\":null,\"createBy\":null,\"createTime\":null,\"updateBy\":null,\"updateTime\":null,\"remark\":null,\"id\":3,\"title\":\"计算机软件使用许可合同\",\"ossUrl\":\"https://he-contract.oss-cn-guangzhou.aliyuncs.com/2021/11/21/1e2c17aa284543358c03a1e99bdfa32d.doc\",\"description\":\"乙方开发、生产相应的软件产品，并拥有该等软件产品的计算机软件著作权；\\n\\t甲方希望获得乙方开发、生产的软件的使用许可，乙方同意授予甲方该等软件的使用许可。\",\"type\":\"知识产权\",\"isDelete\":0,\"pageSize\":null,\"pageNum\":null,\"orderByColumn\":null,\"isAsc\":null}', '{\"code\":200,\"msg\":\"操作成功\",\"data\":null}', 0, '', '2021-11-21 17:19:27');
INSERT INTO `sys_oper_log` VALUES (312, '电子合同管理', 2, 'com.ruoyi.web.controller.system.HeContractController.changeState()', 'PUT', 1, 'admin', '', '/system/contract/state/8/true', '127.0.0.1', '内网IP', '8 true \"https://he-contract.oss-cn-guangzhou.aliyuncs.com/2021/11/19/a487ed784af3495c8d6936d6dcd31b1d.pdf\" \"\"', '{\"code\":200,\"msg\":\"操作成功\",\"data\":null}', 0, '', '2021-11-22 19:43:14');
INSERT INTO `sys_oper_log` VALUES (313, '电子合同管理', 2, 'com.ruoyi.web.controller.system.HeContractController.changeState()', 'PUT', 1, 'admin', '', '/system/contract/state/6/true', '127.0.0.1', '内网IP', '6 true \"https://he-contract.oss-cn-guangzhou.aliyuncs.com/2021/11/20/f2c3b121809d4940b4dc50f4378a7fb7.pdf\" \"\"', '', 1, '', '2021-11-23 18:50:54');
INSERT INTO `sys_oper_log` VALUES (314, '电子合同管理', 2, 'com.ruoyi.web.controller.system.HeContractController.changeState()', 'PUT', 1, 'admin', '', '/system/contract/state/6/true', '127.0.0.1', '内网IP', '6 true \"https://he-contract.oss-cn-guangzhou.aliyuncs.com/2021/11/20/f2c3b121809d4940b4dc50f4378a7fb7.pdf\" \"https://he-contract.oss-cn-guangzhou.aliyuncs.com/2021/11/20/5507771a5495433799f3d87fc1518087.png\"', '', 1, '', '2021-11-23 18:55:41');
INSERT INTO `sys_oper_log` VALUES (315, '电子合同管理', 2, 'com.ruoyi.web.controller.system.HeContractController.changeState()', 'PUT', 1, 'admin', '', '/system/contract/state/6/true', '127.0.0.1', '内网IP', '6 true \"https://he-contract.oss-cn-guangzhou.aliyuncs.com/2021/11/20/f2c3b121809d4940b4dc50f4378a7fb7.pdf\" \"https://he-contract.oss-cn-guangzhou.aliyuncs.com/2021/11/20/5507771a5495433799f3d87fc1518087.png\"', '', 1, '', '2021-11-23 20:14:44');
INSERT INTO `sys_oper_log` VALUES (316, '电子合同管理', 2, 'com.ruoyi.web.controller.system.HeContractController.changeState()', 'PUT', 1, 'admin', '', '/system/contract/state/6/true', '127.0.0.1', '内网IP', '6 true \"https://he-contract.oss-cn-guangzhou.aliyuncs.com/2021/11/20/f2c3b121809d4940b4dc50f4378a7fb7.pdf\" \"https://he-contract.oss-cn-guangzhou.aliyuncs.com/2021/11/20/5507771a5495433799f3d87fc1518087.png\"', '', 1, '', '2021-11-23 20:28:41');
INSERT INTO `sys_oper_log` VALUES (317, '电子合同管理', 2, 'com.ruoyi.web.controller.system.HeContractController.changeState()', 'PUT', 1, 'admin', '', '/system/contract/state/6/true', '127.0.0.1', '内网IP', '6 true \"https://he-contract.oss-cn-guangzhou.aliyuncs.com/2021/11/20/f2c3b121809d4940b4dc50f4378a7fb7.pdf\" \"https://he-contract.oss-cn-guangzhou.aliyuncs.com/2021/11/20/5507771a5495433799f3d87fc1518087.png\"', '', 1, '', '2021-11-23 21:11:28');
INSERT INTO `sys_oper_log` VALUES (318, '电子合同管理', 2, 'com.ruoyi.web.controller.system.HeContractController.changeState()', 'PUT', 1, 'admin', '', '/system/contract/state/6/true', '127.0.0.1', '内网IP', '6 true \"https://he-contract.oss-cn-guangzhou.aliyuncs.com/2021/11/20/f2c3b121809d4940b4dc50f4378a7fb7.pdf\" \"\"', '', 1, '', '2021-11-23 21:33:22');
INSERT INTO `sys_oper_log` VALUES (319, '电子合同管理', 2, 'com.ruoyi.web.controller.system.HeContractController.changeState()', 'PUT', 1, 'admin', '', '/system/contract/state/6/true', '127.0.0.1', '内网IP', '6 true \"https://he-contract.oss-cn-guangzhou.aliyuncs.com/2021/11/20/f2c3b121809d4940b4dc50f4378a7fb7.pdf\" \"https://he-contract.oss-cn-guangzhou.aliyuncs.com/2021/11/20/5507771a5495433799f3d87fc1518087.png\"', '', 1, '', '2021-11-23 21:36:06');
INSERT INTO `sys_oper_log` VALUES (320, '电子合同管理', 2, 'com.ruoyi.web.controller.system.HeContractController.changeState()', 'PUT', 1, 'admin', '', '/system/contract/state/6/true', '127.0.0.1', '内网IP', '6 true \"https://he-contract.oss-cn-guangzhou.aliyuncs.com/2021/11/20/f2c3b121809d4940b4dc50f4378a7fb7.pdf\" \"https://he-contract.oss-cn-guangzhou.aliyuncs.com/2021/11/20/5507771a5495433799f3d87fc1518087.png\"', '', 1, '', '2021-11-23 21:38:42');
INSERT INTO `sys_oper_log` VALUES (321, '电子合同管理', 2, 'com.ruoyi.web.controller.system.HeContractController.changeState()', 'PUT', 1, 'admin', '', '/system/contract/state/6/true', '127.0.0.1', '内网IP', '6 true \"https://he-contract.oss-cn-guangzhou.aliyuncs.com/2021/11/20/f2c3b121809d4940b4dc50f4378a7fb7.pdf\" \"https://he-contract.oss-cn-guangzhou.aliyuncs.com/2021/11/20/5507771a5495433799f3d87fc1518087.png\"', '', 1, '', '2021-11-24 15:14:49');
INSERT INTO `sys_oper_log` VALUES (322, '电子合同管理', 2, 'com.ruoyi.web.controller.system.HeContractController.changeState()', 'PUT', 1, 'admin', '', '/system/contract/state/6/true', '127.0.0.1', '内网IP', '6 true \"https://he-contract.oss-cn-guangzhou.aliyuncs.com/2021/11/20/f2c3b121809d4940b4dc50f4378a7fb7.pdf\" \"https://he-contract.oss-cn-guangzhou.aliyuncs.com/2021/11/20/5507771a5495433799f3d87fc1518087.png\"', '{\"code\":200,\"msg\":\"操作成功\",\"data\":null}', 0, '', '2021-11-24 15:48:36');
INSERT INTO `sys_oper_log` VALUES (323, '电子合同管理', 2, 'com.ruoyi.web.controller.system.HeContractController.changeState()', 'PUT', 1, 'admin', '', '/system/contract/state/4/true', '127.0.0.1', '内网IP', '4 true \"https://he-contract.oss-cn-guangzhou.aliyuncs.com/2021/11/18/5000ae7a73584df7bd686f3d41d8a106.pdf\" \"https://he-contract.oss-cn-guangzhou.aliyuncs.com/2021/11/21/c085a16f9d3a4d3396c487816f0e0cbd.png\"', '', 1, '', '2021-11-24 16:16:03');
INSERT INTO `sys_oper_log` VALUES (324, '电子合同管理', 2, 'com.ruoyi.web.controller.system.HeContractController.changeState()', 'PUT', 1, 'admin', '', '/system/contract/state/4/true', '127.0.0.1', '内网IP', '4 true \"https://he-contract.oss-cn-guangzhou.aliyuncs.com/2021/11/18/5000ae7a73584df7bd686f3d41d8a106.pdf\" \"https://he-contract.oss-cn-guangzhou.aliyuncs.com/2021/11/21/c085a16f9d3a4d3396c487816f0e0cbd.png\"', '', 1, '', '2021-11-24 16:25:16');
INSERT INTO `sys_oper_log` VALUES (325, '电子合同管理', 2, 'com.ruoyi.web.controller.system.HeContractController.changeState()', 'PUT', 1, 'admin', '', '/system/contract/state/4/true', '127.0.0.1', '内网IP', '4 true \"https://he-contract.oss-cn-guangzhou.aliyuncs.com/2021/11/18/5000ae7a73584df7bd686f3d41d8a106.pdf\" \"https://he-contract.oss-cn-guangzhou.aliyuncs.com/2021/11/21/c085a16f9d3a4d3396c487816f0e0cbd.png\"', '{\"code\":200,\"msg\":\"操作成功\",\"data\":null}', 0, '', '2021-11-24 16:34:00');
INSERT INTO `sys_oper_log` VALUES (326, 'OSS对象存储', 1, 'com.ruoyi.web.controller.system.SysOssController.upload()', 'POST', 1, 'admin', '', '/system/oss/upload', '127.0.0.1', '内网IP', '', '{\"code\":200,\"msg\":\"操作成功\",\"data\":{\"url\":\"https://he-contract.oss-cn-guangzhou.aliyuncs.com/2021/11/27/94ab4b445b6542a8a7c2c5a283c8be2a.pdf\",\"fileName\":\"2021/11/27/94ab4b445b6542a8a7c2c5a283c8be2a.pdf\"}}', 0, '', '2021-11-27 22:52:38');
INSERT INTO `sys_oper_log` VALUES (327, 'OSS对象存储', 1, 'com.ruoyi.web.controller.system.SysOssController.upload()', 'POST', 1, 'admin', '', '/system/oss/upload', '127.0.0.1', '内网IP', '', '{\"code\":200,\"msg\":\"操作成功\",\"data\":{\"url\":\"https://he-contract.oss-cn-guangzhou.aliyuncs.com/2021/11/27/862489a760d041c184a9303fc8f3dff0.pdf\",\"fileName\":\"2021/11/27/862489a760d041c184a9303fc8f3dff0.pdf\"}}', 0, '', '2021-11-27 22:55:35');
INSERT INTO `sys_oper_log` VALUES (328, 'OSS对象存储', 1, 'com.ruoyi.web.controller.system.SysOssController.upload()', 'POST', 1, 'admin', '', '/system/oss/upload', '127.0.0.1', '内网IP', '', '{\"code\":200,\"msg\":\"操作成功\",\"data\":{\"url\":\"https://he-contract.oss-cn-guangzhou.aliyuncs.com/2021/11/27/96dcc0dc11f446459262c7e397df00d0.pdf\",\"fileName\":\"2021/11/27/96dcc0dc11f446459262c7e397df00d0.pdf\"}}', 0, '', '2021-11-27 23:08:57');
INSERT INTO `sys_oper_log` VALUES (329, 'OSS对象存储', 1, 'com.ruoyi.web.controller.system.SysOssController.upload()', 'POST', 1, 'admin', '', '/system/oss/upload', '127.0.0.1', '内网IP', '', '{\"code\":200,\"msg\":\"操作成功\",\"data\":{\"url\":\"https://he-contract.oss-cn-guangzhou.aliyuncs.com/2021/11/27/fa2a8741e13b4a0c8688167c26603ed6.pdf\",\"fileName\":\"2021/11/27/fa2a8741e13b4a0c8688167c26603ed6.pdf\"}}', 0, '', '2021-11-27 23:16:44');
INSERT INTO `sys_oper_log` VALUES (330, 'OSS对象存储', 1, 'com.ruoyi.web.controller.system.SysOssController.upload()', 'POST', 1, 'admin', '', '/system/oss/upload', '127.0.0.1', '内网IP', '', '{\"code\":200,\"msg\":\"操作成功\",\"data\":{\"url\":\"https://he-contract.oss-cn-guangzhou.aliyuncs.com/2021/11/27/6a50541d1494426cab053002e0f5b9f8.pdf\",\"fileName\":\"2021/11/27/6a50541d1494426cab053002e0f5b9f8.pdf\"}}', 0, '', '2021-11-27 23:19:07');
INSERT INTO `sys_oper_log` VALUES (331, 'OSS对象存储', 1, 'com.ruoyi.web.controller.system.SysOssController.upload()', 'POST', 1, 'admin', '', '/system/oss/upload', '127.0.0.1', '内网IP', '', '{\"code\":200,\"msg\":\"操作成功\",\"data\":{\"url\":\"https://he-contract.oss-cn-guangzhou.aliyuncs.com/2021/11/27/56d62e44a4ad4d3facf36d2f97110e6b.pdf\",\"fileName\":\"2021/11/27/56d62e44a4ad4d3facf36d2f97110e6b.pdf\"}}', 0, '', '2021-11-27 23:20:03');
INSERT INTO `sys_oper_log` VALUES (332, 'OSS对象存储', 1, 'com.ruoyi.web.controller.system.SysOssController.upload()', 'POST', 1, 'admin', '', '/system/oss/upload', '127.0.0.1', '内网IP', '', '{\"code\":200,\"msg\":\"操作成功\",\"data\":{\"url\":\"https://he-contract.oss-cn-guangzhou.aliyuncs.com/2021/11/27/3a520a58ed814ba4bfa9572541e8f550.pdf\",\"fileName\":\"2021/11/27/3a520a58ed814ba4bfa9572541e8f550.pdf\"}}', 0, '', '2021-11-27 23:25:19');
INSERT INTO `sys_oper_log` VALUES (333, 'OSS对象存储', 1, 'com.ruoyi.web.controller.system.SysOssController.upload()', 'POST', 1, 'admin', '', '/system/oss/upload', '127.0.0.1', '内网IP', '', '{\"code\":200,\"msg\":\"操作成功\",\"data\":{\"url\":\"https://he-contract.oss-cn-guangzhou.aliyuncs.com/2021/11/27/529910184a1b4ba09ae8feccf3bd4d6e.pdf\",\"fileName\":\"2021/11/27/529910184a1b4ba09ae8feccf3bd4d6e.pdf\"}}', 0, '', '2021-11-27 23:30:57');
INSERT INTO `sys_oper_log` VALUES (334, 'OSS对象存储', 1, 'com.ruoyi.web.controller.system.SysOssController.upload()', 'POST', 1, 'admin', '', '/system/oss/upload', '127.0.0.1', '内网IP', '', '{\"code\":200,\"msg\":\"操作成功\",\"data\":{\"url\":\"https://he-contract.oss-cn-guangzhou.aliyuncs.com/2021/11/27/695f783cc9504bc193b34a2cba54efec.pdf\",\"fileName\":\"2021/11/27/695f783cc9504bc193b34a2cba54efec.pdf\"}}', 0, '', '2021-11-27 23:32:39');
INSERT INTO `sys_oper_log` VALUES (335, 'OSS对象存储', 1, 'com.ruoyi.web.controller.system.SysOssController.upload()', 'POST', 1, 'admin', '', '/system/oss/upload', '127.0.0.1', '内网IP', '', '{\"code\":200,\"msg\":\"操作成功\",\"data\":{\"url\":\"https://he-contract.oss-cn-guangzhou.aliyuncs.com/2021/11/27/63f6b14b17cf40249d773ee26f15f99f.pdf\",\"fileName\":\"2021/11/27/63f6b14b17cf40249d773ee26f15f99f.pdf\"}}', 0, '', '2021-11-27 23:34:12');
INSERT INTO `sys_oper_log` VALUES (336, 'OSS对象存储', 1, 'com.ruoyi.web.controller.system.SysOssController.upload()', 'POST', 1, 'admin', '', '/system/oss/upload', '127.0.0.1', '内网IP', '', '{\"code\":200,\"msg\":\"操作成功\",\"data\":{\"url\":\"https://he-contract.oss-cn-guangzhou.aliyuncs.com/2021/11/27/fea471427bba4d4ea5f2474a171c1641.pdf\",\"fileName\":\"2021/11/27/fea471427bba4d4ea5f2474a171c1641.pdf\"}}', 0, '', '2021-11-27 23:37:01');
INSERT INTO `sys_oper_log` VALUES (337, 'OSS对象存储', 1, 'com.ruoyi.web.controller.system.SysOssController.upload()', 'POST', 1, 'admin', '', '/system/oss/upload', '127.0.0.1', '内网IP', '', '{\"code\":200,\"msg\":\"操作成功\",\"data\":{\"url\":\"https://he-contract.oss-cn-guangzhou.aliyuncs.com/2021/11/27/b2a0ab5f997c47d9b7f9c50489253aca.pdf\",\"fileName\":\"2021/11/27/b2a0ab5f997c47d9b7f9c50489253aca.pdf\"}}', 0, '', '2021-11-27 23:39:39');
INSERT INTO `sys_oper_log` VALUES (338, 'OSS对象存储', 1, 'com.ruoyi.web.controller.system.SysOssController.upload()', 'POST', 1, 'admin', '', '/system/oss/upload', '127.0.0.1', '内网IP', '', '{\"code\":200,\"msg\":\"操作成功\",\"data\":{\"url\":\"https://he-contract.oss-cn-guangzhou.aliyuncs.com/2021/11/27/7ea921916a1c4123836c8d326ee82fe0.pdf\",\"fileName\":\"2021/11/27/7ea921916a1c4123836c8d326ee82fe0.pdf\"}}', 0, '', '2021-11-27 23:41:20');
INSERT INTO `sys_oper_log` VALUES (339, 'OSS对象存储', 1, 'com.ruoyi.web.controller.system.SysOssController.upload()', 'POST', 1, 'admin', '', '/system/oss/upload', '127.0.0.1', '内网IP', '', '{\"code\":200,\"msg\":\"操作成功\",\"data\":{\"url\":\"https://he-contract.oss-cn-guangzhou.aliyuncs.com/2021/11/27/cdd515e4c4364908bd0962e3b1d41a79.pdf\",\"fileName\":\"2021/11/27/cdd515e4c4364908bd0962e3b1d41a79.pdf\"}}', 0, '', '2021-11-27 23:42:11');
INSERT INTO `sys_oper_log` VALUES (340, 'OSS对象存储', 1, 'com.ruoyi.web.controller.system.SysOssController.upload()', 'POST', 1, 'admin', '', '/system/oss/upload', '127.0.0.1', '内网IP', '', '{\"code\":200,\"msg\":\"操作成功\",\"data\":{\"url\":\"https://he-contract.oss-cn-guangzhou.aliyuncs.com/2021/11/27/b95122500c91402da7aa15124a278b91.pdf\",\"fileName\":\"2021/11/27/b95122500c91402da7aa15124a278b91.pdf\"}}', 0, '', '2021-11-27 23:42:36');
INSERT INTO `sys_oper_log` VALUES (341, 'OSS对象存储', 1, 'com.ruoyi.web.controller.system.SysOssController.upload()', 'POST', 1, 'admin', '', '/system/oss/upload', '127.0.0.1', '内网IP', '', '{\"code\":200,\"msg\":\"操作成功\",\"data\":{\"url\":\"https://he-contract.oss-cn-guangzhou.aliyuncs.com/2021/11/27/2a53e6223ec4473b9357bab9554dc30e.pdf\",\"fileName\":\"2021/11/27/2a53e6223ec4473b9357bab9554dc30e.pdf\"}}', 0, '', '2021-11-27 23:54:57');
INSERT INTO `sys_oper_log` VALUES (342, 'OSS对象存储', 1, 'com.ruoyi.web.controller.system.SysOssController.upload()', 'POST', 1, 'admin', '', '/system/oss/upload', '127.0.0.1', '内网IP', '', '{\"code\":200,\"msg\":\"操作成功\",\"data\":{\"url\":\"https://he-contract.oss-cn-guangzhou.aliyuncs.com/2021/11/27/b7cd6ce19d774113af62eae52199d20d.pdf\",\"fileName\":\"2021/11/27/b7cd6ce19d774113af62eae52199d20d.pdf\"}}', 0, '', '2021-11-27 23:55:40');
INSERT INTO `sys_oper_log` VALUES (343, 'OSS对象存储', 1, 'com.ruoyi.web.controller.system.SysOssController.upload()', 'POST', 1, 'admin', '', '/system/oss/upload', '127.0.0.1', '内网IP', '', '{\"code\":200,\"msg\":\"操作成功\",\"data\":{\"url\":\"https://he-contract.oss-cn-guangzhou.aliyuncs.com/2021/11/28/19dfb4c6cf154c3898984f073930fcee.pdf\",\"fileName\":\"2021/11/28/19dfb4c6cf154c3898984f073930fcee.pdf\"}}', 0, '', '2021-11-28 00:00:58');
INSERT INTO `sys_oper_log` VALUES (344, 'OSS对象存储', 1, 'com.ruoyi.web.controller.system.SysOssController.upload()', 'POST', 1, 'admin', '', '/system/oss/upload', '127.0.0.1', '内网IP', '', '{\"code\":200,\"msg\":\"操作成功\",\"data\":{\"url\":\"https://he-contract.oss-cn-guangzhou.aliyuncs.com/2021/11/28/fdc0e30eb5444bd39d69b5930f8968af.pdf\",\"fileName\":\"2021/11/28/fdc0e30eb5444bd39d69b5930f8968af.pdf\"}}', 0, '', '2021-11-28 00:04:01');
INSERT INTO `sys_oper_log` VALUES (345, 'OSS对象存储', 1, 'com.ruoyi.web.controller.system.SysOssController.upload()', 'POST', 1, 'admin', '', '/system/oss/upload', '127.0.0.1', '内网IP', '', '{\"code\":200,\"msg\":\"操作成功\",\"data\":{\"url\":\"https://he-contract.oss-cn-guangzhou.aliyuncs.com/2021/11/28/3d2c3e21da784b69b6d76da65aa4eba0.pdf\",\"fileName\":\"2021/11/28/3d2c3e21da784b69b6d76da65aa4eba0.pdf\"}}', 0, '', '2021-11-28 00:05:02');
INSERT INTO `sys_oper_log` VALUES (346, 'OSS对象存储', 1, 'com.ruoyi.web.controller.system.SysOssController.upload()', 'POST', 1, 'admin', '', '/system/oss/upload', '127.0.0.1', '内网IP', '', '{\"code\":200,\"msg\":\"操作成功\",\"data\":{\"url\":\"https://he-contract.oss-cn-guangzhou.aliyuncs.com/2021/11/28/ad2859ba1f4e4ab6814a859857aa358e.pdf\",\"fileName\":\"2021/11/28/ad2859ba1f4e4ab6814a859857aa358e.pdf\"}}', 0, '', '2021-11-28 00:07:15');
INSERT INTO `sys_oper_log` VALUES (347, '电子合同管理', 1, 'com.ruoyi.web.controller.system.HeContractController.add()', 'POST', 1, 'admin', '', '/system/contract', '0:0:0:0:0:0:0:1', '内网IP', '{\"searchValue\":null,\"createBy\":null,\"createTime\":null,\"updateBy\":null,\"updateTime\":null,\"remark\":null,\"id\":9,\"title\":\"qwdwqd\",\"description\":\"qdwqdqw\",\"type\":\"租房\",\"belong\":1,\"ossUrl\":\"https://he-contract.oss-cn-guangzhou.aliyuncs.com/2021/11/28/ad2859ba1f4e4ab6814a859857aa358e.pdf\",\"ipfsHash\":null,\"isLink\":null,\"isDelete\":null,\"state\":null,\"pageSize\":null,\"pageNum\":null,\"orderByColumn\":null,\"isAsc\":null}', '{\"code\":200,\"msg\":\"操作成功\",\"data\":null}', 0, '', '2021-11-28 00:07:18');
INSERT INTO `sys_oper_log` VALUES (348, 'OSS对象存储', 1, 'com.ruoyi.web.controller.system.SysOssController.upload()', 'POST', 1, 'admin', '', '/system/oss/upload', '127.0.0.1', '内网IP', '', '{\"code\":200,\"msg\":\"操作成功\",\"data\":{\"url\":\"https://he-contract.oss-cn-guangzhou.aliyuncs.com/2021/11/28/80b9ca6649cc456fbbd34c84001c7f54.pdf\",\"fileName\":\"2021/11/28/80b9ca6649cc456fbbd34c84001c7f54.pdf\"}}', 0, '', '2021-11-28 00:11:16');
INSERT INTO `sys_oper_log` VALUES (349, '电子合同模板管理', 2, 'com.ruoyi.web.controller.system.HeContractTemplateController.edit()', 'PUT', 1, 'admin', '', '/system/contractTemplate', '127.0.0.1', '内网IP', '{\"searchValue\":null,\"createBy\":null,\"createTime\":null,\"updateBy\":null,\"updateTime\":null,\"remark\":null,\"id\":3,\"title\":\"技术服务合同\",\"ossUrl\":\"https://he-contract.oss-cn-guangzhou.aliyuncs.com/2021/11/21/1e2c17aa284543358c03a1e99bdfa32d.doc\",\"description\":\"乙方开发、生产相应的软件产品，并拥有该等软件产品的计算机软件著作权；\\n\\t甲方希望获得乙方开发、生产的软件的使用许可，乙方同意授予甲方该等软件的使用许可。\",\"type\":\"知识产权\",\"isDelete\":0,\"pageSize\":null,\"pageNum\":null,\"orderByColumn\":null,\"isAsc\":null}', '{\"code\":200,\"msg\":\"操作成功\",\"data\":null}', 0, '', '2021-12-04 16:37:55');
INSERT INTO `sys_oper_log` VALUES (350, 'OSS对象存储', 1, 'com.ruoyi.web.controller.system.SysOssController.upload()', 'POST', 1, 'admin', '', '/system/oss/upload', '127.0.0.1', '内网IP', '', '{\"code\":200,\"msg\":\"操作成功\",\"data\":{\"url\":\"https://he-contract.oss-cn-guangzhou.aliyuncs.com/2021/12/04/1e40f850609a4d5e98fb5e052dbb1cd4.docx\",\"fileName\":\"2021/12/04/1e40f850609a4d5e98fb5e052dbb1cd4.docx\"}}', 0, '', '2021-12-04 16:41:57');
INSERT INTO `sys_oper_log` VALUES (351, '电子合同模板管理', 2, 'com.ruoyi.web.controller.system.HeContractTemplateController.edit()', 'PUT', 1, 'admin', '', '/system/contractTemplate', '127.0.0.1', '内网IP', '{\"searchValue\":null,\"createBy\":null,\"createTime\":null,\"updateBy\":null,\"updateTime\":null,\"remark\":null,\"id\":1,\"title\":\"劳动合同书\",\"ossUrl\":\"https://he-contract.oss-cn-guangzhou.aliyuncs.com/2021/12/04/1e40f850609a4d5e98fb5e052dbb1cd4.docx\",\"description\":\"劳动合同书\",\"type\":\"劳动人事\",\"isDelete\":0,\"pageSize\":null,\"pageNum\":null,\"orderByColumn\":null,\"isAsc\":null}', '{\"code\":200,\"msg\":\"操作成功\",\"data\":null}', 0, '', '2021-12-04 16:41:59');
INSERT INTO `sys_oper_log` VALUES (352, 'OSS对象存储', 1, 'com.ruoyi.web.controller.system.SysOssController.upload()', 'POST', 1, 'admin', '', '/system/oss/upload', '127.0.0.1', '内网IP', '', '{\"code\":200,\"msg\":\"操作成功\",\"data\":{\"url\":\"https://he-contract.oss-cn-guangzhou.aliyuncs.com/2021/12/04/a397280ad53b4bccafa4f429cd777d71.docx\",\"fileName\":\"2021/12/04/a397280ad53b4bccafa4f429cd777d71.docx\"}}', 0, '', '2021-12-04 16:42:35');
INSERT INTO `sys_oper_log` VALUES (353, '电子合同模板管理', 1, 'com.ruoyi.web.controller.system.HeContractTemplateController.add()', 'POST', 1, 'admin', '', '/system/contractTemplate', '127.0.0.1', '内网IP', '{\"searchValue\":null,\"createBy\":null,\"createTime\":null,\"updateBy\":null,\"updateTime\":null,\"remark\":null,\"id\":5,\"title\":\"大学生单位实习劳动合同\",\"ossUrl\":\"https://he-contract.oss-cn-guangzhou.aliyuncs.com/2021/12/04/a397280ad53b4bccafa4f429cd777d71.docx\",\"description\":\"大学生单位实习劳动合同\",\"type\":\"劳动人事\",\"isDelete\":null,\"pageSize\":null,\"pageNum\":null,\"orderByColumn\":null,\"isAsc\":null}', '{\"code\":200,\"msg\":\"操作成功\",\"data\":null}', 0, '', '2021-12-04 16:42:39');
INSERT INTO `sys_oper_log` VALUES (354, '用户管理', 1, 'com.ruoyi.web.controller.system.SysUserController.add()', 'POST', 1, 'admin', '', '/system/user', '127.0.0.1', '内网IP', '{\"userId\":102,\"deptId\":null,\"userName\":\"qq\",\"nickName\":\"qwd\",\"email\":null,\"phonenumber\":\"13333333333\",\"sex\":\"0\",\"avatar\":null,\"status\":\"0\",\"delFlag\":null,\"loginIp\":null,\"loginDate\":null,\"createBy\":\"admin\",\"createTime\":\"2021-12-04 16:48:22\",\"updateBy\":\"admin\",\"updateTime\":\"2021-12-04 16:48:22\",\"remark\":null,\"params\":{},\"dept\":null,\"roles\":null,\"roleIds\":[],\"postIds\":[],\"roleId\":null,\"admin\":false}', '{\"code\":200,\"msg\":\"操作成功\",\"data\":null}', 0, '', '2021-12-04 16:48:23');
INSERT INTO `sys_oper_log` VALUES (355, '用户管理', 2, 'com.ruoyi.web.controller.system.SysUserController.edit()', 'PUT', 1, 'admin', '', '/system/user', '127.0.0.1', '内网IP', '{\"userId\":102,\"deptId\":null,\"userName\":\"qq\",\"nickName\":\"qwd\",\"email\":\"\",\"phonenumber\":\"13333333333\",\"sex\":\"1\",\"avatar\":\"\",\"status\":\"0\",\"delFlag\":\"0\",\"loginIp\":\"\",\"loginDate\":null,\"createBy\":\"admin\",\"createTime\":\"2021-12-04 16:48:23\",\"updateBy\":\"admin\",\"updateTime\":\"2021-12-04 16:48:31\",\"remark\":null,\"params\":{},\"dept\":null,\"roles\":[],\"roleIds\":[],\"postIds\":[],\"roleId\":null,\"admin\":false}', '{\"code\":200,\"msg\":\"操作成功\",\"data\":null}', 0, '', '2021-12-04 16:48:32');
INSERT INTO `sys_oper_log` VALUES (356, '电子合同管理', 2, 'com.ruoyi.web.controller.system.HeContractController.edit()', 'PUT', 1, 'admin', '', '/system/contract', '127.0.0.1', '内网IP', '{\"searchValue\":null,\"createBy\":null,\"createTime\":null,\"updateBy\":null,\"updateTime\":null,\"remark\":null,\"id\":9,\"title\":\"保密协议 测试 不审核\",\"description\":\"保密协议 测试 不审核\",\"type\":\"知识产权\",\"belong\":1,\"ossUrl\":\"https://he-contract.oss-cn-guangzhou.aliyuncs.com/2021/11/28/ad2859ba1f4e4ab6814a859857aa358e.pdf\",\"ipfsHash\":\"djqowjdoiq\",\"isLink\":0,\"isDelete\":0,\"state\":\"1\",\"pageSize\":null,\"pageNum\":null,\"orderByColumn\":null,\"isAsc\":null}', '{\"code\":200,\"msg\":\"操作成功\",\"data\":null}', 0, '', '2021-12-04 17:37:44');
INSERT INTO `sys_oper_log` VALUES (357, 'OSS对象存储', 1, 'com.ruoyi.web.controller.system.SysOssController.upload()', 'POST', 1, 'admin', '', '/system/oss/upload', '127.0.0.1', '内网IP', '', '{\"code\":200,\"msg\":\"操作成功\",\"data\":{\"url\":\"https://he-contract.oss-cn-guangzhou.aliyuncs.com/2021/12/04/382c25e5b1ce4b569f46a54bd8b885c6.pdf\",\"fileName\":\"2021/12/04/382c25e5b1ce4b569f46a54bd8b885c6.pdf\"}}', 0, '', '2021-12-04 17:38:27');
INSERT INTO `sys_oper_log` VALUES (358, '电子合同管理', 1, 'com.ruoyi.web.controller.system.HeContractController.add()', 'POST', 1, 'admin', '', '/system/contract', '127.0.0.1', '内网IP', '{\"searchValue\":null,\"createBy\":null,\"createTime\":null,\"updateBy\":null,\"updateTime\":null,\"remark\":null,\"id\":10,\"title\":\"大学生单位实习劳动合同\",\"description\":\"大学生单位实习劳动合同\",\"type\":\"劳动人事\",\"belong\":1,\"ossUrl\":\"https://he-contract.oss-cn-guangzhou.aliyuncs.com/2021/12/04/382c25e5b1ce4b569f46a54bd8b885c6.pdf\",\"ipfsHash\":\"qwdqdd\",\"isLink\":null,\"isDelete\":null,\"state\":\"1\",\"pageSize\":null,\"pageNum\":null,\"orderByColumn\":null,\"isAsc\":null}', '{\"code\":200,\"msg\":\"操作成功\",\"data\":null}', 0, '', '2021-12-04 17:38:34');
INSERT INTO `sys_oper_log` VALUES (359, 'OSS对象存储', 1, 'com.ruoyi.web.controller.system.SysOssController.upload()', 'POST', 1, 'admin', '', '/system/oss/upload', '127.0.0.1', '内网IP', '', '{\"code\":200,\"msg\":\"操作成功\",\"data\":{\"url\":\"https://he-contract.oss-cn-guangzhou.aliyuncs.com/2021/12/04/831970a4691d4cab8e577f5586f9bffe.pdf\",\"fileName\":\"2021/12/04/831970a4691d4cab8e577f5586f9bffe.pdf\"}}', 0, '', '2021-12-04 17:38:56');
INSERT INTO `sys_oper_log` VALUES (360, '电子合同管理', 1, 'com.ruoyi.web.controller.system.HeContractController.add()', 'POST', 1, 'admin', '', '/system/contract', '127.0.0.1', '内网IP', '{\"searchValue\":null,\"createBy\":null,\"createTime\":null,\"updateBy\":null,\"updateTime\":null,\"remark\":null,\"id\":11,\"title\":\"公司股份合作协议书范本\",\"description\":\"公司股份合作协议书范本\",\"type\":\"知识产权\",\"belong\":1,\"ossUrl\":\"https://he-contract.oss-cn-guangzhou.aliyuncs.com/2021/12/04/831970a4691d4cab8e577f5586f9bffe.pdf\",\"ipfsHash\":\"qwdwqdqd\",\"isLink\":null,\"isDelete\":null,\"state\":\"1\",\"pageSize\":null,\"pageNum\":null,\"orderByColumn\":null,\"isAsc\":null}', '{\"code\":200,\"msg\":\"操作成功\",\"data\":null}', 0, '', '2021-12-04 17:39:01');
INSERT INTO `sys_oper_log` VALUES (361, 'OSS对象存储', 1, 'com.ruoyi.web.controller.system.SysOssController.upload()', 'POST', 1, 'admin', '', '/system/oss/upload', '127.0.0.1', '内网IP', '', '{\"code\":200,\"msg\":\"操作成功\",\"data\":{\"url\":\"https://he-contract.oss-cn-guangzhou.aliyuncs.com/2021/12/04/1fcd9d47a33f4a748ff6c30dd3709ec2.doc\",\"fileName\":\"2021/12/04/1fcd9d47a33f4a748ff6c30dd3709ec2.doc\"}}', 0, '', '2021-12-04 17:39:35');
INSERT INTO `sys_oper_log` VALUES (362, '电子合同模板管理', 1, 'com.ruoyi.web.controller.system.HeContractTemplateController.add()', 'POST', 1, 'admin', '', '/system/contractTemplate', '127.0.0.1', '内网IP', '{\"searchValue\":null,\"createBy\":null,\"createTime\":null,\"updateBy\":null,\"updateTime\":null,\"remark\":null,\"id\":6,\"title\":\"技术开发合同模板\",\"ossUrl\":\"https://he-contract.oss-cn-guangzhou.aliyuncs.com/2021/12/04/1fcd9d47a33f4a748ff6c30dd3709ec2.doc\",\"description\":\"技术开发合同模板\",\"type\":\"知识产权\",\"isDelete\":null,\"pageSize\":null,\"pageNum\":null,\"orderByColumn\":null,\"isAsc\":null}', '{\"code\":200,\"msg\":\"操作成功\",\"data\":null}', 0, '', '2021-12-04 17:39:40');
INSERT INTO `sys_oper_log` VALUES (363, 'OSS对象存储', 1, 'com.ruoyi.web.controller.system.SysOssController.upload()', 'POST', 1, 'admin', '', '/system/oss/upload', '127.0.0.1', '内网IP', '', '{\"code\":200,\"msg\":\"操作成功\",\"data\":{\"url\":\"https://he-contract.oss-cn-guangzhou.aliyuncs.com/2021/12/04/b696395d98a24bc3a8c47019343bce85.png\",\"fileName\":\"2021/12/04/b696395d98a24bc3a8c47019343bce85.png\"}}', 0, '', '2021-12-04 17:40:51');
INSERT INTO `sys_oper_log` VALUES (364, '印章管理', 1, 'com.ruoyi.web.controller.system.HeSealController.add()', 'POST', 1, 'admin', '', '/system/seal', '127.0.0.1', '内网IP', '{\"searchValue\":null,\"createBy\":null,\"createTime\":null,\"updateBy\":null,\"updateTime\":null,\"remark\":null,\"id\":5,\"title\":\"张三\",\"ossUrl\":\"https://he-contract.oss-cn-guangzhou.aliyuncs.com/2021/12/04/b696395d98a24bc3a8c47019343bce85.png\",\"ipfsHash\":\"qwdwqd\",\"belong\":1,\"isLink\":null,\"isDelete\":null,\"state\":\"1\",\"pageSize\":null,\"pageNum\":null,\"orderByColumn\":null,\"isAsc\":null}', '{\"code\":200,\"msg\":\"操作成功\",\"data\":null}', 0, '', '2021-12-04 17:40:59');
INSERT INTO `sys_oper_log` VALUES (365, '印章管理', 2, 'com.ruoyi.web.controller.system.HeSealController.edit()', 'PUT', 1, 'admin', '', '/system/seal', '127.0.0.1', '内网IP', '{\"searchValue\":null,\"createBy\":null,\"createTime\":null,\"updateBy\":null,\"updateTime\":null,\"remark\":null,\"id\":5,\"title\":\"张三\",\"ossUrl\":\"https://he-contract.oss-cn-guangzhou.aliyuncs.com/2021/12/04/b696395d98a24bc3a8c47019343bce85.png\",\"ipfsHash\":\"qwdwqd\",\"belong\":1,\"isLink\":0,\"isDelete\":0,\"state\":\"2\",\"pageSize\":null,\"pageNum\":null,\"orderByColumn\":null,\"isAsc\":null}', '{\"code\":200,\"msg\":\"操作成功\",\"data\":null}', 0, '', '2021-12-04 17:41:45');
INSERT INTO `sys_oper_log` VALUES (366, '印章管理', 3, 'com.ruoyi.web.controller.system.HeSealController.remove()', 'DELETE', 1, 'admin', '', '/system/seal/5', '127.0.0.1', '内网IP', '{ids=5}', '{\"code\":200,\"msg\":\"操作成功\",\"data\":null}', 0, '', '2021-12-04 17:44:14');
INSERT INTO `sys_oper_log` VALUES (367, 'OSS对象存储', 1, 'com.ruoyi.web.controller.system.SysOssController.upload()', 'POST', 1, 'admin', '', '/system/oss/upload', '127.0.0.1', '内网IP', '', '{\"code\":200,\"msg\":\"操作成功\",\"data\":{\"url\":\"https://he-contract.oss-cn-guangzhou.aliyuncs.com/2021/12/04/cff872193129453eb7b40398f1d953db.pdf\",\"fileName\":\"2021/12/04/cff872193129453eb7b40398f1d953db.pdf\"}}', 0, '', '2021-12-04 17:56:39');
INSERT INTO `sys_oper_log` VALUES (368, 'OSS对象存储', 1, 'com.ruoyi.web.controller.system.SysOssController.upload()', 'POST', 1, 'admin', '', '/system/oss/upload', '127.0.0.1', '内网IP', '', '{\"code\":200,\"msg\":\"操作成功\",\"data\":{\"url\":\"https://he-contract.oss-cn-guangzhou.aliyuncs.com/2021/12/04/4d9f59ba0b8541148e97845fc208cf83.pdf\",\"fileName\":\"2021/12/04/4d9f59ba0b8541148e97845fc208cf83.pdf\"}}', 0, '', '2021-12-04 17:59:14');
INSERT INTO `sys_oper_log` VALUES (369, '电子合同管理', 1, 'com.ruoyi.web.controller.system.HeContractController.add()', 'POST', 1, 'admin', '', '/system/contract', '0:0:0:0:0:0:0:1', '内网IP', '{\"searchValue\":null,\"createBy\":null,\"createTime\":null,\"updateBy\":null,\"updateTime\":null,\"remark\":null,\"id\":12,\"title\":\"技术开发\",\"description\":\"技术开发\",\"type\":\"知识产权\",\"belong\":1,\"ossUrl\":\"https://he-contract.oss-cn-guangzhou.aliyuncs.com/2021/12/04/4d9f59ba0b8541148e97845fc208cf83.pdf\",\"ipfsHash\":null,\"isLink\":null,\"isDelete\":null,\"state\":null,\"pageSize\":null,\"pageNum\":null,\"orderByColumn\":null,\"isAsc\":null}', '{\"code\":200,\"msg\":\"操作成功\",\"data\":null}', 0, '', '2021-12-04 17:59:19');
INSERT INTO `sys_oper_log` VALUES (370, 'OSS对象存储', 1, 'com.ruoyi.web.controller.system.SysOssController.upload()', 'POST', 1, 'admin', '', '/system/oss/upload', '127.0.0.1', '内网IP', '', '{\"code\":200,\"msg\":\"操作成功\",\"data\":{\"url\":\"https://he-contract.oss-cn-guangzhou.aliyuncs.com/2021/12/04/0b80b8aabefe4852a07c6b1e359d1d38.pdf\",\"fileName\":\"2021/12/04/0b80b8aabefe4852a07c6b1e359d1d38.pdf\"}}', 0, '', '2021-12-04 18:06:55');
INSERT INTO `sys_oper_log` VALUES (371, '电子合同管理', 1, 'com.ruoyi.web.controller.system.HeContractController.add()', 'POST', 1, 'admin', '', '/system/contract', '0:0:0:0:0:0:0:1', '内网IP', '{\"searchValue\":null,\"createBy\":null,\"createTime\":null,\"updateBy\":null,\"updateTime\":null,\"remark\":null,\"id\":13,\"title\":\"技术服务2\",\"description\":\"技术服务2\",\"type\":\"知识产权\",\"belong\":1,\"ossUrl\":\"https://he-contract.oss-cn-guangzhou.aliyuncs.com/2021/12/04/0b80b8aabefe4852a07c6b1e359d1d38.pdf\",\"ipfsHash\":null,\"isLink\":null,\"isDelete\":null,\"state\":null,\"pageSize\":null,\"pageNum\":null,\"orderByColumn\":null,\"isAsc\":null}', '{\"code\":200,\"msg\":\"操作成功\",\"data\":null}', 0, '', '2021-12-04 18:06:58');
INSERT INTO `sys_oper_log` VALUES (372, '用户管理', 1, 'com.ruoyi.web.controller.system.SysUserController.add()', 'POST', 1, 'admin', '', '/system/user', '127.0.0.1', '内网IP', '{\"userId\":103,\"deptId\":null,\"userName\":\"qqwer\",\"nickName\":\"qqwer\",\"email\":null,\"phonenumber\":null,\"sex\":null,\"avatar\":null,\"status\":\"0\",\"delFlag\":null,\"loginIp\":null,\"loginDate\":null,\"createBy\":\"admin\",\"createTime\":\"2021-12-04 18:08:56\",\"updateBy\":\"admin\",\"updateTime\":\"2021-12-04 18:08:56\",\"remark\":null,\"params\":{},\"dept\":null,\"roles\":null,\"roleIds\":[],\"postIds\":[],\"roleId\":null,\"admin\":false}', '{\"code\":200,\"msg\":\"操作成功\",\"data\":null}', 0, '', '2021-12-04 18:08:57');
INSERT INTO `sys_oper_log` VALUES (373, '用户管理', 2, 'com.ruoyi.web.controller.system.SysUserController.edit()', 'PUT', 1, 'admin', '', '/system/user', '127.0.0.1', '内网IP', '{\"userId\":103,\"deptId\":null,\"userName\":\"qqwer\",\"nickName\":\"qqwer\",\"email\":\"1024528676@qq.com\",\"phonenumber\":\"13333333333\",\"sex\":\"0\",\"avatar\":\"\",\"status\":\"0\",\"delFlag\":\"0\",\"loginIp\":\"\",\"loginDate\":null,\"createBy\":\"admin\",\"createTime\":\"2021-12-04 18:08:57\",\"updateBy\":null,\"updateTime\":null,\"remark\":null,\"params\":{},\"dept\":null,\"roles\":[],\"roleIds\":[2],\"postIds\":[4],\"roleId\":null,\"admin\":false}', '{\"code\":500,\"msg\":\"修改用户\'qqwer\'失败，手机号码已存在\",\"data\":null}', 0, '', '2021-12-04 18:09:25');
INSERT INTO `sys_oper_log` VALUES (374, '用户管理', 2, 'com.ruoyi.web.controller.system.SysUserController.edit()', 'PUT', 1, 'admin', '', '/system/user', '127.0.0.1', '内网IP', '{\"userId\":103,\"deptId\":null,\"userName\":\"qqwer\",\"nickName\":\"qqwer\",\"email\":\"1024528676@qq.com\",\"phonenumber\":\"13333333222\",\"sex\":\"0\",\"avatar\":\"\",\"status\":\"0\",\"delFlag\":\"0\",\"loginIp\":\"\",\"loginDate\":null,\"createBy\":\"admin\",\"createTime\":\"2021-12-04 18:08:57\",\"updateBy\":\"admin\",\"updateTime\":\"2021-12-04 18:09:30\",\"remark\":null,\"params\":{},\"dept\":null,\"roles\":[],\"roleIds\":[2],\"postIds\":[4],\"roleId\":null,\"admin\":false}', '{\"code\":200,\"msg\":\"操作成功\",\"data\":null}', 0, '', '2021-12-04 18:09:31');
INSERT INTO `sys_oper_log` VALUES (375, '电子合同管理', 2, 'com.ruoyi.web.controller.system.HeContractController.changeState()', 'PUT', 1, 'admin', '', '/system/contract/state/12/true', '127.0.0.1', '内网IP', '12 true \"https://he-contract.oss-cn-guangzhou.aliyuncs.com/2021/12/04/4d9f59ba0b8541148e97845fc208cf83.pdf\" \"https://he-contract.oss-cn-guangzhou.aliyuncs.com/2021/11/20/5507771a5495433799f3d87fc1518087.png\"', '{\"code\":200,\"msg\":\"操作成功\",\"data\":null}', 0, '', '2021-12-04 18:10:56');
INSERT INTO `sys_oper_log` VALUES (376, 'OSS对象存储', 1, 'com.ruoyi.web.controller.system.SysOssController.upload()', 'POST', 1, 'admin', '', '/system/oss/upload', '127.0.0.1', '内网IP', '', '{\"code\":200,\"msg\":\"操作成功\",\"data\":{\"url\":\"https://he-contract.oss-cn-guangzhou.aliyuncs.com/2021/12/04/4dcc9d7b332449c88fa5eab051beba58.doc\",\"fileName\":\"2021/12/04/4dcc9d7b332449c88fa5eab051beba58.doc\"}}', 0, '', '2021-12-04 18:12:10');
INSERT INTO `sys_oper_log` VALUES (377, '电子合同模板管理', 1, 'com.ruoyi.web.controller.system.HeContractTemplateController.add()', 'POST', 1, 'admin', '', '/system/contractTemplate', '127.0.0.1', '内网IP', '{\"searchValue\":null,\"createBy\":null,\"createTime\":null,\"updateBy\":null,\"updateTime\":null,\"remark\":null,\"id\":7,\"title\":\"技术服务\",\"ossUrl\":\"https://he-contract.oss-cn-guangzhou.aliyuncs.com/2021/12/04/4dcc9d7b332449c88fa5eab051beba58.doc\",\"description\":\"技术服务\",\"type\":\"知识产权\",\"isDelete\":null,\"pageSize\":null,\"pageNum\":null,\"orderByColumn\":null,\"isAsc\":null}', '{\"code\":200,\"msg\":\"操作成功\",\"data\":null}', 0, '', '2021-12-04 18:12:18');
INSERT INTO `sys_oper_log` VALUES (378, 'OSS对象存储', 1, 'com.ruoyi.web.controller.system.SysOssController.upload()', 'POST', 1, 'admin', '', '/system/oss/upload', '127.0.0.1', '内网IP', '', '{\"code\":200,\"msg\":\"操作成功\",\"data\":{\"url\":\"https://he-contract.oss-cn-guangzhou.aliyuncs.com/2021/12/04/24b3d628378a4af88350a7e6c54f0306.png\",\"fileName\":\"2021/12/04/24b3d628378a4af88350a7e6c54f0306.png\"}}', 0, '', '2021-12-04 18:14:38');
INSERT INTO `sys_oper_log` VALUES (379, '印章管理', 1, 'com.ruoyi.web.controller.system.HeSealController.add()', 'POST', 1, 'admin', '', '/system/seal', '127.0.0.1', '内网IP', '{\"searchValue\":null,\"createBy\":null,\"createTime\":null,\"updateBy\":null,\"updateTime\":null,\"remark\":null,\"id\":6,\"title\":\"张三\",\"ossUrl\":\"https://he-contract.oss-cn-guangzhou.aliyuncs.com/2021/12/04/24b3d628378a4af88350a7e6c54f0306.png\",\"ipfsHash\":\"qdqwdqw\",\"belong\":1,\"isLink\":null,\"isDelete\":null,\"state\":\"2\",\"pageSize\":null,\"pageNum\":null,\"orderByColumn\":null,\"isAsc\":null}', '{\"code\":200,\"msg\":\"操作成功\",\"data\":null}', 0, '', '2021-12-04 18:14:49');
INSERT INTO `sys_oper_log` VALUES (380, '印章管理', 2, 'com.ruoyi.web.controller.system.HeSealController.edit()', 'PUT', 1, 'admin', '', '/system/seal', '127.0.0.1', '内网IP', '{\"searchValue\":null,\"createBy\":null,\"createTime\":null,\"updateBy\":null,\"updateTime\":null,\"remark\":null,\"id\":6,\"title\":\"张三\",\"ossUrl\":\"https://he-contract.oss-cn-guangzhou.aliyuncs.com/2021/12/04/24b3d628378a4af88350a7e6c54f0306.png\",\"ipfsHash\":\"qdqwdqw\",\"belong\":1,\"isLink\":0,\"isDelete\":0,\"state\":\"2\",\"pageSize\":null,\"pageNum\":null,\"orderByColumn\":null,\"isAsc\":null}', '{\"code\":200,\"msg\":\"操作成功\",\"data\":null}', 0, '', '2021-12-04 18:14:55');
INSERT INTO `sys_oper_log` VALUES (381, '电子合同管理', 2, 'com.ruoyi.web.controller.system.HeContractController.changeState()', 'PUT', 1, 'admin', '', '/system/contract/state/10/true', '127.0.0.1', '内网IP', '10 true \"https://he-contract.oss-cn-guangzhou.aliyuncs.com/2021/12/04/382c25e5b1ce4b569f46a54bd8b885c6.pdf\" \"https://he-contract.oss-cn-guangzhou.aliyuncs.com/2021/11/21/c085a16f9d3a4d3396c487816f0e0cbd.png\"', '{\"code\":200,\"msg\":\"操作成功\",\"data\":null}', 0, '', '2021-12-04 18:34:15');
INSERT INTO `sys_oper_log` VALUES (382, '电子合同管理', 2, 'com.ruoyi.web.controller.system.HeContractController.changeState()', 'PUT', 1, 'admin', '', '/system/contract/state/11/true', '127.0.0.1', '内网IP', '11 true \"https://he-contract.oss-cn-guangzhou.aliyuncs.com/2021/12/04/831970a4691d4cab8e577f5586f9bffe.pdf\" \"https://he-contract.oss-cn-guangzhou.aliyuncs.com/2021/11/21/c085a16f9d3a4d3396c487816f0e0cbd.png\"', '{\"code\":200,\"msg\":\"操作成功\",\"data\":null}', 0, '', '2021-12-04 18:35:52');
INSERT INTO `sys_oper_log` VALUES (383, '电子合同管理', 2, 'com.ruoyi.web.controller.system.HeContractController.changeState()', 'PUT', 1, 'admin', '', '/system/contract/state/13/true', '127.0.0.1', '内网IP', '13 true \"https://he-contract.oss-cn-guangzhou.aliyuncs.com/2021/12/04/0b80b8aabefe4852a07c6b1e359d1d38.pdf\" \"https://he-contract.oss-cn-guangzhou.aliyuncs.com/2021/11/21/c085a16f9d3a4d3396c487816f0e0cbd.png\"', '{\"code\":200,\"msg\":\"操作成功\",\"data\":null}', 0, '', '2021-12-04 18:37:08');
INSERT INTO `sys_oper_log` VALUES (384, '电子合同管理', 2, 'com.ruoyi.web.controller.system.HeContractController.changeState()', 'PUT', 1, 'admin', '', '/system/contract/state/10/true', '127.0.0.1', '内网IP', '10 true \"https://he-contract.oss-cn-guangzhou.aliyuncs.com/2021/12/04/382c25e5b1ce4b569f46a54bd8b885c6.pdf\" \"https://he-contract.oss-cn-guangzhou.aliyuncs.com/2021/11/21/c085a16f9d3a4d3396c487816f0e0cbd.png\"', '{\"code\":200,\"msg\":\"操作成功\",\"data\":null}', 0, '', '2021-12-04 18:38:06');
INSERT INTO `sys_oper_log` VALUES (385, '部门管理', 1, 'com.ruoyi.web.controller.system.SysDeptController.add()', 'POST', 1, 'admin', '', '/system/dept', '127.0.0.1', '内网IP', '{\"deptId\":200,\"parentId\":101,\"ancestors\":\"0,100,101\",\"deptName\":\"行政部门\",\"orderNum\":\"3\",\"leader\":null,\"phone\":null,\"email\":null,\"status\":\"0\",\"delFlag\":null,\"parentName\":null,\"createBy\":\"admin\",\"createTime\":\"2022-02-26 15:13:53\",\"updateBy\":\"admin\",\"updateTime\":\"2022-02-26 15:13:53\",\"children\":[],\"params\":{}}', '{\"code\":200,\"msg\":\"操作成功\",\"data\":null}', 0, '', '2022-02-26 15:13:54');
INSERT INTO `sys_oper_log` VALUES (386, '部门管理', 2, 'com.ruoyi.web.controller.system.SysDeptController.edit()', 'PUT', 1, 'admin', '', '/system/dept', '127.0.0.1', '内网IP', '{\"deptId\":200,\"parentId\":101,\"ancestors\":\"0,100,101\",\"deptName\":\"行政部门\",\"orderNum\":\"6\",\"leader\":null,\"phone\":null,\"email\":null,\"status\":\"0\",\"delFlag\":\"0\",\"parentName\":null,\"createBy\":\"admin\",\"createTime\":\"2022-02-26 15:13:54\",\"updateBy\":\"admin\",\"updateTime\":\"2022-02-26 15:14:03\",\"children\":[],\"params\":{}}', '{\"code\":200,\"msg\":\"操作成功\",\"data\":null}', 0, '', '2022-02-26 15:14:04');
INSERT INTO `sys_oper_log` VALUES (387, '用户管理', 2, 'com.ruoyi.web.controller.system.SysUserController.edit()', 'PUT', 1, 'admin', '', '/system/user', '127.0.0.1', '内网IP', '{\"userId\":2,\"deptId\":200,\"userName\":\"ry\",\"nickName\":\"若依\",\"email\":\"ry@qq.com\",\"phonenumber\":\"15666666666\",\"sex\":\"1\",\"avatar\":\"\",\"status\":\"0\",\"delFlag\":\"0\",\"loginIp\":\"127.0.0.1\",\"loginDate\":\"2022-02-26 13:43:20\",\"createBy\":\"admin\",\"createTime\":\"2021-09-29 19:01:48\",\"updateBy\":\"admin\",\"updateTime\":\"2022-02-26 15:14:19\",\"remark\":\"测试员\",\"params\":{},\"dept\":{\"deptId\":105,\"parentId\":101,\"ancestors\":null,\"deptName\":\"测试部门\",\"orderNum\":\"3\",\"leader\":\"若依\",\"phone\":null,\"email\":null,\"status\":\"0\",\"delFlag\":null,\"parentName\":null,\"createBy\":null,\"createTime\":null,\"updateBy\":null,\"updateTime\":null,\"children\":[],\"params\":{}},\"roles\":[{\"roleId\":2,\"roleName\":\"普通角色\",\"roleKey\":\"common\",\"roleSort\":\"2\",\"dataScope\":\"2\",\"menuCheckStrictly\":false,\"deptCheckStrictly\":false,\"status\":\"0\",\"delFlag\":null,\"createBy\":null,\"createTime\":null,\"updateBy\":null,\"updateTime\":null,\"remark\":null,\"params\":{},\"flag\":false,\"menuIds\":null,\"deptIds\":null,\"admin\":false}],\"roleIds\":[2],\"postIds\":[2],\"roleId\":null,\"admin\":false}', '{\"code\":200,\"msg\":\"操作成功\",\"data\":null}', 0, '', '2022-02-26 15:14:20');
INSERT INTO `sys_oper_log` VALUES (388, '角色管理', 1, 'com.ruoyi.web.controller.system.SysRoleController.add()', 'POST', 1, 'admin', '', '/system/role', '127.0.0.1', '内网IP', '{\"roleId\":100,\"roleName\":\"审核\",\"roleKey\":\"audit\",\"roleSort\":\"3\",\"dataScope\":null,\"menuCheckStrictly\":true,\"deptCheckStrictly\":true,\"status\":\"0\",\"delFlag\":null,\"createBy\":\"admin\",\"createTime\":\"2022-02-26 15:42:25\",\"updateBy\":\"admin\",\"updateTime\":\"2022-02-26 15:42:25\",\"remark\":null,\"params\":{},\"flag\":false,\"menuIds\":[1,2132,2133,2134,2135,2136,2137,2138,2139,2140,2141,2142,2143,2144,2145,2146,2147,2148,2149],\"deptIds\":[],\"admin\":false}', '{\"code\":200,\"msg\":\"操作成功\",\"data\":null}', 0, '', '2022-02-26 15:42:26');
INSERT INTO `sys_oper_log` VALUES (389, '岗位管理', 1, 'com.ruoyi.web.controller.system.SysPostController.add()', 'POST', 1, 'admin', '', '/system/post', '127.0.0.1', '内网IP', '{\"postId\":5,\"postCode\":\"ad\",\"postName\":\"行政管理\",\"postSort\":\"5\",\"status\":\"0\",\"createBy\":\"admin\",\"createTime\":\"2022-02-26 15:43:57\",\"updateBy\":\"admin\",\"updateTime\":\"2022-02-26 15:43:57\",\"remark\":null,\"params\":{},\"flag\":false}', '{\"code\":200,\"msg\":\"操作成功\",\"data\":null}', 0, '', '2022-02-26 15:43:58');
INSERT INTO `sys_oper_log` VALUES (390, '用户管理', 2, 'com.ruoyi.web.controller.system.SysUserController.edit()', 'PUT', 1, 'admin', '', '/system/user', '127.0.0.1', '内网IP', '{\"userId\":2,\"deptId\":200,\"userName\":\"ry\",\"nickName\":\"若依\",\"email\":\"ry@qq.com\",\"phonenumber\":\"15666666666\",\"sex\":\"1\",\"avatar\":\"\",\"status\":\"0\",\"delFlag\":\"0\",\"loginIp\":\"127.0.0.1\",\"loginDate\":\"2022-02-26 13:43:20\",\"createBy\":\"admin\",\"createTime\":\"2021-09-29 19:01:48\",\"updateBy\":\"admin\",\"updateTime\":\"2022-02-26 15:44:39\",\"remark\":\"合同审核\",\"params\":{},\"dept\":{\"deptId\":200,\"parentId\":101,\"ancestors\":null,\"deptName\":\"行政部门\",\"orderNum\":\"6\",\"leader\":null,\"phone\":null,\"email\":null,\"status\":\"0\",\"delFlag\":null,\"parentName\":null,\"createBy\":null,\"createTime\":null,\"updateBy\":null,\"updateTime\":null,\"children\":[],\"params\":{}},\"roles\":[{\"roleId\":2,\"roleName\":\"普通角色\",\"roleKey\":\"common\",\"roleSort\":\"2\",\"dataScope\":\"2\",\"menuCheckStrictly\":false,\"deptCheckStrictly\":false,\"status\":\"0\",\"delFlag\":null,\"createBy\":null,\"createTime\":null,\"updateBy\":null,\"updateTime\":null,\"remark\":null,\"params\":{},\"flag\":false,\"menuIds\":null,\"deptIds\":null,\"admin\":false}],\"roleIds\":[100],\"postIds\":[5],\"roleId\":null,\"admin\":false}', '{\"code\":200,\"msg\":\"操作成功\",\"data\":null}', 0, '', '2022-02-26 15:44:39');
INSERT INTO `sys_oper_log` VALUES (391, '角色管理', 2, 'com.ruoyi.web.controller.system.SysRoleController.edit()', 'PUT', 1, 'admin', '', '/system/role', '127.0.0.1', '内网IP', '{\"roleId\":100,\"roleName\":\"审核\",\"roleKey\":\"audit\",\"roleSort\":\"3\",\"dataScope\":\"1\",\"menuCheckStrictly\":true,\"deptCheckStrictly\":true,\"status\":\"0\",\"delFlag\":\"0\",\"createBy\":\"admin\",\"createTime\":\"2022-02-26 15:42:26\",\"updateBy\":\"admin\",\"updateTime\":\"2022-02-26 15:47:30\",\"remark\":null,\"params\":{},\"flag\":false,\"menuIds\":[1,2132,2133,2134,2135,2136,2137,2138,2139,2140,2141,2142,2143,2144,2145,2146,2147,2148,2149],\"deptIds\":null,\"admin\":false}', '{\"code\":200,\"msg\":\"操作成功\",\"data\":null}', 0, '', '2022-02-26 15:47:31');
INSERT INTO `sys_oper_log` VALUES (392, '电子合同类型', 1, 'com.ruoyi.web.controller.system.HeContractTypeController.add()', 'POST', 1, 'ry', '', '/system/contractType', '127.0.0.1', '内网IP', '{\"searchValue\":null,\"createBy\":null,\"createTime\":null,\"updateBy\":null,\"updateTime\":null,\"remark\":null,\"id\":10,\"type\":\"ddq\",\"pageSize\":null,\"pageNum\":null,\"orderByColumn\":null,\"isAsc\":null}', '{\"code\":200,\"msg\":\"操作成功\",\"data\":null}', 0, '', '2022-02-26 15:55:53');
INSERT INTO `sys_oper_log` VALUES (393, '电子合同类型', 3, 'com.ruoyi.web.controller.system.HeContractTypeController.remove()', 'DELETE', 1, 'ry', '', '/system/contractType/10', '127.0.0.1', '内网IP', '{ids=10}', '{\"code\":200,\"msg\":\"操作成功\",\"data\":null}', 0, '', '2022-02-26 15:56:28');
INSERT INTO `sys_oper_log` VALUES (394, '用户管理', 2, 'com.ruoyi.web.controller.system.SysUserController.edit()', 'PUT', 1, 'admin', '', '/system/user', '127.0.0.1', '内网IP', '{\"userId\":2,\"deptId\":200,\"userName\":\"ry\",\"nickName\":\"若依\",\"email\":\"ry@qq.com\",\"phonenumber\":\"15666666666\",\"sex\":\"1\",\"avatar\":\"\",\"status\":\"0\",\"delFlag\":\"0\",\"loginIp\":\"127.0.0.1\",\"loginDate\":\"2022-02-26 15:56:55\",\"createBy\":\"admin\",\"createTime\":\"2021-09-29 19:01:48\",\"updateBy\":\"admin\",\"updateTime\":\"2022-02-26 16:14:22\",\"remark\":\"合同审核\",\"params\":{},\"dept\":{\"deptId\":200,\"parentId\":101,\"ancestors\":null,\"deptName\":\"行政部门\",\"orderNum\":\"6\",\"leader\":null,\"phone\":null,\"email\":null,\"status\":\"0\",\"delFlag\":null,\"parentName\":null,\"createBy\":null,\"createTime\":null,\"updateBy\":null,\"updateTime\":null,\"children\":[],\"params\":{}},\"roles\":[{\"roleId\":100,\"roleName\":\"审核\",\"roleKey\":\"audit\",\"roleSort\":\"3\",\"dataScope\":\"1\",\"menuCheckStrictly\":false,\"deptCheckStrictly\":false,\"status\":\"0\",\"delFlag\":null,\"createBy\":null,\"createTime\":null,\"updateBy\":null,\"updateTime\":null,\"remark\":null,\"params\":{},\"flag\":false,\"menuIds\":null,\"deptIds\":null,\"admin\":false}],\"roleIds\":[100,2],\"postIds\":[5],\"roleId\":null,\"admin\":false}', '{\"code\":200,\"msg\":\"操作成功\",\"data\":null}', 0, '', '2022-02-26 16:14:23');
INSERT INTO `sys_oper_log` VALUES (395, '用户管理', 2, 'com.ruoyi.web.controller.system.SysUserController.edit()', 'PUT', 1, 'admin', '', '/system/user', '127.0.0.1', '内网IP', '{\"userId\":2,\"deptId\":200,\"userName\":\"ry\",\"nickName\":\"若依\",\"email\":\"ry@qq.com\",\"phonenumber\":\"15666666666\",\"sex\":\"1\",\"avatar\":\"\",\"status\":\"0\",\"delFlag\":\"0\",\"loginIp\":\"127.0.0.1\",\"loginDate\":\"2022-02-26 16:14:36\",\"createBy\":\"admin\",\"createTime\":\"2021-09-29 19:01:48\",\"updateBy\":\"admin\",\"updateTime\":\"2022-02-26 16:15:14\",\"remark\":\"合同审核\",\"params\":{},\"dept\":{\"deptId\":200,\"parentId\":101,\"ancestors\":null,\"deptName\":\"行政部门\",\"orderNum\":\"6\",\"leader\":null,\"phone\":null,\"email\":null,\"status\":\"0\",\"delFlag\":null,\"parentName\":null,\"createBy\":null,\"createTime\":null,\"updateBy\":null,\"updateTime\":null,\"children\":[],\"params\":{}},\"roles\":[{\"roleId\":2,\"roleName\":\"普通角色\",\"roleKey\":\"common\",\"roleSort\":\"2\",\"dataScope\":\"2\",\"menuCheckStrictly\":false,\"deptCheckStrictly\":false,\"status\":\"0\",\"delFlag\":null,\"createBy\":null,\"createTime\":null,\"updateBy\":null,\"updateTime\":null,\"remark\":null,\"params\":{},\"flag\":false,\"menuIds\":null,\"deptIds\":null,\"admin\":false},{\"roleId\":100,\"roleName\":\"审核\",\"roleKey\":\"audit\",\"roleSort\":\"3\",\"dataScope\":\"1\",\"menuCheckStrictly\":false,\"deptCheckStrictly\":false,\"status\":\"0\",\"delFlag\":null,\"createBy\":null,\"createTime\":null,\"updateBy\":null,\"updateTime\":null,\"remark\":null,\"params\":{},\"flag\":false,\"menuIds\":null,\"deptIds\":null,\"admin\":false}],\"roleIds\":[100],\"postIds\":[5],\"roleId\":null,\"admin\":false}', '{\"code\":200,\"msg\":\"操作成功\",\"data\":null}', 0, '', '2022-02-26 16:15:15');
INSERT INTO `sys_oper_log` VALUES (396, '角色管理', 2, 'com.ruoyi.web.controller.system.SysRoleController.edit()', 'PUT', 1, 'admin', '', '/system/role', '127.0.0.1', '内网IP', '{\"roleId\":100,\"roleName\":\"审核\",\"roleKey\":\"audit\",\"roleSort\":\"3\",\"dataScope\":\"1\",\"menuCheckStrictly\":true,\"deptCheckStrictly\":true,\"status\":\"0\",\"delFlag\":\"0\",\"createBy\":\"admin\",\"createTime\":\"2022-02-26 15:42:26\",\"updateBy\":\"admin\",\"updateTime\":\"2022-02-26 17:12:45\",\"remark\":null,\"params\":{},\"flag\":false,\"menuIds\":[1,2150,2132,2133,2134,2135,2136,2137,2138,2139,2140,2141,2142,2143,2144,2145,2146,2147,2148,2149,2151],\"deptIds\":null,\"admin\":false}', '{\"code\":200,\"msg\":\"操作成功\",\"data\":null}', 0, '', '2022-02-26 17:12:45');

-- ----------------------------
-- Table structure for sys_oss
-- ----------------------------
DROP TABLE IF EXISTS `sys_oss`;
CREATE TABLE `sys_oss`  (
  `oss_id` bigint NOT NULL AUTO_INCREMENT COMMENT '对象存储主键',
  `file_name` varchar(64) CHARACTER SET utf8 COLLATE utf8_general_ci NOT NULL DEFAULT '' COMMENT '文件名',
  `original_name` varchar(64) CHARACTER SET utf8 COLLATE utf8_general_ci NOT NULL DEFAULT '' COMMENT '原名',
  `file_suffix` varchar(10) CHARACTER SET utf8 COLLATE utf8_general_ci NOT NULL DEFAULT '' COMMENT '文件后缀名',
  `url` varchar(200) CHARACTER SET utf8 COLLATE utf8_general_ci NOT NULL COMMENT 'URL地址',
  `create_time` datetime NULL DEFAULT NULL COMMENT '创建时间',
  `create_by` varchar(64) CHARACTER SET utf8 COLLATE utf8_general_ci NULL DEFAULT '' COMMENT '上传人',
  `update_time` datetime NULL DEFAULT NULL COMMENT '更新时间',
  `update_by` varchar(64) CHARACTER SET utf8 COLLATE utf8_general_ci NULL DEFAULT '' COMMENT '更新人',
  `service` varchar(10) CHARACTER SET utf8 COLLATE utf8_general_ci NOT NULL DEFAULT 'minio' COMMENT '服务商',
  PRIMARY KEY (`oss_id`, `url`) USING BTREE
) ENGINE = InnoDB AUTO_INCREMENT = 57 CHARACTER SET = utf8 COLLATE = utf8_general_ci COMMENT = 'OSS对象存储表' ROW_FORMAT = Dynamic;

-- ----------------------------
-- Records of sys_oss
-- ----------------------------
INSERT INTO `sys_oss` VALUES (1, '2021/10/12/6f7fdd30175a49b689068a1831016b17.txt', '坂口希为什么是神.txt', '.txt', 'https://he-contract.oss-cn-guangzhou.aliyuncs.com/2021/10/12/6f7fdd30175a49b689068a1831016b17.txt', '2021-10-12 15:21:19', 'admin', '2021-10-12 15:21:19', 'admin', 'aliyun');
INSERT INTO `sys_oss` VALUES (2, '2021/10/12/e3c777f0e3ae40ec91c845228eb109e5.jpg', '微信图片_20210905165224.jpg', '.jpg', 'https://he-contract.oss-cn-guangzhou.aliyuncs.com/2021/10/12/e3c777f0e3ae40ec91c845228eb109e5.jpg', '2021-10-12 15:36:46', 'admin', '2021-10-12 15:36:46', 'admin', 'aliyun');
INSERT INTO `sys_oss` VALUES (3, '2021/10/18/7debb313ead142f597c6c9be6dba09e3.png', '侯俊麒.png', '.png', 'https://he-contract.oss-cn-guangzhou.aliyuncs.com/2021/10/18/7debb313ead142f597c6c9be6dba09e3.png', '2021-10-18 15:42:31', 'admin', '2021-10-18 15:42:31', 'admin', 'aliyun');
INSERT INTO `sys_oss` VALUES (4, '2021/10/30/58d5eb160259449f96b1103da5a7a596.jpg', '模板一.jpg', '.jpg', 'https://he-contract.oss-cn-guangzhou.aliyuncs.com/2021/10/30/58d5eb160259449f96b1103da5a7a596.jpg', '2021-10-30 16:01:07', 'admin', '2021-10-30 16:01:07', 'admin', 'aliyun');
INSERT INTO `sys_oss` VALUES (6, '2021/10/30/d3afca4d634c4aeaadbdd59e40025b6e.jpg', '模板二.jpg', '.jpg', 'https://he-contract.oss-cn-guangzhou.aliyuncs.com/2021/10/30/d3afca4d634c4aeaadbdd59e40025b6e.jpg', '2021-10-30 16:49:40', 'admin', '2021-10-30 16:49:40', 'admin', 'aliyun');
INSERT INTO `sys_oss` VALUES (12, '2021/11/03/c8911b6bbb8e471894cd5d66c79cfd3a.jpg', '模板一.jpg', '.jpg', 'https://he-contract.oss-cn-guangzhou.aliyuncs.com/2021/11/03/c8911b6bbb8e471894cd5d66c79cfd3a.jpg', '2021-11-03 17:13:43', 'admin', '2021-11-03 17:13:43', 'admin', 'aliyun');
INSERT INTO `sys_oss` VALUES (14, '2021/11/17/719393fa272a47eaa163b13e18c2896d.jpg', '模板一.jpg', '.jpg', 'https://he-contract.oss-cn-guangzhou.aliyuncs.com/2021/11/17/719393fa272a47eaa163b13e18c2896d.jpg', '2021-11-17 16:13:46', 'admin', '2021-11-17 16:13:46', 'admin', 'aliyun');
INSERT INTO `sys_oss` VALUES (15, '2021/11/17/e684002c2a2d4de7b2561bbfdf55f225.docx', '保密协议.docx', '.docx', 'https://he-contract.oss-cn-guangzhou.aliyuncs.com/2021/11/17/e684002c2a2d4de7b2561bbfdf55f225.docx', '2021-11-17 17:16:31', 'admin', '2021-11-17 17:16:31', 'admin', 'aliyun');
INSERT INTO `sys_oss` VALUES (16, '2021/11/18/5000ae7a73584df7bd686f3d41d8a106.pdf', '保密协议.pdf', '.pdf', 'https://he-contract.oss-cn-guangzhou.aliyuncs.com/2021/11/18/5000ae7a73584df7bd686f3d41d8a106.pdf', '2021-11-18 14:24:03', 'admin', '2021-11-18 14:24:03', 'admin', 'aliyun');
INSERT INTO `sys_oss` VALUES (17, '2021/11/19/1f8402f606964446a4b9b24d34e85f64.pdf', '保密协议.pdf', '.pdf', 'https://he-contract.oss-cn-guangzhou.aliyuncs.com/2021/11/19/1f8402f606964446a4b9b24d34e85f64.pdf', '2021-11-19 22:18:49', 'admin', '2021-11-19 22:18:49', 'admin', 'aliyun');
INSERT INTO `sys_oss` VALUES (18, '2021/11/19/3633fdbf13ce4220b7f01ba2834424ef.pdf', '保密协议.pdf', '.pdf', 'https://he-contract.oss-cn-guangzhou.aliyuncs.com/2021/11/19/3633fdbf13ce4220b7f01ba2834424ef.pdf', '2021-11-19 22:19:27', 'admin', '2021-11-19 22:19:27', 'admin', 'aliyun');
INSERT INTO `sys_oss` VALUES (19, '2021/11/19/a487ed784af3495c8d6936d6dcd31b1d.pdf', '保密协议.pdf', '.pdf', 'https://he-contract.oss-cn-guangzhou.aliyuncs.com/2021/11/19/a487ed784af3495c8d6936d6dcd31b1d.pdf', '2021-11-19 22:22:38', 'admin', '2021-11-19 22:22:38', 'admin', 'aliyun');
INSERT INTO `sys_oss` VALUES (20, '2021/11/20/5507771a5495433799f3d87fc1518087.png', '广州大学华软软件学院.png', '.png', 'https://he-contract.oss-cn-guangzhou.aliyuncs.com/2021/11/20/5507771a5495433799f3d87fc1518087.png', '2021-11-20 14:29:07', 'admin', '2021-11-20 14:29:07', 'admin', 'aliyun');
INSERT INTO `sys_oss` VALUES (21, '2021/11/20/f2c3b121809d4940b4dc50f4378a7fb7.pdf', '保密协议.pdf', '.pdf', 'https://he-contract.oss-cn-guangzhou.aliyuncs.com/2021/11/20/f2c3b121809d4940b4dc50f4378a7fb7.pdf', '2021-11-20 19:59:59', 'admin', '2021-11-20 19:59:59', 'admin', 'aliyun');
INSERT INTO `sys_oss` VALUES (22, '2021/11/21/c085a16f9d3a4d3396c487816f0e0cbd.png', '计算机科学与技术二班.png', '.png', 'https://he-contract.oss-cn-guangzhou.aliyuncs.com/2021/11/21/c085a16f9d3a4d3396c487816f0e0cbd.png', '2021-11-21 16:06:27', 'admin', '2021-11-21 16:06:27', 'admin', 'aliyun');
INSERT INTO `sys_oss` VALUES (23, '2021/11/21/1d0ba309029f481bbf73fb61b9ff13d5.docx', '保密协议.docx', '.docx', 'https://he-contract.oss-cn-guangzhou.aliyuncs.com/2021/11/21/1d0ba309029f481bbf73fb61b9ff13d5.docx', '2021-11-21 17:06:05', 'admin', '2021-11-21 17:06:05', 'admin', 'aliyun');
INSERT INTO `sys_oss` VALUES (24, '2021/11/21/1e2c17aa284543358c03a1e99bdfa32d.doc', '技术服务合同模板.doc', '.doc', 'https://he-contract.oss-cn-guangzhou.aliyuncs.com/2021/11/21/1e2c17aa284543358c03a1e99bdfa32d.doc', '2021-11-21 17:19:25', 'admin', '2021-11-21 17:19:25', 'admin', 'aliyun');
INSERT INTO `sys_oss` VALUES (25, '2021/11/27/94ab4b445b6542a8a7c2c5a283c8be2a.pdf', 'qTRbulVIdfRY3e6fb9fa762b331cfe3e1308407d3119.pdf', '.pdf', 'https://he-contract.oss-cn-guangzhou.aliyuncs.com/2021/11/27/94ab4b445b6542a8a7c2c5a283c8be2a.pdf', '2021-11-27 22:52:38', 'admin', '2021-11-27 22:52:38', 'admin', 'aliyun');
INSERT INTO `sys_oss` VALUES (26, '2021/11/27/862489a760d041c184a9303fc8f3dff0.pdf', 'sEyyH5RyCDBl3e6fb9fa762b331cfe3e1308407d3119.pdf', '.pdf', 'https://he-contract.oss-cn-guangzhou.aliyuncs.com/2021/11/27/862489a760d041c184a9303fc8f3dff0.pdf', '2021-11-27 22:55:35', 'admin', '2021-11-27 22:55:35', 'admin', 'aliyun');
INSERT INTO `sys_oss` VALUES (27, '2021/11/27/96dcc0dc11f446459262c7e397df00d0.pdf', '9aggTTaXWLKa3e6fb9fa762b331cfe3e1308407d3119.pdf', '.pdf', 'https://he-contract.oss-cn-guangzhou.aliyuncs.com/2021/11/27/96dcc0dc11f446459262c7e397df00d0.pdf', '2021-11-27 23:08:57', 'admin', '2021-11-27 23:08:57', 'admin', 'aliyun');
INSERT INTO `sys_oss` VALUES (28, '2021/11/27/fa2a8741e13b4a0c8688167c26603ed6.pdf', 'S5UYHaovPO4w3e6fb9fa762b331cfe3e1308407d3119.pdf', '.pdf', 'https://he-contract.oss-cn-guangzhou.aliyuncs.com/2021/11/27/fa2a8741e13b4a0c8688167c26603ed6.pdf', '2021-11-27 23:16:44', 'admin', '2021-11-27 23:16:44', 'admin', 'aliyun');
INSERT INTO `sys_oss` VALUES (29, '2021/11/27/6a50541d1494426cab053002e0f5b9f8.pdf', 'ka3DplqHAnI83e6fb9fa762b331cfe3e1308407d3119.pdf', '.pdf', 'https://he-contract.oss-cn-guangzhou.aliyuncs.com/2021/11/27/6a50541d1494426cab053002e0f5b9f8.pdf', '2021-11-27 23:19:07', 'admin', '2021-11-27 23:19:07', 'admin', 'aliyun');
INSERT INTO `sys_oss` VALUES (30, '2021/11/27/56d62e44a4ad4d3facf36d2f97110e6b.pdf', 'BFmGBKQLA59B3e6fb9fa762b331cfe3e1308407d3119.pdf', '.pdf', 'https://he-contract.oss-cn-guangzhou.aliyuncs.com/2021/11/27/56d62e44a4ad4d3facf36d2f97110e6b.pdf', '2021-11-27 23:20:03', 'admin', '2021-11-27 23:20:03', 'admin', 'aliyun');
INSERT INTO `sys_oss` VALUES (31, '2021/11/27/3a520a58ed814ba4bfa9572541e8f550.pdf', 'fOB21pbTwuSe3e6fb9fa762b331cfe3e1308407d3119.pdf', '.pdf', 'https://he-contract.oss-cn-guangzhou.aliyuncs.com/2021/11/27/3a520a58ed814ba4bfa9572541e8f550.pdf', '2021-11-27 23:25:19', 'admin', '2021-11-27 23:25:19', 'admin', 'aliyun');
INSERT INTO `sys_oss` VALUES (32, '2021/11/27/529910184a1b4ba09ae8feccf3bd4d6e.pdf', 'WjIPghybsJZA3e6fb9fa762b331cfe3e1308407d3119.pdf', '.pdf', 'https://he-contract.oss-cn-guangzhou.aliyuncs.com/2021/11/27/529910184a1b4ba09ae8feccf3bd4d6e.pdf', '2021-11-27 23:30:57', 'admin', '2021-11-27 23:30:57', 'admin', 'aliyun');
INSERT INTO `sys_oss` VALUES (33, '2021/11/27/695f783cc9504bc193b34a2cba54efec.pdf', 'qT4MDrR4K7cx3e6fb9fa762b331cfe3e1308407d3119.pdf', '.pdf', 'https://he-contract.oss-cn-guangzhou.aliyuncs.com/2021/11/27/695f783cc9504bc193b34a2cba54efec.pdf', '2021-11-27 23:32:39', 'admin', '2021-11-27 23:32:39', 'admin', 'aliyun');
INSERT INTO `sys_oss` VALUES (34, '2021/11/27/63f6b14b17cf40249d773ee26f15f99f.pdf', 'Eu7u2TU2Uoo03e6fb9fa762b331cfe3e1308407d3119.pdf', '.pdf', 'https://he-contract.oss-cn-guangzhou.aliyuncs.com/2021/11/27/63f6b14b17cf40249d773ee26f15f99f.pdf', '2021-11-27 23:34:12', 'admin', '2021-11-27 23:34:12', 'admin', 'aliyun');
INSERT INTO `sys_oss` VALUES (35, '2021/11/27/fea471427bba4d4ea5f2474a171c1641.pdf', 'kCfIjVNooRAT3e6fb9fa762b331cfe3e1308407d3119.pdf', '.pdf', 'https://he-contract.oss-cn-guangzhou.aliyuncs.com/2021/11/27/fea471427bba4d4ea5f2474a171c1641.pdf', '2021-11-27 23:37:01', 'admin', '2021-11-27 23:37:01', 'admin', 'aliyun');
INSERT INTO `sys_oss` VALUES (36, '2021/11/27/b2a0ab5f997c47d9b7f9c50489253aca.pdf', '5qoPzJSDhUsT3e6fb9fa762b331cfe3e1308407d3119.pdf', '.pdf', 'https://he-contract.oss-cn-guangzhou.aliyuncs.com/2021/11/27/b2a0ab5f997c47d9b7f9c50489253aca.pdf', '2021-11-27 23:39:39', 'admin', '2021-11-27 23:39:39', 'admin', 'aliyun');
INSERT INTO `sys_oss` VALUES (37, '2021/11/27/7ea921916a1c4123836c8d326ee82fe0.pdf', 'WU9EHRhvVBn93e6fb9fa762b331cfe3e1308407d3119.pdf', '.pdf', 'https://he-contract.oss-cn-guangzhou.aliyuncs.com/2021/11/27/7ea921916a1c4123836c8d326ee82fe0.pdf', '2021-11-27 23:41:20', 'admin', '2021-11-27 23:41:20', 'admin', 'aliyun');
INSERT INTO `sys_oss` VALUES (38, '2021/11/27/cdd515e4c4364908bd0962e3b1d41a79.pdf', '9d65TpdpJztL3e6fb9fa762b331cfe3e1308407d3119.pdf', '.pdf', 'https://he-contract.oss-cn-guangzhou.aliyuncs.com/2021/11/27/cdd515e4c4364908bd0962e3b1d41a79.pdf', '2021-11-27 23:42:11', 'admin', '2021-11-27 23:42:11', 'admin', 'aliyun');
INSERT INTO `sys_oss` VALUES (39, '2021/11/27/b95122500c91402da7aa15124a278b91.pdf', '1ZSgLBFYWJZT3e6fb9fa762b331cfe3e1308407d3119.pdf', '.pdf', 'https://he-contract.oss-cn-guangzhou.aliyuncs.com/2021/11/27/b95122500c91402da7aa15124a278b91.pdf', '2021-11-27 23:42:36', 'admin', '2021-11-27 23:42:36', 'admin', 'aliyun');
INSERT INTO `sys_oss` VALUES (40, '2021/11/27/2a53e6223ec4473b9357bab9554dc30e.pdf', 'SCI5TXasbuI63e6fb9fa762b331cfe3e1308407d3119.pdf', '.pdf', 'https://he-contract.oss-cn-guangzhou.aliyuncs.com/2021/11/27/2a53e6223ec4473b9357bab9554dc30e.pdf', '2021-11-27 23:54:57', 'admin', '2021-11-27 23:54:57', 'admin', 'aliyun');
INSERT INTO `sys_oss` VALUES (41, '2021/11/27/b7cd6ce19d774113af62eae52199d20d.pdf', 'bSwGTSm6g68b3e6fb9fa762b331cfe3e1308407d3119.pdf', '.pdf', 'https://he-contract.oss-cn-guangzhou.aliyuncs.com/2021/11/27/b7cd6ce19d774113af62eae52199d20d.pdf', '2021-11-27 23:55:40', 'admin', '2021-11-27 23:55:40', 'admin', 'aliyun');
INSERT INTO `sys_oss` VALUES (42, '2021/11/28/19dfb4c6cf154c3898984f073930fcee.pdf', 'jtN2XLsSr5u23e6fb9fa762b331cfe3e1308407d3119.pdf', '.pdf', 'https://he-contract.oss-cn-guangzhou.aliyuncs.com/2021/11/28/19dfb4c6cf154c3898984f073930fcee.pdf', '2021-11-28 00:00:58', 'admin', '2021-11-28 00:00:58', 'admin', 'aliyun');
INSERT INTO `sys_oss` VALUES (43, '2021/11/28/fdc0e30eb5444bd39d69b5930f8968af.pdf', 'hT8q5Cz4dZWw3e6fb9fa762b331cfe3e1308407d3119.pdf', '.pdf', 'https://he-contract.oss-cn-guangzhou.aliyuncs.com/2021/11/28/fdc0e30eb5444bd39d69b5930f8968af.pdf', '2021-11-28 00:04:01', 'admin', '2021-11-28 00:04:01', 'admin', 'aliyun');
INSERT INTO `sys_oss` VALUES (44, '2021/11/28/3d2c3e21da784b69b6d76da65aa4eba0.pdf', 'OFjID9xdAEae3e6fb9fa762b331cfe3e1308407d3119.pdf', '.pdf', 'https://he-contract.oss-cn-guangzhou.aliyuncs.com/2021/11/28/3d2c3e21da784b69b6d76da65aa4eba0.pdf', '2021-11-28 00:05:02', 'admin', '2021-11-28 00:05:02', 'admin', 'aliyun');
INSERT INTO `sys_oss` VALUES (45, '2021/11/28/ad2859ba1f4e4ab6814a859857aa358e.pdf', 'cmwhgpomwOQ33e6fb9fa762b331cfe3e1308407d3119.pdf', '.pdf', 'https://he-contract.oss-cn-guangzhou.aliyuncs.com/2021/11/28/ad2859ba1f4e4ab6814a859857aa358e.pdf', '2021-11-28 00:07:15', 'admin', '2021-11-28 00:07:15', 'admin', 'aliyun');
INSERT INTO `sys_oss` VALUES (46, '2021/11/28/80b9ca6649cc456fbbd34c84001c7f54.pdf', 'XPNFplUVFxgQ3e6fb9fa762b331cfe3e1308407d3119.pdf', '.pdf', 'https://he-contract.oss-cn-guangzhou.aliyuncs.com/2021/11/28/80b9ca6649cc456fbbd34c84001c7f54.pdf', '2021-11-28 00:11:16', 'admin', '2021-11-28 00:11:16', 'admin', 'aliyun');
INSERT INTO `sys_oss` VALUES (47, '2021/12/04/1e40f850609a4d5e98fb5e052dbb1cd4.docx', '劳动合同（word范本）.docx', '.docx', 'https://he-contract.oss-cn-guangzhou.aliyuncs.com/2021/12/04/1e40f850609a4d5e98fb5e052dbb1cd4.docx', '2021-12-04 16:41:57', 'admin', '2021-12-04 16:41:57', 'admin', 'aliyun');
INSERT INTO `sys_oss` VALUES (48, '2021/12/04/a397280ad53b4bccafa4f429cd777d71.docx', '大学生单位实习劳动合同.docx', '.docx', 'https://he-contract.oss-cn-guangzhou.aliyuncs.com/2021/12/04/a397280ad53b4bccafa4f429cd777d71.docx', '2021-12-04 16:42:35', 'admin', '2021-12-04 16:42:35', 'admin', 'aliyun');
INSERT INTO `sys_oss` VALUES (49, '2021/12/04/382c25e5b1ce4b569f46a54bd8b885c6.pdf', '大学生单位实习劳动合同.pdf', '.pdf', 'https://he-contract.oss-cn-guangzhou.aliyuncs.com/2021/12/04/382c25e5b1ce4b569f46a54bd8b885c6.pdf', '2021-12-04 17:38:27', 'admin', '2021-12-04 17:38:27', 'admin', 'aliyun');
INSERT INTO `sys_oss` VALUES (50, '2021/12/04/831970a4691d4cab8e577f5586f9bffe.pdf', '公司股份合作协议书范本.pdf', '.pdf', 'https://he-contract.oss-cn-guangzhou.aliyuncs.com/2021/12/04/831970a4691d4cab8e577f5586f9bffe.pdf', '2021-12-04 17:38:56', 'admin', '2021-12-04 17:38:56', 'admin', 'aliyun');
INSERT INTO `sys_oss` VALUES (51, '2021/12/04/1fcd9d47a33f4a748ff6c30dd3709ec2.doc', '技术开发合同模板.doc', '.doc', 'https://he-contract.oss-cn-guangzhou.aliyuncs.com/2021/12/04/1fcd9d47a33f4a748ff6c30dd3709ec2.doc', '2021-12-04 17:39:35', 'admin', '2021-12-04 17:39:35', 'admin', 'aliyun');
INSERT INTO `sys_oss` VALUES (53, '2021/12/04/cff872193129453eb7b40398f1d953db.pdf', 'Xa5i7ptwvNTM8eabd58a17c8c5eb3045a970ad6b4562.pdf', '.pdf', 'https://he-contract.oss-cn-guangzhou.aliyuncs.com/2021/12/04/cff872193129453eb7b40398f1d953db.pdf', '2021-12-04 17:56:39', 'admin', '2021-12-04 17:56:39', 'admin', 'aliyun');
INSERT INTO `sys_oss` VALUES (54, '2021/12/04/4d9f59ba0b8541148e97845fc208cf83.pdf', 'Dmgj18H1dbAl18a8737fa1f6bf6048063375f8f606bc.pdf', '.pdf', 'https://he-contract.oss-cn-guangzhou.aliyuncs.com/2021/12/04/4d9f59ba0b8541148e97845fc208cf83.pdf', '2021-12-04 17:59:14', 'admin', '2021-12-04 17:59:14', 'admin', 'aliyun');
INSERT INTO `sys_oss` VALUES (55, '2021/12/04/0b80b8aabefe4852a07c6b1e359d1d38.pdf', 'x4lCmlpvAGVv18a8737fa1f6bf6048063375f8f606bc.pdf', '.pdf', 'https://he-contract.oss-cn-guangzhou.aliyuncs.com/2021/12/04/0b80b8aabefe4852a07c6b1e359d1d38.pdf', '2021-12-04 18:06:55', 'admin', '2021-12-04 18:06:55', 'admin', 'aliyun');
INSERT INTO `sys_oss` VALUES (56, '2021/12/04/4dcc9d7b332449c88fa5eab051beba58.doc', '技术服务合同模板.doc', '.doc', 'https://he-contract.oss-cn-guangzhou.aliyuncs.com/2021/12/04/4dcc9d7b332449c88fa5eab051beba58.doc', '2021-12-04 18:12:10', 'admin', '2021-12-04 18:12:10', 'admin', 'aliyun');
INSERT INTO `sys_oss` VALUES (57, '2021/12/04/24b3d628378a4af88350a7e6c54f0306.png', '张三之印.png', '.png', 'https://he-contract.oss-cn-guangzhou.aliyuncs.com/2021/12/04/24b3d628378a4af88350a7e6c54f0306.png', '2021-12-04 18:14:38', 'admin', '2021-12-04 18:14:38', 'admin', 'aliyun');

-- ----------------------------
-- Table structure for sys_oss_config
-- ----------------------------
DROP TABLE IF EXISTS `sys_oss_config`;
CREATE TABLE `sys_oss_config`  (
  `oss_config_id` bigint NOT NULL AUTO_INCREMENT COMMENT '主建',
  `config_key` varchar(255) CHARACTER SET utf8 COLLATE utf8_general_ci NOT NULL DEFAULT '' COMMENT '配置key',
  `access_key` varchar(255) CHARACTER SET utf8 COLLATE utf8_general_ci NULL DEFAULT '' COMMENT 'accessKey',
  `secret_key` varchar(255) CHARACTER SET utf8 COLLATE utf8_general_ci NULL DEFAULT '' COMMENT '秘钥',
  `bucket_name` varchar(255) CHARACTER SET utf8 COLLATE utf8_general_ci NULL DEFAULT '' COMMENT '桶名称',
  `prefix` varchar(255) CHARACTER SET utf8 COLLATE utf8_general_ci NULL DEFAULT '' COMMENT '前缀',
  `endpoint` varchar(255) CHARACTER SET utf8 COLLATE utf8_general_ci NULL DEFAULT '' COMMENT '访问站点',
  `is_https` char(1) CHARACTER SET utf8 COLLATE utf8_general_ci NULL DEFAULT 'N' COMMENT '是否https（Y=是,N=否）',
  `region` varchar(255) CHARACTER SET utf8 COLLATE utf8_general_ci NULL DEFAULT '' COMMENT '域',
  `status` char(1) CHARACTER SET utf8 COLLATE utf8_general_ci NULL DEFAULT '1' COMMENT '状态（0=正常,1=停用）',
  `ext1` varchar(255) CHARACTER SET utf8 COLLATE utf8_general_ci NULL DEFAULT '' COMMENT '扩展字段',
  `create_by` varchar(64) CHARACTER SET utf8 COLLATE utf8_general_ci NULL DEFAULT '' COMMENT '创建者',
  `create_time` datetime NULL DEFAULT NULL COMMENT '创建时间',
  `update_by` varchar(64) CHARACTER SET utf8 COLLATE utf8_general_ci NULL DEFAULT '' COMMENT '更新者',
  `update_time` datetime NULL DEFAULT NULL COMMENT '更新时间',
  `remark` varchar(500) CHARACTER SET utf8 COLLATE utf8_general_ci NULL DEFAULT NULL COMMENT '备注',
  PRIMARY KEY (`oss_config_id`) USING BTREE
) ENGINE = InnoDB AUTO_INCREMENT = 4 CHARACTER SET = utf8 COLLATE = utf8_general_ci COMMENT = '对象存储配置表' ROW_FORMAT = Dynamic;

-- ----------------------------
-- Records of sys_oss_config
-- ----------------------------
INSERT INTO `sys_oss_config` VALUES (1, 'minio', 'ruoyi', 'ruoyi123', 'ruoyi', '', 'http://localhost:9000', 'N', '', '1', '', 'admin', '2021-10-01 19:33:54', 'admin', '2021-10-12 14:55:37', NULL);
INSERT INTO `sys_oss_config` VALUES (2, 'qiniu', 'XXXXXXXXXXXXXXX', 'XXXXXXXXXXXXXXX', 'ruoyi', '', 'http://XXX.XXXX.com', 'N', 'z0', '1', '', 'admin', '2021-10-01 19:33:54', 'admin', '2021-10-01 19:33:54', NULL);
INSERT INTO `sys_oss_config` VALUES (3, 'aliyun', 'XXXXXXXXXXXXXXX', 'XXXXXXXXXXXXXXX', 'he-contract', '', 'https://oss-cn-guangzhou.aliyuncs.com', 'Y', '', '0', '', 'admin', '2021-10-01 19:33:54', 'admin', '2021-10-12 15:21:09', NULL);
INSERT INTO `sys_oss_config` VALUES (4, 'qcloud', 'XXXXXXXXXXXXXXX', 'XXXXXXXXXXXXXXX', 'ruoyi-1250000000', '', 'http://cos.ap-beijing.myqcloud.com', 'N', 'ap-beijing', '1', '', 'admin', '2021-10-01 19:33:54', 'admin', '2021-10-01 19:33:54', NULL);

-- ----------------------------
-- Table structure for sys_post
-- ----------------------------
DROP TABLE IF EXISTS `sys_post`;
CREATE TABLE `sys_post`  (
  `post_id` bigint NOT NULL AUTO_INCREMENT COMMENT '岗位ID',
  `post_code` varchar(64) CHARACTER SET utf8 COLLATE utf8_general_ci NOT NULL COMMENT '岗位编码',
  `post_name` varchar(50) CHARACTER SET utf8 COLLATE utf8_general_ci NOT NULL COMMENT '岗位名称',
  `post_sort` int NOT NULL COMMENT '显示顺序',
  `status` char(1) CHARACTER SET utf8 COLLATE utf8_general_ci NOT NULL COMMENT '状态（0正常 1停用）',
  `create_by` varchar(64) CHARACTER SET utf8 COLLATE utf8_general_ci NULL DEFAULT '' COMMENT '创建者',
  `create_time` datetime NULL DEFAULT NULL COMMENT '创建时间',
  `update_by` varchar(64) CHARACTER SET utf8 COLLATE utf8_general_ci NULL DEFAULT '' COMMENT '更新者',
  `update_time` datetime NULL DEFAULT NULL COMMENT '更新时间',
  `remark` varchar(500) CHARACTER SET utf8 COLLATE utf8_general_ci NULL DEFAULT NULL COMMENT '备注',
  PRIMARY KEY (`post_id`) USING BTREE
) ENGINE = InnoDB AUTO_INCREMENT = 5 CHARACTER SET = utf8 COLLATE = utf8_general_ci COMMENT = '岗位信息表' ROW_FORMAT = Dynamic;

-- ----------------------------
-- Records of sys_post
-- ----------------------------
INSERT INTO `sys_post` VALUES (1, 'ceo', '董事长', 1, '0', 'admin', '2021-09-29 19:01:48', '', NULL, '');
INSERT INTO `sys_post` VALUES (2, 'se', '项目经理', 2, '0', 'admin', '2021-09-29 19:01:48', '', NULL, '');
INSERT INTO `sys_post` VALUES (3, 'hr', '人力资源', 3, '0', 'admin', '2021-09-29 19:01:48', '', NULL, '');
INSERT INTO `sys_post` VALUES (4, 'user', '普通员工', 4, '0', 'admin', '2021-09-29 19:01:48', '', NULL, '');
INSERT INTO `sys_post` VALUES (5, 'ad', '行政管理', 5, '0', 'admin', '2022-02-26 15:43:58', 'admin', '2022-02-26 15:43:58', NULL);

-- ----------------------------
-- Table structure for sys_role
-- ----------------------------
DROP TABLE IF EXISTS `sys_role`;
CREATE TABLE `sys_role`  (
  `role_id` bigint NOT NULL AUTO_INCREMENT COMMENT '角色ID',
  `role_name` varchar(30) CHARACTER SET utf8 COLLATE utf8_general_ci NOT NULL COMMENT '角色名称',
  `role_key` varchar(100) CHARACTER SET utf8 COLLATE utf8_general_ci NOT NULL COMMENT '角色权限字符串',
  `role_sort` int NOT NULL COMMENT '显示顺序',
  `data_scope` char(1) CHARACTER SET utf8 COLLATE utf8_general_ci NULL DEFAULT '1' COMMENT '数据范围（1：全部数据权限 2：自定数据权限 3：本部门数据权限 4：本部门及以下数据权限）',
  `menu_check_strictly` tinyint(1) NULL DEFAULT 1 COMMENT '菜单树选择项是否关联显示',
  `dept_check_strictly` tinyint(1) NULL DEFAULT 1 COMMENT '部门树选择项是否关联显示',
  `status` char(1) CHARACTER SET utf8 COLLATE utf8_general_ci NOT NULL COMMENT '角色状态（0正常 1停用）',
  `del_flag` char(1) CHARACTER SET utf8 COLLATE utf8_general_ci NULL DEFAULT '0' COMMENT '删除标志（0代表存在 2代表删除）',
  `create_by` varchar(64) CHARACTER SET utf8 COLLATE utf8_general_ci NULL DEFAULT '' COMMENT '创建者',
  `create_time` datetime NULL DEFAULT NULL COMMENT '创建时间',
  `update_by` varchar(64) CHARACTER SET utf8 COLLATE utf8_general_ci NULL DEFAULT '' COMMENT '更新者',
  `update_time` datetime NULL DEFAULT NULL COMMENT '更新时间',
  `remark` varchar(500) CHARACTER SET utf8 COLLATE utf8_general_ci NULL DEFAULT NULL COMMENT '备注',
  PRIMARY KEY (`role_id`) USING BTREE
) ENGINE = InnoDB AUTO_INCREMENT = 100 CHARACTER SET = utf8 COLLATE = utf8_general_ci COMMENT = '角色信息表' ROW_FORMAT = Dynamic;

-- ----------------------------
-- Records of sys_role
-- ----------------------------
INSERT INTO `sys_role` VALUES (1, '超级管理员', 'admin', 1, '1', 1, 1, '0', '0', 'admin', '2021-09-29 19:01:48', '', NULL, '超级管理员');
INSERT INTO `sys_role` VALUES (2, '普通角色', 'common', 2, '2', 0, 0, '0', '0', 'admin', '2021-09-29 19:01:48', 'admin', '2021-10-18 16:46:24', '普通角色');
INSERT INTO `sys_role` VALUES (100, '审核', 'audit', 3, '1', 1, 1, '0', '0', 'admin', '2022-02-26 15:42:26', 'admin', '2022-02-26 17:12:45', NULL);

-- ----------------------------
-- Table structure for sys_role_dept
-- ----------------------------
DROP TABLE IF EXISTS `sys_role_dept`;
CREATE TABLE `sys_role_dept`  (
  `role_id` bigint NOT NULL COMMENT '角色ID',
  `dept_id` bigint NOT NULL COMMENT '部门ID',
  PRIMARY KEY (`role_id`, `dept_id`) USING BTREE
) ENGINE = InnoDB CHARACTER SET = utf8 COLLATE = utf8_general_ci COMMENT = '角色和部门关联表' ROW_FORMAT = Dynamic;

-- ----------------------------
-- Records of sys_role_dept
-- ----------------------------
INSERT INTO `sys_role_dept` VALUES (2, 100);
INSERT INTO `sys_role_dept` VALUES (2, 101);
INSERT INTO `sys_role_dept` VALUES (2, 105);

-- ----------------------------
-- Table structure for sys_role_menu
-- ----------------------------
DROP TABLE IF EXISTS `sys_role_menu`;
CREATE TABLE `sys_role_menu`  (
  `role_id` bigint NOT NULL COMMENT '角色ID',
  `menu_id` bigint NOT NULL COMMENT '菜单ID',
  PRIMARY KEY (`role_id`, `menu_id`) USING BTREE
) ENGINE = InnoDB CHARACTER SET = utf8 COLLATE = utf8_general_ci COMMENT = '角色和菜单关联表' ROW_FORMAT = Dynamic;

-- ----------------------------
-- Records of sys_role_menu
-- ----------------------------
INSERT INTO `sys_role_menu` VALUES (2, 1);
INSERT INTO `sys_role_menu` VALUES (2, 2);
INSERT INTO `sys_role_menu` VALUES (2, 3);
INSERT INTO `sys_role_menu` VALUES (2, 4);
INSERT INTO `sys_role_menu` VALUES (2, 100);
INSERT INTO `sys_role_menu` VALUES (2, 101);
INSERT INTO `sys_role_menu` VALUES (2, 102);
INSERT INTO `sys_role_menu` VALUES (2, 103);
INSERT INTO `sys_role_menu` VALUES (2, 104);
INSERT INTO `sys_role_menu` VALUES (2, 105);
INSERT INTO `sys_role_menu` VALUES (2, 106);
INSERT INTO `sys_role_menu` VALUES (2, 107);
INSERT INTO `sys_role_menu` VALUES (2, 108);
INSERT INTO `sys_role_menu` VALUES (2, 109);
INSERT INTO `sys_role_menu` VALUES (2, 110);
INSERT INTO `sys_role_menu` VALUES (2, 111);
INSERT INTO `sys_role_menu` VALUES (2, 112);
INSERT INTO `sys_role_menu` VALUES (2, 113);
INSERT INTO `sys_role_menu` VALUES (2, 114);
INSERT INTO `sys_role_menu` VALUES (2, 115);
INSERT INTO `sys_role_menu` VALUES (2, 116);
INSERT INTO `sys_role_menu` VALUES (2, 500);
INSERT INTO `sys_role_menu` VALUES (2, 501);
INSERT INTO `sys_role_menu` VALUES (2, 1000);
INSERT INTO `sys_role_menu` VALUES (2, 1001);
INSERT INTO `sys_role_menu` VALUES (2, 1002);
INSERT INTO `sys_role_menu` VALUES (2, 1003);
INSERT INTO `sys_role_menu` VALUES (2, 1004);
INSERT INTO `sys_role_menu` VALUES (2, 1005);
INSERT INTO `sys_role_menu` VALUES (2, 1006);
INSERT INTO `sys_role_menu` VALUES (2, 1007);
INSERT INTO `sys_role_menu` VALUES (2, 1008);
INSERT INTO `sys_role_menu` VALUES (2, 1009);
INSERT INTO `sys_role_menu` VALUES (2, 1010);
INSERT INTO `sys_role_menu` VALUES (2, 1011);
INSERT INTO `sys_role_menu` VALUES (2, 1012);
INSERT INTO `sys_role_menu` VALUES (2, 1013);
INSERT INTO `sys_role_menu` VALUES (2, 1014);
INSERT INTO `sys_role_menu` VALUES (2, 1015);
INSERT INTO `sys_role_menu` VALUES (2, 1016);
INSERT INTO `sys_role_menu` VALUES (2, 1017);
INSERT INTO `sys_role_menu` VALUES (2, 1018);
INSERT INTO `sys_role_menu` VALUES (2, 1019);
INSERT INTO `sys_role_menu` VALUES (2, 1020);
INSERT INTO `sys_role_menu` VALUES (2, 1021);
INSERT INTO `sys_role_menu` VALUES (2, 1022);
INSERT INTO `sys_role_menu` VALUES (2, 1023);
INSERT INTO `sys_role_menu` VALUES (2, 1024);
INSERT INTO `sys_role_menu` VALUES (2, 1025);
INSERT INTO `sys_role_menu` VALUES (2, 1026);
INSERT INTO `sys_role_menu` VALUES (2, 1027);
INSERT INTO `sys_role_menu` VALUES (2, 1028);
INSERT INTO `sys_role_menu` VALUES (2, 1029);
INSERT INTO `sys_role_menu` VALUES (2, 1030);
INSERT INTO `sys_role_menu` VALUES (2, 1031);
INSERT INTO `sys_role_menu` VALUES (2, 1032);
INSERT INTO `sys_role_menu` VALUES (2, 1033);
INSERT INTO `sys_role_menu` VALUES (2, 1034);
INSERT INTO `sys_role_menu` VALUES (2, 1035);
INSERT INTO `sys_role_menu` VALUES (2, 1036);
INSERT INTO `sys_role_menu` VALUES (2, 1037);
INSERT INTO `sys_role_menu` VALUES (2, 1038);
INSERT INTO `sys_role_menu` VALUES (2, 1039);
INSERT INTO `sys_role_menu` VALUES (2, 1040);
INSERT INTO `sys_role_menu` VALUES (2, 1041);
INSERT INTO `sys_role_menu` VALUES (2, 1042);
INSERT INTO `sys_role_menu` VALUES (2, 1043);
INSERT INTO `sys_role_menu` VALUES (2, 1044);
INSERT INTO `sys_role_menu` VALUES (2, 1045);
INSERT INTO `sys_role_menu` VALUES (2, 1046);
INSERT INTO `sys_role_menu` VALUES (2, 1047);
INSERT INTO `sys_role_menu` VALUES (2, 1048);
INSERT INTO `sys_role_menu` VALUES (2, 1049);
INSERT INTO `sys_role_menu` VALUES (2, 1050);
INSERT INTO `sys_role_menu` VALUES (2, 1051);
INSERT INTO `sys_role_menu` VALUES (2, 1052);
INSERT INTO `sys_role_menu` VALUES (2, 1053);
INSERT INTO `sys_role_menu` VALUES (2, 1054);
INSERT INTO `sys_role_menu` VALUES (2, 1055);
INSERT INTO `sys_role_menu` VALUES (2, 1056);
INSERT INTO `sys_role_menu` VALUES (2, 1057);
INSERT INTO `sys_role_menu` VALUES (2, 1058);
INSERT INTO `sys_role_menu` VALUES (2, 1059);
INSERT INTO `sys_role_menu` VALUES (2, 1060);
INSERT INTO `sys_role_menu` VALUES (100, 1);
INSERT INTO `sys_role_menu` VALUES (100, 2132);
INSERT INTO `sys_role_menu` VALUES (100, 2133);
INSERT INTO `sys_role_menu` VALUES (100, 2134);
INSERT INTO `sys_role_menu` VALUES (100, 2135);
INSERT INTO `sys_role_menu` VALUES (100, 2136);
INSERT INTO `sys_role_menu` VALUES (100, 2137);
INSERT INTO `sys_role_menu` VALUES (100, 2138);
INSERT INTO `sys_role_menu` VALUES (100, 2139);
INSERT INTO `sys_role_menu` VALUES (100, 2140);
INSERT INTO `sys_role_menu` VALUES (100, 2141);
INSERT INTO `sys_role_menu` VALUES (100, 2142);
INSERT INTO `sys_role_menu` VALUES (100, 2143);
INSERT INTO `sys_role_menu` VALUES (100, 2144);
INSERT INTO `sys_role_menu` VALUES (100, 2145);
INSERT INTO `sys_role_menu` VALUES (100, 2146);
INSERT INTO `sys_role_menu` VALUES (100, 2147);
INSERT INTO `sys_role_menu` VALUES (100, 2148);
INSERT INTO `sys_role_menu` VALUES (100, 2149);
INSERT INTO `sys_role_menu` VALUES (100, 2150);
INSERT INTO `sys_role_menu` VALUES (100, 2151);

-- ----------------------------
-- Table structure for sys_user
-- ----------------------------
DROP TABLE IF EXISTS `sys_user`;
CREATE TABLE `sys_user`  (
  `user_id` bigint NOT NULL AUTO_INCREMENT COMMENT '用户ID',
  `dept_id` bigint NULL DEFAULT NULL COMMENT '部门ID',
  `user_name` varchar(30) CHARACTER SET utf8 COLLATE utf8_general_ci NOT NULL COMMENT '用户账号',
  `nick_name` varchar(30) CHARACTER SET utf8 COLLATE utf8_general_ci NOT NULL COMMENT '用户昵称',
  `user_type` varchar(2) CHARACTER SET utf8 COLLATE utf8_general_ci NULL DEFAULT '00' COMMENT '用户类型（00系统用户）',
  `email` varchar(50) CHARACTER SET utf8 COLLATE utf8_general_ci NULL DEFAULT '' COMMENT '用户邮箱',
  `phonenumber` varchar(11) CHARACTER SET utf8 COLLATE utf8_general_ci NULL DEFAULT '' COMMENT '手机号码',
  `sex` char(1) CHARACTER SET utf8 COLLATE utf8_general_ci NULL DEFAULT '0' COMMENT '用户性别（0男 1女 2未知）',
  `avatar` varchar(100) CHARACTER SET utf8 COLLATE utf8_general_ci NULL DEFAULT '' COMMENT '头像地址',
  `password` varchar(100) CHARACTER SET utf8 COLLATE utf8_general_ci NULL DEFAULT '' COMMENT '密码',
  `status` char(1) CHARACTER SET utf8 COLLATE utf8_general_ci NULL DEFAULT '0' COMMENT '帐号状态（0正常 1停用）',
  `del_flag` char(1) CHARACTER SET utf8 COLLATE utf8_general_ci NULL DEFAULT '0' COMMENT '删除标志（0代表存在 2代表删除）',
  `login_ip` varchar(128) CHARACTER SET utf8 COLLATE utf8_general_ci NULL DEFAULT '' COMMENT '最后登录IP',
  `login_date` datetime NULL DEFAULT NULL COMMENT '最后登录时间',
  `create_by` varchar(64) CHARACTER SET utf8 COLLATE utf8_general_ci NULL DEFAULT '' COMMENT '创建者',
  `create_time` datetime NULL DEFAULT NULL COMMENT '创建时间',
  `update_by` varchar(64) CHARACTER SET utf8 COLLATE utf8_general_ci NULL DEFAULT '' COMMENT '更新者',
  `update_time` datetime NULL DEFAULT NULL COMMENT '更新时间',
  `remark` varchar(500) CHARACTER SET utf8 COLLATE utf8_general_ci NULL DEFAULT NULL COMMENT '备注',
  PRIMARY KEY (`user_id`) USING BTREE
) ENGINE = InnoDB AUTO_INCREMENT = 103 CHARACTER SET = utf8 COLLATE = utf8_general_ci COMMENT = '用户信息表' ROW_FORMAT = Dynamic;

-- ----------------------------
-- Records of sys_user
-- ----------------------------
INSERT INTO `sys_user` VALUES (1, 103, 'admin', '若依', '00', 'ry@163.com', '15888888888', '1', '', '$2a$10$7JB720yubVSZvUI0rEqK/.VqGOZTH.ulu33dHOiBE8ByOhJIrdAu2', '0', '0', '127.0.0.1', '2022-04-19 23:04:26', 'admin', '2021-09-29 19:01:48', NULL, '2022-04-19 23:04:26', '管理员');
INSERT INTO `sys_user` VALUES (2, 200, 'ry', '若依', '00', 'ry@qq.com', '15666666666', '1', '', '$2a$10$7JB720yubVSZvUI0rEqK/.VqGOZTH.ulu33dHOiBE8ByOhJIrdAu2', '0', '0', '127.0.0.1', '2022-04-19 23:08:43', 'admin', '2021-09-29 19:01:48', NULL, '2022-04-19 23:08:43', '合同审核');
INSERT INTO `sys_user` VALUES (100, NULL, 'qwerr', 'qwerr', '00', '', '', '0', '', '$2a$10$Bn68Avj9QTemez/wgwa7nuFD.0JCP/kXfl7jhqoHE.QVM8rzTeciW', '0', '0', '', NULL, NULL, '2021-11-10 16:18:03', NULL, '2021-11-10 16:18:03', NULL);
INSERT INTO `sys_user` VALUES (101, NULL, 'qqqwer', 'qqqwer', '00', '', '', '0', '', '$2a$10$aaB/OBwKA2JYoCr92hvz7.7NJD7p5JYbV/aE2bv8.WE1UPaa2VYLu', '0', '0', '0:0:0:0:0:0:0:1', '2021-11-10 21:02:07', NULL, '2021-11-10 16:57:39', NULL, '2021-11-10 21:02:07', NULL);
INSERT INTO `sys_user` VALUES (102, NULL, 'qq', 'qwd', '00', '', '13333333333', '1', '', '$2a$10$vrye8WQt/dbEvSjEHd9zcOKiqiRzFFipcdlSoyKSfIObTiIYRvezm', '0', '0', '', NULL, 'admin', '2021-12-04 16:48:23', 'admin', '2021-12-04 16:48:32', NULL);
INSERT INTO `sys_user` VALUES (103, NULL, 'qqwer', 'qqwer', '00', '1024528676@qq.com', '13333333222', '0', '', '$2a$10$.Q0GPka4PCw1/vjGF9Ur8u.aCj2WFkwdu01388kjwYZsr8G8m9lwm', '0', '0', '', NULL, 'admin', '2021-12-04 18:08:57', 'admin', '2021-12-04 18:09:31', NULL);

-- ----------------------------
-- Table structure for sys_user_post
-- ----------------------------
DROP TABLE IF EXISTS `sys_user_post`;
CREATE TABLE `sys_user_post`  (
  `user_id` bigint NOT NULL COMMENT '用户ID',
  `post_id` bigint NOT NULL COMMENT '岗位ID',
  PRIMARY KEY (`user_id`, `post_id`) USING BTREE
) ENGINE = InnoDB CHARACTER SET = utf8 COLLATE = utf8_general_ci COMMENT = '用户与岗位关联表' ROW_FORMAT = Dynamic;

-- ----------------------------
-- Records of sys_user_post
-- ----------------------------
INSERT INTO `sys_user_post` VALUES (1, 1);
INSERT INTO `sys_user_post` VALUES (2, 5);
INSERT INTO `sys_user_post` VALUES (103, 4);

-- ----------------------------
-- Table structure for sys_user_role
-- ----------------------------
DROP TABLE IF EXISTS `sys_user_role`;
CREATE TABLE `sys_user_role`  (
  `user_id` bigint NOT NULL COMMENT '用户ID',
  `role_id` bigint NOT NULL COMMENT '角色ID',
  PRIMARY KEY (`user_id`, `role_id`) USING BTREE
) ENGINE = InnoDB CHARACTER SET = utf8 COLLATE = utf8_general_ci COMMENT = '用户和角色关联表' ROW_FORMAT = Dynamic;

-- ----------------------------
-- Records of sys_user_role
-- ----------------------------
INSERT INTO `sys_user_role` VALUES (1, 1);
INSERT INTO `sys_user_role` VALUES (2, 100);
INSERT INTO `sys_user_role` VALUES (103, 2);

SET FOREIGN_KEY_CHECKS = 1;
